sales_key,transaction_id,transaction_item_id,customer_key,product_key,date_key,campaign_key,quantity,unit_price,sales_amount
40064,1226,3637,5724,5013,20241117,5716,2,4568577.1,9137154.2
40065,657,1965,5013,5013,20230109,5005,3,4568577.1,13705731.3
40066,455,1323,5212,5013,20240805,5292,1,4568577.1,4568577.1
40067,882,2639,5928,5013,20231121,5163,1,4568577.1,4568577.1
40068,999,2971,5887,5013,20240704,5276,1,4568577.1,4568577.1
40069,1534,4505,5598,5015,20230903,5123,2,3523148.68,7046297.36
40070,700,2103,5093,5015,20241009,5696,1,3523148.68,3523148.68
40071,1941,5723,5975,5015,20240802,5290,2,3523148.68,7046297.36
40072,1779,5237,5642,5015,20231205,5170,3,3523148.68,10569446.04
40073,1074,3183,5472,5015,20230227,5029,1,3523148.68,3523148.68
40074,1292,3812,5828,5015,20230403,5047,4,3523148.68,14092594.72
40075,242,680,5954,5015,20231129,5167,2,3523148.68,7046297.36
40076,1783,5245,5374,5030,20240131,5198,4,1810873.66,7243494.64
40077,522,1529,5698,5030,20240411,5234,3,1810873.66,5432620.98
40078,610,1825,5948,5030,20231029,5151,2,1810873.66,3621747.32
40079,785,2344,5959,5030,20240916,5313,4,1810873.66,7243494.64
40080,1569,4604,5017,5032,20240905,5307,1,3063622.33,3063622.33
40081,1854,5470,5271,5032,20230726,5104,3,3063622.33,9190866.99
40082,1730,5068,5937,5032,20240122,5194,1,3063622.33,3063622.33
40083,470,1366,5272,5032,20230201,5016,2,3063622.33,6127244.66
40084,1692,4962,5115,5032,20231018,5146,1,3063622.33,3063622.33
40085,1243,3684,5542,5032,20240322,5224,3,3063622.33,9190866.99
40086,775,2325,5145,5047,20230429,5060,2,4231209.19,8462418.38
40087,345,982,5492,5047,20240918,5314,1,4231209.19,4231209.19
40088,1892,5579,5522,5047,20240119,5192,2,4231209.19,8462418.38
40089,1927,5679,5564,5047,20240704,5276,3,4231209.19,12693627.57
40090,1591,4668,5991,5047,20241221,5733,1,4231209.19,4231209.19
40091,137,376,5187,5047,20241128,5721,5,4231209.19,21156045.95
40092,1800,5307,5330,5049,20230730,5106,1,634599.77,634599.77
40093,1529,4491,5524,5049,20241231,5738,2,634599.77,1269199.54
40094,306,877,5724,5049,20240125,5195,4,634599.77,2538399.08
40095,900,2700,5976,5049,20240914,5312,3,634599.77,1903799.31
40096,1585,4651,5774,5049,20230815,5114,2,634599.77,1269199.54
40097,1838,5415,5920,5064,20241231,5738,2,2203631.44,4407262.88
40098,400,1163,5639,5064,20240401,5229,5,2203631.44,11018157.2
40099,1044,3103,5636,5064,20231107,5156,5,2203631.44,11018157.2
40100,1733,5081,5343,5064,20230328,5044,1,2203631.44,2203631.44
40101,655,1959,5539,5066,20241124,5719,5,3037234.71,15186173.55
40102,1563,4582,5623,5066,20240318,5222,4,3037234.71,12148938.84
40103,1041,3094,5886,5066,20241125,5720,1,3037234.71,3037234.71
40104,1924,5667,5778,5066,20240508,5247,1,3037234.71,3037234.71
40105,867,2595,5912,5066,20231108,5156,3,3037234.71,9111704.13
40106,46,134,5568,5066,20240104,5185,5,3037234.71,15186173.55
40107,1704,4994,5811,5081,20230528,5074,3,2491877.66,7475632.98
40108,440,1276,5392,5081,20241009,5696,2,2491877.66,4983755.32
40109,1912,5641,5460,5081,20240716,5282,3,2491877.66,7475632.98
40110,1789,5268,5980,5081,20230128,5014,2,2491877.66,4983755.32
40111,211,589,5717,5081,20240102,5184,1,2491877.66,2491877.66
40112,1406,4118,5730,5083,20230930,5137,3,4833766.29,14501298.87
40113,1906,5623,5642,5098,20230707,5094,5,1975579.53,9877897.65
40114,1325,3889,5376,5098,20230625,5088,3,1975579.53,5926738.59
40115,1110,3294,5718,5098,20230120,5010,1,1975579.53,1975579.53
40116,72,200,5188,5098,20230408,5049,5,1975579.53,9877897.65
40117,1007,2997,5365,5098,20231118,5161,1,1975579.53,1975579.53
40118,1726,5055,5115,5098,20230207,5019,5,1975579.53,9877897.65
40119,535,1578,5073,5098,20240723,5285,5,1975579.53,9877897.65
40120,543,1603,5804,5098,20240321,5223,5,1975579.53,9877897.65
40121,882,2637,5928,5098,20231121,5163,2,1975579.53,3951159.06
40122,1068,3173,5047,5100,20230129,5015,1,3777276.21,3777276.21
40123,217,603,5153,5100,20240329,5227,1,3777276.21,3777276.21
40124,244,690,5655,5100,20230408,5049,1,3777276.21,3777276.21
40125,886,2647,5199,5100,20240526,5256,2,3777276.21,7554552.42
40126,654,1956,5233,5100,20230719,5100,2,3777276.21,7554552.42
40127,962,2873,6000,5100,20230616,5084,1,3777276.21,3777276.21
40128,1376,4029,5529,5100,20240301,5213,1,3777276.21,3777276.21
40129,1760,5165,5373,5100,20230821,5117,4,3777276.21,15109104.84
40130,1362,3985,5240,5113,20230716,5099,3,3985806.52,11957419.56
40131,358,1022,5958,5113,20230729,5105,1,3985806.52,3985806.52
40132,1115,3308,5186,5113,20240921,5315,2,3985806.52,7971613.04
40133,160,441,5822,5113,20241022,5703,1,3985806.52,3985806.52
40134,1457,4262,5116,5115,20230911,5127,5,4835682.77,24178413.85
40135,771,2313,5045,5115,20240923,5316,4,4835682.77,19342731.08
40136,1161,3453,5478,5115,20241118,5716,3,4835682.77,14507048.31
40137,636,1896,5948,5115,20230429,5060,2,4835682.77,9671365.54
40138,722,2158,5176,5115,20240816,5297,2,4835682.77,9671365.54
40139,643,1917,5692,5115,20240404,5230,3,4835682.77,14507048.31
40140,920,2754,5772,5115,20230309,5034,2,4835682.77,9671365.54
40141,1802,5313,5190,5115,20240910,5310,2,4835682.77,9671365.54
40142,1206,3578,5972,5130,20230818,5115,1,2735903.36,2735903.36
40143,1264,3737,5510,5130,20231203,5169,2,2735903.36,5471806.72
40144,486,1417,5785,5130,20231202,5168,1,2735903.36,2735903.36
40145,1615,4741,5006,5130,20240404,5230,2,2735903.36,5471806.72
40146,644,1922,5697,5130,20231120,5162,2,2735903.36,5471806.72
40147,1680,4926,5447,5130,20230104,5002,3,2735903.36,8207710.08
40148,803,2408,5197,5130,20230816,5114,1,2735903.36,2735903.36
40149,805,2411,5046,5130,20230106,5003,3,2735903.36,8207710.08
40150,564,1675,5092,5130,20240321,5223,5,2735903.36,13679516.8
40151,1857,5477,5838,5130,20230115,5008,1,2735903.36,2735903.36
40152,1923,5663,5837,5130,20240319,5222,1,2735903.36,2735903.36
40153,862,2578,5590,5132,20231210,5172,1,4787113.61,4787113.61
40154,622,1852,5955,5132,20230425,5058,3,4787113.61,14361340.83
40155,776,2328,5604,5132,20230829,5121,5,4787113.61,23935568.05
40156,162,445,5254,5014,20241206,5725,1,1316265.62,1316265.62
40157,1928,5684,5277,5014,20230629,5090,1,1316265.62,1316265.62
40158,1663,4883,5615,5014,20240425,5241,2,1316265.62,2632531.24
40159,829,2484,5138,5014,20241121,5718,1,1316265.62,1316265.62
40160,349,993,5914,5014,20230323,5041,3,1316265.62,3948796.86
40161,1497,4409,5885,5016,20240404,5230,5,4981861.91,24909309.55
40162,1850,5451,5287,5016,20241109,5712,3,4981861.91,14945585.73
40163,905,2715,5976,5016,20240608,5263,1,4981861.91,4981861.91
40164,259,737,5446,5016,20240531,5259,1,4981861.91,4981861.91
40165,360,1030,5885,5016,20241205,5725,4,4981861.91,19927447.64
40166,484,1413,5174,5016,20230714,5098,2,4981861.91,9963723.82
40167,1495,4398,5649,5031,20230522,5071,5,2342355.14,11711775.7
40168,282,804,5699,5031,20230828,5120,3,2342355.14,7027065.42
40169,291,834,5985,5031,20240704,5276,1,2342355.14,2342355.14
40170,1407,4121,5642,5031,20240229,5213,1,2342355.14,2342355.14
40171,1830,5390,5278,5031,20241212,5728,4,2342355.14,9369420.56
40172,1076,3192,5161,5031,20240829,5304,1,2342355.14,2342355.14
40173,188,528,5102,5031,20240512,5249,2,2342355.14,4684710.28
40174,1306,3844,5079,5031,20230218,5025,3,2342355.14,7027065.42
40175,661,1981,5025,5031,20230717,5099,2,2342355.14,4684710.28
40176,398,1154,5317,5031,20241230,5737,2,2342355.14,4684710.28
40177,1702,4984,5131,5031,20240623,5270,2,2342355.14,4684710.28
40178,1387,4063,5146,5033,20240724,5286,1,338083.05,338083.05
40179,447,1298,5246,5033,20230216,5024,5,338083.05,1690415.25
40180,7,24,5209,5033,20230107,5004,2,338083.05,676166.1
40181,1259,3723,5994,5033,20241110,5712,4,338083.05,1352332.2
40182,1267,3750,5934,5033,20230419,5055,3,338083.05,1014249.15
40183,1103,3274,5841,5033,20230320,5040,4,338083.05,1352332.2
40184,1832,5399,5039,5046,20230719,5100,1,1736655.18,1736655.18
40185,1929,5690,5352,5046,20240419,5238,2,1736655.18,3473310.36
40186,1226,3636,5724,5046,20241117,5716,3,1736655.18,5209965.54
40187,628,1868,5087,5046,20230203,5017,2,1736655.18,3473310.36
40188,1380,4039,5845,5046,20230612,5082,4,1736655.18,6946620.72
40189,1958,5773,5160,5046,20230324,5042,1,1736655.18,1736655.18
40190,1404,4111,5512,5046,20240430,5243,4,1736655.18,6946620.72
40191,298,857,5806,5048,20231018,5146,3,989546.58,2968639.74
40192,1477,4339,5172,5048,20240726,5287,2,989546.58,1979093.16
40193,1920,5657,5274,5050,20240104,5185,1,3075997.11,3075997.11
40194,1798,5297,5207,5050,20230312,5036,4,3075997.11,12303988.44
40195,639,1904,5276,5050,20240629,5273,4,3075997.11,12303988.44
40196,1506,4434,5657,5050,20241022,5703,1,3075997.11,3075997.11
40197,311,890,5041,5050,20241230,5737,3,3075997.11,9227991.33
40198,204,574,5432,5050,20230414,5052,3,3075997.11,9227991.33
40199,137,377,5187,5063,20241128,5721,2,3446181.72,6892363.44
40200,1808,5330,5224,5063,20230910,5127,1,3446181.72,3446181.72
40201,522,1532,5698,5063,20240411,5234,5,3446181.72,17230908.6
40202,463,1349,5853,5063,20240228,5212,3,3446181.72,10338545.16
40203,1355,3965,5542,5063,20240308,5217,1,3446181.72,3446181.72
40204,1678,4922,5126,5063,20230418,5054,4,3446181.72,13784726.88
40205,1428,4176,5344,5063,20230531,5076,3,3446181.72,10338545.16
40206,998,2967,5152,5065,20231016,5145,4,2327566.37,9310265.48
40207,528,1553,5387,5065,20231129,5167,1,2327566.37,2327566.37
40208,1076,3189,5161,5065,20240829,5304,2,2327566.37,4655132.74
40209,1304,3840,5423,5065,20231104,5154,2,2327566.37,4655132.74
40210,1504,4429,5583,5065,20230619,5085,1,2327566.37,2327566.37
40211,66,185,5217,5080,20240824,5301,3,2498810.94,7496432.82
40212,568,1686,5220,5080,20240114,5190,1,2498810.94,2498810.94
40213,1215,3604,5266,5080,20240406,5231,5,2498810.94,12494054.7
40214,1065,3165,5629,5080,20240828,5303,5,2498810.94,12494054.7
40215,1947,5747,5377,5080,20230910,5127,3,2498810.94,7496432.82
40216,562,1671,5525,5080,20230730,5106,5,2498810.94,12494054.7
40217,999,2970,5887,5082,20240704,5276,4,4726711.69,18906846.76
40218,1575,4624,5084,5082,20240207,5202,3,4726711.69,14180135.07
40219,558,1659,5674,5097,20230101,5001,1,652030.32,652030.32
40220,219,606,5780,5097,20240116,5191,4,652030.32,2608121.28
40221,1332,3907,5972,5097,20230519,5070,5,652030.32,3260151.6
40222,1759,5158,5452,5097,20230602,5077,4,652030.32,2608121.28
40223,724,2164,5667,5097,20230525,5073,4,652030.32,2608121.28
40224,37,108,5143,5099,20240526,5256,3,2793580.87,8380742.61
40225,1863,5497,5637,5099,20241003,5693,5,2793580.87,13967904.35
40226,1258,3721,5141,5099,20231007,5140,4,2793580.87,11174323.48
40227,1976,5823,5578,5099,20230423,5057,5,2793580.87,13967904.35
40228,1370,4010,5816,5099,20240104,5185,4,2793580.87,11174323.48
40229,966,2887,5717,5114,20240628,5273,2,2988578.98,5977157.96
40230,1770,5203,5194,5114,20230512,5066,1,2988578.98,2988578.98
40231,665,1993,5089,5114,20230505,5063,5,2988578.98,14942894.9
40232,274,776,5892,5114,20240812,5295,4,2988578.98,11954315.92
40233,1688,4947,5338,5114,20230526,5073,1,2988578.98,2988578.98
40234,1356,3968,5493,5114,20240720,5284,3,2988578.98,8965736.94
40235,743,2218,5176,5114,20240325,5225,4,2988578.98,11954315.92
40236,788,2353,5984,5116,20240103,5184,4,3609786.56,14439146.24
40237,824,2468,5324,5116,20230203,5017,4,3609786.56,14439146.24
40238,1057,3144,5538,5116,20240317,5221,1,3609786.56,3609786.56
40239,1657,4869,5814,5116,20230906,5125,4,3609786.56,14439146.24
40240,518,1520,5228,5116,20231231,5183,3,3609786.56,10829359.68
40241,465,1355,5566,5116,20241125,5720,5,3609786.56,18048932.8
40242,350,997,5368,5116,20240529,5258,3,3609786.56,10829359.68
40243,1129,3349,5156,5116,20240308,5217,5,3609786.56,18048932.8
40244,176,489,5632,5116,20230709,5095,5,3609786.56,18048932.8
40245,411,1196,5503,5131,20230908,5126,5,3054282.13,15271410.65
40246,1969,5804,5100,5131,20240518,5252,1,3054282.13,3054282.13
40247,1457,4263,5116,5131,20230911,5127,5,3054282.13,15271410.65
40248,1355,3963,5542,5004,20240308,5217,4,1817131.41,7268525.64
40249,989,2938,5684,5004,20230724,5103,4,1817131.41,7268525.64
40250,1844,5429,5691,5004,20230321,5040,3,1817131.41,5451394.23
40251,3,9,5852,5004,20230823,5118,3,1817131.41,5451394.23
40252,1922,5662,5622,5004,20240308,5217,3,1817131.41,5451394.23
40253,934,2789,5315,5004,20241031,5707,5,1817131.41,9085657.05
40254,278,790,5786,5011,20241102,5708,2,139307.57,278615.14
40255,1911,5639,5604,5011,20230404,5047,2,139307.57,278615.14
40256,556,1652,5137,5011,20230811,5112,3,139307.57,417922.71
40257,1101,3266,5325,5011,20240627,5272,5,139307.57,696537.85
40258,1456,4257,5753,5011,20240122,5194,2,139307.57,278615.14
40259,1667,4897,5836,5018,20230901,5122,5,1008889.92,5044449.6
40260,933,2783,5904,5018,20241013,5698,5,1008889.92,5044449.6
40261,1193,3536,5126,5018,20230706,5094,2,1008889.92,2017779.84
40262,1512,4447,5214,5018,20240628,5273,4,1008889.92,4035559.68
40263,3,10,5852,5018,20230823,5118,3,1008889.92,3026669.76
40264,1683,4933,5824,5018,20240507,5247,5,1008889.92,5044449.6
40265,883,2641,5440,5029,20240117,5191,5,3953961.57,19769807.85
40266,200,564,5429,5029,20240923,5316,2,3953961.57,7907923.14
40267,1641,4820,5299,5029,20231029,5151,1,3953961.57,3953961.57
40268,1137,3371,5151,5029,20231102,5153,2,3953961.57,7907923.14
40269,268,761,5292,5029,20230722,5102,5,3953961.57,19769807.85
40270,1789,5267,5980,5029,20230128,5014,1,3953961.57,3953961.57
40271,696,2087,5901,5029,20241206,5725,2,3953961.57,7907923.14
40272,501,1467,5499,5029,20230602,5077,5,3953961.57,19769807.85
40273,1842,5426,5904,5036,20230701,5091,1,4118463.6,4118463.6
40274,1109,3290,5961,5036,20241118,5716,3,4118463.6,12355390.8
40275,630,1875,5768,5036,20230607,5079,3,4118463.6,12355390.8
40276,785,2345,5959,5036,20240916,5313,2,4118463.6,8236927.2
40277,1390,4070,5816,5036,20230221,5026,5,4118463.6,20592318.0
40278,130,356,5834,5043,20230716,5099,5,4158640.12,20793200.6
40279,496,1453,5652,5043,20240814,5296,2,4158640.12,8317280.24
40280,1159,3446,5036,5043,20241022,5703,1,4158640.12,4158640.12
40281,1658,4872,5907,5043,20230215,5023,1,4158640.12,4158640.12
40282,356,1016,5446,5043,20231004,5139,5,4158640.12,20793200.6
40283,1752,5137,5918,5043,20241223,5734,4,4158640.12,16634560.48
40284,913,2737,5997,5043,20240728,5288,4,4158640.12,16634560.48
40285,463,1347,5853,5043,20240228,5212,5,4158640.12,20793200.6
40286,901,2703,5446,5054,20240820,5299,4,4214224.72,16856898.88
40287,971,2898,5834,5054,20240107,5186,2,4214224.72,8428449.44
40288,107,305,5488,5054,20240123,5194,3,4214224.72,12642674.16
40289,426,1239,5774,5054,20240124,5195,4,4214224.72,16856898.88
40290,122,339,5093,5054,20230109,5005,3,4214224.72,12642674.16
40291,1192,3531,5264,5054,20230328,5044,5,4214224.72,21071123.6
40292,1047,3112,5519,5054,20240422,5239,2,4214224.72,8428449.44
40293,447,1297,5246,5054,20230216,5024,3,4214224.72,12642674.16
40294,1036,3081,5902,5054,20240410,5233,3,4214224.72,12642674.16
40295,1965,5793,5793,5061,20241013,5698,3,2419894.64,7259683.92
40296,545,1611,5676,5061,20230830,5121,4,2419894.64,9679578.56
40297,1616,4745,5230,5061,20240206,5201,4,2419894.64,9679578.56
40298,816,2443,5876,5061,20241221,5733,4,2419894.64,9679578.56
40299,1928,5687,5277,5061,20230629,5090,1,2419894.64,2419894.64
40300,742,2214,5945,5061,20240114,5190,1,2419894.64,2419894.64
40301,1262,3735,5784,5061,20230320,5040,5,2419894.64,12099473.2
40302,27,79,5317,5061,20240310,5218,3,2419894.64,7259683.92
40303,338,954,5544,5068,20230502,5061,5,3673656.78,18368283.9
40304,1298,3826,5182,5068,20241231,5738,3,3673656.78,11020970.34
40305,1228,3644,5278,5068,20240531,5259,2,3673656.78,7347313.56
40306,892,2668,5744,5068,20230531,5076,3,3673656.78,11020970.34
40307,1879,5537,5228,5068,20241211,5728,1,3673656.78,3673656.78
40308,68,188,5905,5068,20230708,5095,3,3673656.78,11020970.34
40309,436,1262,5484,5079,20240915,5312,3,2496345.05,7489035.15
40310,534,1573,5552,5079,20240220,5208,1,2496345.05,2496345.05
40311,1464,4294,5266,5079,20240401,5229,1,2496345.05,2496345.05
40312,646,1928,5250,5079,20240628,5273,3,2496345.05,7489035.15
40313,1460,4276,5846,5079,20230531,5076,3,2496345.05,7489035.15
40314,1296,3824,5690,5079,20231216,5175,2,2496345.05,4992690.1
40315,80,229,5427,5079,20230510,5065,2,2496345.05,4992690.1
40316,433,1253,5090,5079,20241006,5695,1,2496345.05,2496345.05
40317,981,2918,5978,5086,20240317,5221,4,2991618.67,11966474.68
40318,660,1976,5476,5086,20230813,5113,2,2991618.67,5983237.34
40319,544,1606,5708,5086,20231217,5176,2,2991618.67,5983237.34
40320,589,1748,5281,5086,20240719,5283,2,2991618.67,5983237.34
40321,492,1437,5121,5086,20230215,5023,2,2991618.67,5983237.34
40322,236,659,5918,5086,20231231,5183,2,2991618.67,5983237.34
40323,177,491,5463,5093,20240108,5187,3,1818993.64,5456980.92
40324,528,1550,5387,5093,20231129,5167,3,1818993.64,5456980.92
40325,879,2629,5266,5093,20240327,5226,2,1818993.64,3637987.28
40326,852,2543,5711,5093,20231010,5142,5,1818993.64,9094968.2
40327,601,1790,5470,5093,20240916,5313,5,1818993.64,9094968.2
40328,1623,4766,5330,5093,20230129,5015,5,1818993.64,9094968.2
40329,1449,4238,5352,5093,20240809,5294,1,1818993.64,1818993.64
40330,338,955,5544,5104,20230502,5061,3,4021789.62,12065368.86
40331,209,582,5762,5104,20240725,5286,5,4021789.62,20108948.1
40332,846,2525,5350,5104,20240629,5273,1,4021789.62,4021789.62
40333,1994,5874,5327,5104,20231212,5173,5,4021789.62,20108948.1
40334,490,1428,5895,5111,20241231,5738,1,1848105.47,1848105.47
40335,1158,3441,5022,5111,20240112,5189,4,1848105.47,7392421.88
40336,889,2657,5660,5111,20240603,5260,3,1848105.47,5544316.41
40337,1791,5276,5517,5111,20230730,5106,4,1848105.47,7392421.88
40338,1757,5151,5371,5111,20241102,5708,2,1848105.47,3696210.94
40339,1160,3447,5705,5111,20241109,5712,5,1848105.47,9240527.35
40340,814,2438,5017,5001,20241025,5704,1,4244859.86,4244859.86
40341,1909,5634,5647,5001,20230717,5099,1,4244859.86,4244859.86
40342,1750,5132,5528,5001,20231204,5169,5,4244859.86,21224299.3
40343,1566,4595,5498,5001,20230925,5134,4,4244859.86,16979439.44
40344,614,1836,5584,5001,20240815,5297,2,4244859.86,8489719.72
40345,382,1098,5960,5001,20240406,5231,2,4244859.86,8489719.72
40346,1869,5514,5994,5003,20230113,5007,5,1187616.95,5938084.75
40347,1637,4808,5527,5003,20240328,5227,2,1187616.95,2375233.9
40348,566,1681,5865,5003,20240606,5262,2,1187616.95,2375233.9
40349,89,262,5424,5003,20240731,5289,5,1187616.95,5938084.75
40350,1275,3771,5508,5003,20230219,5025,1,1187616.95,1187616.95
40351,1974,5818,5386,5003,20230518,5069,1,1187616.95,1187616.95
40352,552,1637,5610,5010,20240220,5208,3,1255562.15,3766686.45
40353,74,212,5424,5010,20230127,5014,5,1255562.15,6277810.75
40354,93,274,5534,5010,20230402,5046,1,1255562.15,1255562.15
40355,1129,3352,5156,5010,20240308,5217,3,1255562.15,3766686.45
40356,1786,5257,5952,5010,20231108,5156,4,1255562.15,5022248.6
40357,634,1886,5056,5012,20240814,5296,4,2500229.36,10000917.44
40358,1377,4030,5568,5012,20230829,5121,5,2500229.36,12501146.8
40359,1748,5125,5982,5012,20230209,5020,2,2500229.36,5000458.72
40360,201,568,5852,5012,20230211,5021,3,2500229.36,7500688.08
40361,821,2457,5002,5012,20241221,5733,1,2500229.36,2500229.36
40362,406,1180,5132,5035,20230106,5003,2,2633221.32,5266442.64
40363,1927,5681,5564,5035,20240704,5276,1,2633221.32,2633221.32
40364,579,1721,5514,5035,20240303,5214,3,2633221.32,7899663.96
40365,533,1568,5106,5035,20230511,5066,3,2633221.32,7899663.96
40366,531,1562,5508,5037,20240417,5237,1,635380.64,635380.64
40367,1891,5578,5917,5037,20230323,5041,3,635380.64,1906141.92
40368,441,1282,5457,5037,20230704,5093,2,635380.64,1270761.28
40369,1813,5342,5288,5037,20241229,5737,1,635380.64,635380.64
40370,920,2752,5772,5037,20230309,5034,4,635380.64,2541522.56
40371,360,1031,5885,5042,20241205,5725,2,2168765.25,4337530.5
40372,1979,5831,5152,5042,20230716,5099,2,2168765.25,4337530.5
40373,1418,4147,5063,5042,20230618,5085,5,2168765.25,10843826.25
40374,1050,3123,5557,5042,20231218,5176,2,2168765.25,4337530.5
40375,832,2493,5263,5044,20230211,5021,5,1527581.47,7637907.35
40376,532,1565,5586,5044,20231223,5179,2,1527581.47,3055162.94
40377,1604,4710,5627,5044,20241210,5727,2,1527581.47,3055162.94
40378,1690,4958,5889,5044,20240104,5185,5,1527581.47,7637907.35
40379,86,246,5958,5044,20241215,5730,5,1527581.47,7637907.35
40380,1048,3113,5390,5044,20241108,5711,1,1527581.47,1527581.47
40381,1137,3369,5151,5044,20231102,5153,3,1527581.47,4582744.41
40382,1748,5124,5982,5067,20230209,5020,4,4308810.53,17235242.12
40383,679,2033,5391,5067,20230702,5092,1,4308810.53,4308810.53
40384,998,2966,5152,5067,20231016,5145,1,4308810.53,4308810.53
40385,588,1746,5322,5067,20240410,5233,2,4308810.53,8617621.06
40386,867,2596,5912,5067,20231108,5156,3,4308810.53,12926431.59
40387,1721,5045,5727,5069,20230703,5092,3,4877116.9,14631350.7
40388,1100,3262,5818,5069,20230310,5035,3,4877116.9,14631350.7
40389,1959,5778,5946,5069,20230713,5097,5,4877116.9,24385584.5
40390,556,1655,5137,5069,20230811,5112,1,4877116.9,4877116.9
40391,1789,5266,5980,5069,20230128,5014,4,4877116.9,19508467.6
40392,1122,3330,5841,5069,20240227,5212,1,4877116.9,4877116.9
40393,1126,3341,5029,5069,20230603,5077,2,4877116.9,9754233.8
40394,1516,4462,5619,5069,20230328,5044,3,4877116.9,14631350.7
40395,1024,3047,5757,5069,20240827,5303,4,4877116.9,19508467.6
40396,1981,5836,5118,5069,20241001,5692,5,4877116.9,24385584.5
40397,1156,3432,5129,5069,20230910,5127,2,4877116.9,9754233.8
40398,1224,3628,5159,5069,20230829,5121,2,4877116.9,9754233.8
40399,1814,5343,5313,5071,20240919,5314,4,1602388.27,6409553.08
40400,1111,3298,5588,5071,20240612,5265,5,1602388.27,8011941.35
40401,1607,4716,5687,5071,20240313,5219,2,1602388.27,3204776.54
40402,965,2884,5864,5071,20241207,5726,2,1602388.27,3204776.54
40403,236,660,5918,5071,20231231,5183,3,1602388.27,4807164.81
40404,1893,5583,5272,5071,20230726,5104,4,1602388.27,6409553.08
40405,936,2794,5469,5076,20241205,5725,1,1248868.7,1248868.7
40406,1847,5438,5998,5076,20230205,5018,1,1248868.7,1248868.7
40407,490,1429,5895,5076,20241231,5738,3,1248868.7,3746606.1
40408,188,525,5102,5076,20240512,5249,4,1248868.7,4995474.8
40409,277,784,5606,5076,20231125,5165,4,1248868.7,4995474.8
40410,1629,4788,5811,5078,20231208,5171,3,957272.17,2871816.51
40411,1794,5289,5952,5078,20240614,5266,2,957272.17,1914544.34
40412,1995,5880,5696,5101,20231211,5173,5,3016290.13,15081450.65
40413,332,942,5703,5101,20230522,5071,1,3016290.13,3016290.13
40414,1470,4318,5924,5103,20240302,5214,2,204180.69,408361.38
40415,1849,5446,5654,5103,20241012,5698,4,204180.69,816722.76
40416,1381,4046,5824,5103,20240530,5258,1,204180.69,204180.69
40417,509,1490,5142,5103,20231115,5160,5,204180.69,1020903.45
40418,1774,5218,5779,5103,20241203,5724,5,204180.69,1020903.45
40419,620,1845,5500,5103,20240922,5316,4,204180.69,816722.76
40420,1664,4888,5265,5103,20231218,5176,1,204180.69,204180.69
40421,1689,4954,5597,5103,20230719,5100,4,204180.69,816722.76
40422,787,2350,5645,5103,20240413,5235,1,204180.69,204180.69
40423,1329,3902,5705,5103,20240923,5316,4,204180.69,816722.76
40424,811,2426,5707,5103,20240725,5286,2,204180.69,408361.38
40425,254,720,5576,5103,20231123,5164,4,204180.69,816722.76
40426,158,437,5387,5103,20230420,5055,5,204180.69,1020903.45
40427,1065,3166,5629,5110,20240828,5303,1,2379714.07,2379714.07
40428,740,2206,5921,5110,20230504,5062,1,2379714.07,2379714.07
40429,1588,4661,5458,5110,20231107,5156,2,2379714.07,4759428.14
40430,201,566,5852,5110,20230211,5021,1,2379714.07,2379714.07
40431,1237,3668,5539,5110,20230924,5134,2,2379714.07,4759428.14
40432,258,736,5587,5005,20240401,5229,4,3029423.2,12117692.8
40433,1092,3237,5396,5005,20240322,5224,3,3029423.2,9088269.6
40434,1886,5555,5599,5005,20230827,5120,4,3029423.2,12117692.8
40435,1285,3795,5154,5005,20240318,5222,5,3029423.2,15147116.0
40436,1702,4986,5131,5006,20240623,5270,3,4744629.41,14233888.23
40437,50,143,5663,5006,20240813,5296,5,4744629.41,23723147.05
40438,577,1716,5566,5006,20230523,5072,5,4744629.41,23723147.05
40439,310,888,5177,5006,20240413,5235,1,4744629.41,4744629.41
40440,1607,4717,5687,5006,20240313,5219,3,4744629.41,14233888.23
40441,1940,5720,5282,5006,20230209,5020,5,4744629.41,23723147.05
40442,1876,5528,5476,5006,20240805,5292,1,4744629.41,4744629.41
40443,362,1034,5620,5006,20240219,5208,4,4744629.41,18978517.64
40444,92,272,5822,5006,20240706,5277,3,4744629.41,14233888.23
40445,647,1935,5169,5023,20240318,5222,2,2754485.77,5508971.54
40446,29,86,5349,5023,20240215,5206,5,2754485.77,13772428.85
40447,1680,4924,5447,5023,20230104,5002,4,2754485.77,11017943.08
40448,1753,5143,5009,5023,20240710,5279,5,2754485.77,13772428.85
40449,982,2922,5810,5024,20230421,5056,2,4457745.09,8915490.18
40450,414,1200,5666,5024,20230601,5076,2,4457745.09,8915490.18
40451,1516,4463,5619,5024,20230328,5044,4,4457745.09,17830980.36
40452,1172,3485,5370,5024,20230324,5042,5,4457745.09,22288725.45
40453,1648,4847,5352,5024,20241122,5718,2,4457745.09,8915490.18
40454,1075,3188,5538,5024,20230829,5121,5,4457745.09,22288725.45
40455,58,163,5644,5038,20231212,5173,2,3215269.56,6430539.12
40456,1262,3734,5784,5038,20230320,5040,1,3215269.56,3215269.56
40457,1223,3626,5228,5038,20230302,5031,5,3215269.56,16076347.8
40458,302,867,5676,5038,20241107,5711,5,3215269.56,16076347.8
40459,546,1614,5755,5038,20241116,5715,3,3215269.56,9645808.68
40460,599,1782,5364,5038,20240623,5270,5,3215269.56,16076347.8
40461,1114,3306,5826,5041,20241015,5699,3,3841230.37,11523691.11
40462,1039,3092,5102,5041,20230518,5069,5,3841230.37,19206151.85
40463,51,145,5955,5041,20241026,5705,2,3841230.37,7682460.74
40464,1866,5507,5253,5055,20230807,5110,3,4127928.97,12383786.91
40465,1656,4867,5967,5055,20240927,5690,1,4127928.97,4127928.97
40466,1899,5604,5830,5055,20240229,5213,4,4127928.97,16511715.88
40467,1531,4496,5143,5055,20230526,5073,2,4127928.97,8255857.94
40468,1425,4168,5160,5055,20231108,5156,4,4127928.97,16511715.88
40469,375,1077,5520,5055,20230620,5086,4,4127928.97,16511715.88
40470,1816,5352,5356,5055,20240924,5689,5,4127928.97,20639644.85
40471,1883,5550,5621,5055,20231210,5172,5,4127928.97,20639644.85
40472,361,1033,5325,5055,20240413,5235,4,4127928.97,16511715.88
40473,595,1769,5039,5055,20240111,5188,4,4127928.97,16511715.88
40474,1477,4342,5172,5055,20240726,5287,1,4127928.97,4127928.97
40475,1401,4098,5866,5055,20230522,5071,5,4127928.97,20639644.85
40476,332,940,5703,5055,20230522,5071,4,4127928.97,16511715.88
40477,1785,5253,5145,5056,20240407,5232,1,415302.05,415302.05
40478,1907,5628,5119,5056,20230107,5004,2,415302.05,830604.1
40479,235,655,5359,5056,20230407,5049,2,415302.05,830604.1
40480,439,1273,5420,5056,20240730,5289,3,415302.05,1245906.15
40481,220,612,5843,5073,20241010,5697,2,1247115.22,2494230.44
40482,914,2739,5820,5073,20240330,5228,1,1247115.22,1247115.22
40483,818,2451,5788,5073,20240410,5233,2,1247115.22,2494230.44
40484,683,2047,5106,5073,20240328,5227,4,1247115.22,4988460.88
40485,63,177,5617,5073,20241228,5736,3,1247115.22,3741345.66
40486,986,2931,5770,5073,20231105,5155,2,1247115.22,2494230.44
40487,467,1359,5816,5074,20240814,5296,4,262520.41,1050081.64
40488,157,435,5808,5074,20241219,5732,4,262520.41,1050081.64
40489,1256,3716,5852,5074,20231018,5146,5,262520.41,1312602.05
40490,228,640,5915,5088,20230117,5009,2,4237390.1,8474780.2
40491,953,2853,5781,5088,20241005,5694,1,4237390.1,4237390.1
40492,1414,4138,5926,5088,20230131,5016,5,4237390.1,21186950.5
40493,965,2883,5864,5088,20241207,5726,3,4237390.1,12712170.3
40494,1941,5725,5975,5091,20240802,5290,4,1836027.39,7344109.56
40495,591,1758,5008,5091,20240310,5218,1,1836027.39,1836027.39
40496,309,886,5400,5091,20230710,5096,2,1836027.39,3672054.78
40497,745,2224,5625,5091,20230413,5052,4,1836027.39,7344109.56
40498,826,2473,5804,5091,20240812,5295,5,1836027.39,9180136.95
40499,1469,4314,5747,5091,20240326,5226,1,1836027.39,1836027.39
40500,1903,5620,5818,5105,20241111,5713,2,753213.92,1506427.84
40501,1536,4508,5201,5105,20240531,5259,2,753213.92,1506427.84
40502,532,1563,5586,5105,20231223,5179,5,753213.92,3766069.6
40503,1041,3096,5886,5105,20241125,5720,5,753213.92,3766069.6
40504,1716,5030,5807,5105,20230325,5042,4,753213.92,3012855.68
40505,1748,5127,5982,5105,20230209,5020,4,753213.92,3012855.68
40506,1372,4020,5681,5106,20231017,5145,5,1646549.58,8232747.9
40507,1483,4367,5520,5106,20240119,5192,3,1646549.58,4939648.74
40508,563,1672,5169,5106,20240806,5292,2,1646549.58,3293099.16
40509,307,881,5384,5106,20230412,5051,1,1646549.58,1646549.58
40510,287,815,5239,5106,20231022,5148,5,1646549.58,8232747.9
40511,1980,5833,5639,5123,20240223,5210,1,2057783.27,2057783.27
40512,313,896,5290,5123,20231208,5171,2,2057783.27,4115566.54
40513,1346,3940,5229,5123,20240206,5201,2,2057783.27,4115566.54
40514,1459,4269,5101,5123,20240105,5185,4,2057783.27,8231133.08
40515,936,2791,5469,5123,20241205,5725,2,2057783.27,4115566.54
40516,872,2611,5208,5123,20231019,5146,1,2057783.27,2057783.27
40517,42,123,5062,5123,20230412,5051,1,2057783.27,2057783.27
40518,749,2240,5605,5123,20230402,5046,4,2057783.27,8231133.08
40519,1317,3868,5773,5123,20240824,5301,5,2057783.27,10288916.35
40520,1584,4646,5010,5123,20230717,5099,5,2057783.27,10288916.35
40521,114,322,5650,5124,20231024,5149,2,4365360.37,8730720.74
40522,684,2049,5073,5124,20230205,5018,5,4365360.37,21826801.85
40523,1100,3260,5818,5124,20230310,5035,2,4365360.37,8730720.74
40524,1849,5444,5654,5002,20241012,5698,4,183646.84,734587.36
40525,1949,5750,5712,5002,20241224,5734,4,183646.84,734587.36
40526,144,404,5646,5002,20230426,5058,3,183646.84,550940.52
40527,168,461,5747,5002,20231223,5179,2,183646.84,367293.68
40528,882,2638,5928,5002,20231121,5163,5,183646.84,918234.2
40529,1503,4425,5091,5002,20231012,5143,1,183646.84,183646.84
40530,1368,4002,5211,5002,20241229,5737,4,183646.84,734587.36
40531,1990,5861,5993,5009,20230212,5022,3,1996189.89,5988569.67
40532,225,630,5211,5009,20240408,5232,2,1996189.89,3992379.78
40533,1932,5701,5730,5009,20231208,5171,2,1996189.89,3992379.78
40534,652,1953,5749,5020,20241122,5718,4,871555.26,3486221.04
40535,757,2272,5844,5020,20230401,5046,1,871555.26,871555.26
40536,1705,4998,5433,5020,20230714,5098,1,871555.26,871555.26
40537,1049,3119,5443,5020,20240531,5259,5,871555.26,4357776.3
40538,266,759,5778,5027,20241215,5730,4,615598.65,2462394.6
40539,1,3,5751,5027,20230724,5103,5,615598.65,3077993.25
40540,425,1235,5265,5027,20231103,5154,2,615598.65,1231197.3
40541,1562,4578,5505,5027,20230524,5072,5,615598.65,3077993.25
40542,761,2283,5258,5027,20230408,5049,5,615598.65,3077993.25
40543,1418,4149,5063,5027,20230618,5085,1,615598.65,615598.65
40544,470,1370,5272,5027,20230201,5016,1,615598.65,615598.65
40545,855,2555,5519,5027,20241004,5694,4,615598.65,2462394.6
40546,1884,5552,5279,5034,20240822,5300,4,4997979.27,19991917.08
40547,472,1377,5618,5034,20230619,5085,2,4997979.27,9995958.54
40548,418,1214,5112,5034,20230331,5045,3,4997979.27,14993937.81
40549,1758,5156,5777,5045,20241031,5707,3,1620077.15,4860231.45
40550,133,364,5753,5045,20240329,5227,2,1620077.15,3240154.3
40551,1117,3313,5261,5045,20240618,5268,3,1620077.15,4860231.45
40552,1970,5805,5425,5052,20230313,5036,3,2963124.14,8889372.42
40553,1708,5004,5779,5052,20230908,5126,4,2963124.14,11852496.56
40554,1511,4445,5672,5052,20230120,5010,3,2963124.14,8889372.42
40555,1779,5234,5642,5052,20231205,5170,3,2963124.14,8889372.42
40556,362,1036,5620,5052,20240219,5208,3,2963124.14,8889372.42
40557,91,268,5381,5059,20231114,5159,3,2495209.92,7485629.76
40558,931,2781,5487,5059,20230103,5002,1,2495209.92,2495209.92
40559,1651,4854,5728,5059,20230113,5007,5,2495209.92,12476049.6
40560,416,1211,5856,5059,20230203,5017,5,2495209.92,12476049.6
40561,1952,5757,5479,5070,20241128,5721,3,3805718.32,11417154.96
40562,398,1153,5317,5070,20241230,5737,1,3805718.32,3805718.32
40563,415,1204,5925,5070,20231224,5179,2,3805718.32,7611436.64
40564,1753,5142,5009,5070,20240710,5279,4,3805718.32,15222873.28
40565,395,1144,5577,5070,20230624,5088,4,3805718.32,15222873.28
40566,1710,5011,5806,5070,20240702,5275,5,3805718.32,19028591.6
40567,135,371,5679,5070,20230407,5049,4,3805718.32,15222873.28
40568,1322,3880,5332,5077,20241120,5717,4,4069254.45,16277017.8
40569,1866,5506,5253,5077,20230807,5110,4,4069254.45,16277017.8
40570,1527,4486,5627,5077,20230623,5087,5,4069254.45,20346272.25
40571,415,1206,5925,5077,20231224,5179,5,4069254.45,20346272.25
40572,1584,4648,5010,5077,20230717,5099,1,4069254.45,4069254.45
40573,482,1408,5816,5084,20240602,5260,4,2920887.12,11683548.48
40574,1957,5767,5888,5084,20241224,5734,5,2920887.12,14604435.6
40575,1410,4126,5819,5084,20230822,5117,1,2920887.12,2920887.12
40576,1240,3677,5153,5084,20240316,5221,2,2920887.12,5841774.24
40577,1090,3233,5947,5084,20241114,5714,4,2920887.12,11683548.48
40578,237,661,5139,5084,20230929,5136,3,2920887.12,8762661.36
40579,1505,4432,5572,5084,20241007,5695,2,2920887.12,5841774.24
40580,1108,3285,5352,5095,20241001,5692,1,3824376.53,3824376.53
40581,1864,5499,5292,5095,20230801,5107,5,3824376.53,19121882.65
40582,787,2352,5645,5095,20240413,5235,4,3824376.53,15297506.12
40583,1789,5270,5980,5095,20230128,5014,3,3824376.53,11473129.59
40584,1649,4851,5599,5095,20240613,5265,3,3824376.53,11473129.59
40585,238,666,5457,5095,20240819,5299,4,3824376.53,15297506.12
40586,1132,3357,5672,5102,20230922,5133,2,2505388.74,5010777.48
40587,73,204,5056,5102,20240429,5243,1,2505388.74,2505388.74
40588,894,2675,5150,5102,20230426,5058,5,2505388.74,12526943.7
40589,46,133,5568,5102,20240104,5185,3,2505388.74,7516166.22
40590,1951,5756,5354,5102,20230925,5134,5,2505388.74,12526943.7
40591,902,2709,5024,5102,20231012,5143,4,2505388.74,10021554.96
40592,1935,5708,5391,5109,20240527,5257,4,3546611.63,14186446.52
40593,1122,3326,5841,5109,20240227,5212,4,3546611.63,14186446.52
40594,324,920,5122,5109,20241125,5720,2,3546611.63,7093223.26
40595,1725,5051,5663,5109,20241015,5699,1,3546611.63,3546611.63
40596,1467,4306,5596,5120,20240209,5203,2,962013.8,1924027.6
40597,1093,3242,5858,5120,20241012,5698,3,962013.8,2886041.4
40598,712,2139,5388,5120,20240830,5304,4,962013.8,3848055.2
40599,1504,4430,5583,5120,20230619,5085,4,962013.8,3848055.2
40600,765,2295,5813,5127,20230718,5100,4,2632130.99,10528523.96
40601,385,1111,5475,5127,20240410,5233,4,2632130.99,10528523.96
40602,1223,3623,5228,5127,20230302,5031,4,2632130.99,10528523.96
40603,974,2904,5760,5134,20231108,5156,5,4708012.88,23540064.4
40604,1213,3597,5516,5134,20230530,5075,4,4708012.88,18832051.52
40605,1641,4819,5299,5134,20231029,5151,2,4708012.88,9416025.76
40606,1935,5706,5391,5134,20240527,5257,4,4708012.88,18832051.52
40607,129,355,5962,5134,20240710,5279,5,4708012.88,23540064.4
40608,1783,5246,5374,5134,20240131,5198,2,4708012.88,9416025.76
40609,1465,4297,5300,5134,20241124,5719,5,4708012.88,23540064.4
40610,1971,5808,5514,5134,20240302,5214,4,4708012.88,18832051.52
40611,1851,5456,5342,5145,20241207,5726,4,3283300.53,13133202.12
40612,500,1464,5498,5145,20240327,5226,1,3283300.53,3283300.53
40613,1433,4191,5792,5145,20241026,5705,4,3283300.53,13133202.12
40614,1869,5515,5994,5145,20230113,5007,2,3283300.53,6566601.06
40615,554,1643,5394,5145,20240124,5195,3,3283300.53,9849901.59
40616,91,269,5381,5007,20231114,5159,5,2225257.05,11126285.25
40617,1596,4680,5686,5007,20230718,5100,3,2225257.05,6675771.15
40618,502,1470,5210,5007,20230428,5059,4,2225257.05,8901028.2
40619,1879,5536,5228,5007,20241211,5728,4,2225257.05,8901028.2
40620,757,2270,5844,5007,20230401,5046,5,2225257.05,11126285.25
40621,993,2950,5797,5007,20230614,5083,1,2225257.05,2225257.05
40622,1950,5754,5928,5007,20241112,5713,2,2225257.05,4450514.1
40623,934,2788,5315,5007,20241031,5707,4,2225257.05,8901028.2
40624,1270,3758,5606,5008,20241005,5694,2,2873869.67,5747739.34
40625,95,279,5011,5008,20230609,5080,2,2873869.67,5747739.34
40626,256,731,5933,5008,20241215,5730,3,2873869.67,8621609.01
40627,682,2044,5163,5008,20241020,5702,1,2873869.67,2873869.67
40628,1389,4069,5721,5008,20241116,5715,2,2873869.67,5747739.34
40629,998,2964,5152,5008,20231016,5145,3,2873869.67,8621609.01
40630,1364,3990,5159,5021,20230813,5113,1,4986339.4,4986339.4
40631,1846,5434,5998,5021,20240102,5184,1,4986339.4,4986339.4
40632,1181,3507,5916,5021,20240330,5228,4,4986339.4,19945357.6
40633,527,1549,5805,5021,20241217,5731,1,4986339.4,4986339.4
40634,535,1575,5073,5021,20240723,5285,1,4986339.4,4986339.4
40635,880,2635,5573,5021,20230708,5095,5,4986339.4,24931697.0
40636,1294,3814,5324,5022,20240320,5223,1,3342520.55,3342520.55
40637,425,1234,5265,5022,20231103,5154,1,3342520.55,3342520.55
40638,442,1285,5975,5022,20241226,5735,4,3342520.55,13370082.2
40639,299,863,5496,5022,20241214,5729,3,3342520.55,10027561.65
40640,1435,4196,5230,5022,20230207,5019,2,3342520.55,6685041.1
40641,165,458,5520,5022,20240324,5225,1,3342520.55,3342520.55
40642,1121,3324,5985,5022,20230307,5033,5,3342520.55,16712602.75
40643,1931,5697,5074,5022,20240912,5311,1,3342520.55,3342520.55
40644,1383,4055,5451,5022,20230427,5059,3,3342520.55,10027561.65
40645,1483,4368,5520,5022,20240119,5192,5,3342520.55,16712602.75
40646,1079,3200,5439,5025,20230623,5087,3,3561927.43,10685782.29
40647,486,1419,5785,5025,20231202,5168,2,3561927.43,7123854.86
40648,949,2839,5649,5025,20240105,5185,2,3561927.43,7123854.86
40649,168,462,5747,5025,20231223,5179,2,3561927.43,7123854.86
40650,532,1567,5586,5025,20231223,5179,2,3561927.43,7123854.86
40651,1221,3616,5481,5025,20240309,5217,4,3561927.43,14247709.72
40652,209,584,5762,5025,20240725,5286,5,3561927.43,17809637.15
40653,405,1179,5824,5025,20240525,5256,1,3561927.43,3561927.43
40654,897,2687,5630,5025,20230126,5013,4,3561927.43,14247709.72
40655,920,2755,5772,5039,20230309,5034,4,2334507.67,9338030.68
40656,1643,4824,5883,5039,20240225,5211,1,2334507.67,2334507.67
40657,1709,5007,5970,5039,20240922,5316,1,2334507.67,2334507.67
40658,582,1731,5736,5040,20230117,5009,3,650389.71,1951169.13
40659,514,1507,5960,5040,20240312,5219,4,650389.71,2601558.84
40660,551,1632,5534,5040,20240331,5228,4,650389.71,2601558.84
40661,232,648,5170,5040,20241207,5726,5,650389.71,3251948.55
40662,1319,3873,5218,5040,20230929,5136,1,650389.71,650389.71
40663,1319,3874,5218,5057,20230929,5136,3,3259138.59,9777415.77
40664,384,1104,5132,5057,20241230,5737,1,3259138.59,3259138.59
40665,742,2215,5945,5058,20240114,5190,3,3094361.05,9283083.15
40666,196,552,5818,5058,20230323,5041,2,3094361.05,6188722.1
40667,585,1735,5878,5058,20241019,5701,4,3094361.05,12377444.2
40668,987,2935,5171,5058,20230409,5050,2,3094361.05,6188722.1
40669,1506,4436,5657,5058,20241022,5703,5,3094361.05,15471805.25
40670,186,519,5123,5058,20230513,5067,2,3094361.05,6188722.1
40671,1775,5221,5525,5058,20241208,5726,4,3094361.05,12377444.2
40672,164,455,5721,5058,20230210,5021,5,3094361.05,15471805.25
40673,1938,5716,5654,5072,20240516,5251,1,621384.33,621384.33
40674,157,434,5808,5072,20241219,5732,2,621384.33,1242768.66
40675,1605,4713,5133,5075,20230916,5130,2,4322177.61,8644355.22
40676,420,1221,5623,5075,20241119,5717,5,4322177.61,21610888.05
40677,1854,5469,5271,5075,20230726,5104,3,4322177.61,12966532.83
40678,1470,4316,5924,5075,20240302,5214,3,4322177.61,12966532.83
40679,1545,4538,5579,5089,20230509,5065,4,678335.37,2713341.48
40680,1074,3184,5472,5089,20230227,5029,2,678335.37,1356670.74
40681,1087,3222,5705,5089,20240515,5251,5,678335.37,3391676.85
40682,1586,4655,5973,5089,20231015,5144,3,678335.37,2035006.11
40683,1125,3336,5893,5089,20240220,5208,5,678335.37,3391676.85
40684,405,1178,5824,5089,20240525,5256,5,678335.37,3391676.85
40685,1944,5736,5703,5090,20240515,5251,2,3640265.24,7280530.48
40686,52,147,5551,5090,20231019,5146,5,3640265.24,18201326.2
40687,253,715,5043,5090,20231109,5157,1,3640265.24,3640265.24
40688,1251,3706,5340,5090,20240521,5254,1,3640265.24,3640265.24
40689,1436,4201,5420,5107,20240204,5200,3,820885.21,2462655.63
40690,686,2059,5147,5107,20240401,5229,2,820885.21,1641770.42
40691,253,718,5043,5107,20231109,5157,4,820885.21,3283540.84
40692,423,1229,5256,5107,20240411,5234,1,820885.21,820885.21
40693,199,562,5841,5107,20240113,5189,1,820885.21,820885.21
40694,1663,4886,5615,5107,20240425,5241,2,820885.21,1641770.42
40695,1307,3846,5111,5107,20230216,5024,5,820885.21,4104426.05
40696,897,2688,5630,5107,20230126,5013,3,820885.21,2462655.63
40697,854,2548,5203,5107,20230729,5105,3,820885.21,2462655.63
40698,1658,4870,5907,5108,20230215,5023,2,2972686.03,5945372.06
40699,1867,5509,5016,5108,20231128,5166,5,2972686.03,14863430.15
40700,399,1160,5745,5108,20231112,5158,2,2972686.03,5945372.06
40701,794,2371,5937,5108,20231030,5152,2,2972686.03,5945372.06
40702,862,2582,5590,5108,20231210,5172,5,2972686.03,14863430.15
40703,1823,5374,5309,5108,20230811,5112,3,2972686.03,8918058.09
40704,330,935,5592,5122,20241030,5707,5,2070670.95,10353354.75
40705,142,395,5882,5122,20240105,5185,2,2070670.95,4141341.9
40706,1786,5259,5952,5122,20231108,5156,2,2070670.95,4141341.9
40707,1244,3685,5567,5122,20240518,5252,3,2070670.95,6212012.85
40708,1834,5402,5553,5017,20241227,5736,1,3472963.4,3472963.4
40709,328,931,5347,5017,20240911,5310,4,3472963.4,13891853.6
40710,1288,3803,5981,5017,20240112,5189,5,3472963.4,17364817.0
40711,771,2314,5045,5017,20240923,5316,1,3472963.4,3472963.4
40712,1372,4019,5681,5017,20231017,5145,1,3472963.4,3472963.4
40713,1099,3259,5498,5017,20240829,5304,1,3472963.4,3472963.4
40714,464,1350,5576,5017,20240617,5267,3,3472963.4,10418890.2
40715,1016,3026,5875,5019,20240314,5220,4,4265603.19,17062412.76
40716,1870,5518,5068,5019,20240414,5235,1,4265603.19,4265603.19
40717,1707,5003,5649,5026,20240905,5307,1,3970544.96,3970544.96
40718,1699,4977,5355,5026,20230804,5108,1,3970544.96,3970544.96
40719,372,1069,5517,5028,20230220,5026,4,3962407.71,15849630.84
40720,1105,3282,5677,5028,20231104,5154,4,3962407.71,15849630.84
40721,765,2293,5813,5028,20230718,5100,2,3962407.71,7924815.42
40722,1383,4053,5451,5028,20230427,5059,1,3962407.71,3962407.71
40723,1919,5652,5082,5051,20231006,5140,3,2517839.99,7553519.97
40724,767,2297,5684,5051,20230630,5091,4,2517839.99,10071359.96
40725,297,856,5062,5051,20230919,5131,4,2517839.99,10071359.96
40726,1775,5223,5525,5051,20241208,5726,1,2517839.99,2517839.99
40727,1355,3962,5542,5051,20240308,5217,3,2517839.99,7553519.97
40728,1249,3701,5720,5053,20230924,5134,1,864291.11,864291.11
40729,458,1333,5167,5060,20241119,5717,5,3213117.37,16065586.85
40730,1771,5206,5827,5060,20230110,5005,4,3213117.37,12852469.48
40731,1987,5852,5010,5062,20241119,5717,3,1494195.02,4482585.06
40732,444,1289,5813,5062,20240421,5239,3,1494195.02,4482585.06
40733,1161,3452,5478,5062,20241118,5716,1,1494195.02,1494195.02
40734,750,2244,5708,5062,20231018,5146,5,1494195.02,7470975.1
40735,1220,3613,5723,5062,20230806,5109,1,1494195.02,1494195.02
40736,193,539,5618,5062,20240111,5188,1,1494195.02,1494195.02
40737,1790,5274,5509,5062,20230313,5036,1,1494195.02,1494195.02
40738,1596,4677,5686,5062,20230718,5100,5,1494195.02,7470975.1
40739,1678,4920,5126,5062,20230418,5054,2,1494195.02,2988390.04
40740,109,309,5780,5085,20230903,5123,4,262196.62,1048786.48
40741,1247,3697,5454,5085,20230602,5077,1,262196.62,262196.62
40742,897,2686,5630,5085,20230126,5013,4,262196.62,1048786.48
40743,1890,5577,5632,5085,20240314,5220,2,262196.62,524393.24
40744,584,1734,5917,5085,20230520,5070,4,262196.62,1048786.48
40745,1437,4202,5995,5085,20240707,5277,4,262196.62,1048786.48
40746,1653,4857,5906,5085,20230718,5100,2,262196.62,524393.24
40747,82,231,5879,5087,20241110,5712,3,1435884.42,4307653.26
40748,643,1921,5692,5087,20240404,5230,5,1435884.42,7179422.1
40749,1544,4534,5802,5087,20240722,5285,2,1435884.42,2871768.84
40750,376,1082,5704,5087,20240919,5314,1,1435884.42,1435884.42
40751,52,149,5551,5087,20231019,5146,1,1435884.42,1435884.42
40752,94,276,5485,5087,20240110,5188,5,1435884.42,7179422.1
40753,330,936,5592,5087,20241030,5707,3,1435884.42,4307653.26
40754,253,716,5043,5092,20231109,5157,1,265276.86,265276.86
40755,19,52,5013,5092,20231120,5162,3,265276.86,795830.58
40756,1876,5529,5476,5092,20240805,5292,4,265276.86,1061107.44
40757,1482,4361,5531,5092,20230501,5061,5,265276.86,1326384.3
40758,1182,3509,5981,5092,20230104,5002,4,265276.86,1061107.44
40759,1165,3467,5285,5094,20230831,5122,5,376923.43,1884617.15
40760,1880,5540,5777,5094,20230629,5090,1,376923.43,376923.43
40761,894,2676,5150,5094,20230426,5058,3,376923.43,1130770.29
40762,275,780,5321,5096,20241118,5716,1,4128303.48,4128303.48
40763,1974,5814,5386,5096,20230518,5069,4,4128303.48,16513213.92
40764,1496,4404,5681,5096,20240416,5236,5,4128303.48,20641517.4
40765,1378,4034,5255,5096,20230218,5025,3,4128303.48,12384910.44
40766,1404,4107,5512,5096,20240430,5243,3,4128303.48,12384910.44
40767,1271,3760,5225,5096,20241104,5709,4,4128303.48,16513213.92
40768,1225,3633,5190,5096,20231229,5182,5,4128303.48,20641517.4
40769,768,2302,5658,5096,20230214,5023,2,4128303.48,8256606.96
40770,1772,5210,5235,5117,20241105,5710,1,860855.19,860855.19
40771,243,684,5837,5117,20240514,5250,4,860855.19,3443420.76
40772,251,706,5794,5117,20230112,5006,2,860855.19,1721710.38
40773,1231,3648,5592,5117,20240726,5287,1,860855.19,860855.19
40774,1045,3109,5674,5119,20230409,5050,3,167536.86,502610.58
40775,1474,4331,5709,5119,20240625,5271,2,167536.86,335073.72
40776,1655,4863,5380,5119,20231230,5182,2,167536.86,335073.72
40777,519,1523,5081,5119,20230722,5102,2,167536.86,335073.72
40778,1207,3581,5762,5119,20230930,5137,5,167536.86,837684.3
40779,590,1755,5967,5121,20231230,5182,3,1575325.49,4725976.47
40780,279,793,5246,5121,20231109,5157,3,1575325.49,4725976.47
40781,186,520,5123,5121,20230513,5067,2,1575325.49,3150650.98
40782,552,1638,5610,5121,20240220,5208,4,1575325.49,6301301.96
40783,38,110,5434,5121,20241007,5695,5,1575325.49,7876627.45
40784,275,777,5321,5126,20241118,5716,1,2808825.0,2808825.0
40785,1689,4950,5597,5126,20230719,5100,1,2808825.0,2808825.0
40786,293,840,5382,5126,20230922,5133,1,2808825.0,2808825.0
40787,1265,3743,5291,5126,20241128,5721,5,2808825.0,14044125.0
40788,357,1019,5773,5126,20241118,5716,4,2808825.0,11235300.0
40789,1158,3445,5022,5126,20240112,5189,3,2808825.0,8426475.0
40790,1,4,5751,5126,20230724,5103,5,2808825.0,14044125.0
40791,1430,4179,5805,5128,20240711,5279,5,4783860.61,23919303.05
40792,1709,5006,5970,5128,20240922,5316,3,4783860.61,14351581.83
40793,1760,5164,5373,5128,20230821,5117,5,4783860.61,23919303.05
40794,1166,3470,5178,5128,20230109,5005,1,4783860.61,4783860.61
40795,66,186,5217,5128,20240824,5301,5,4783860.61,23919303.05
40796,298,859,5806,5128,20231018,5146,4,4783860.61,19135442.44
40797,1819,5361,5464,5151,20240207,5202,5,509987.82,2549939.1
40798,326,929,5933,5151,20230904,5124,4,509987.82,2039951.28
40799,695,2084,5206,5151,20230104,5002,5,509987.82,2549939.1
40800,790,2360,5062,5132,20241209,5727,3,4787113.61,14361340.83
40801,75,214,5487,5147,20230327,5043,4,4665789.43,18663157.72
40802,931,2779,5487,5147,20230103,5002,5,4665789.43,23328947.15
40803,468,1360,5221,5147,20231229,5182,1,4665789.43,4665789.43
40804,797,2385,5089,5147,20240720,5284,1,4665789.43,4665789.43
40805,1616,4742,5230,5147,20240206,5201,1,4665789.43,4665789.43
40806,364,1041,5606,5147,20240918,5314,2,4665789.43,9331578.86
40807,567,1684,5064,5147,20230511,5066,2,4665789.43,9331578.86
40808,933,2787,5904,5147,20241013,5698,1,4665789.43,4665789.43
40809,1133,3362,5657,5149,20240717,5282,1,1219865.61,1219865.61
40810,1864,5498,5292,5149,20230801,5107,3,1219865.61,3659596.83
40811,1765,5182,5786,5149,20230712,5097,1,1219865.61,1219865.61
40812,242,678,5954,5149,20231129,5167,3,1219865.61,3659596.83
40813,1760,5163,5373,5149,20230821,5117,3,1219865.61,3659596.83
40814,857,2559,5243,5149,20230516,5068,1,1219865.61,1219865.61
40815,958,2865,5248,5631,20240701,5274,2,4670273.83,9340547.66
40816,1749,5128,5689,5631,20231208,5171,3,4670273.83,14010821.49
40817,1901,5611,5467,5631,20231206,5170,2,4670273.83,9340547.66
40818,1618,4749,5704,5631,20230126,5013,2,4670273.83,9340547.66
40819,1637,4811,5527,5633,20240328,5227,1,3941923.54,3941923.54
40820,1633,4800,5088,5633,20240815,5297,4,3941923.54,15767694.16
40821,219,609,5780,5633,20240116,5191,1,3941923.54,3941923.54
40822,1295,3818,5413,5633,20230406,5048,4,3941923.54,15767694.16
40823,798,2386,5388,5633,20240226,5211,4,3941923.54,15767694.16
40824,993,2951,5797,5648,20230614,5083,2,442821.47,885642.94
40825,493,1442,5366,5648,20230331,5045,5,442821.47,2214107.35
40826,333,946,5160,5648,20241223,5734,5,442821.47,2214107.35
40827,1570,4606,5659,5648,20241209,5727,3,442821.47,1328464.41
40828,147,414,5806,5648,20230503,5062,3,442821.47,1328464.41
40829,852,2540,5711,5650,20231010,5142,4,2392495.95,9569983.8
40830,595,1771,5039,5650,20240111,5188,3,2392495.95,7177487.85
40831,171,475,5935,5650,20230312,5036,4,2392495.95,9569983.8
40832,1444,4224,5859,5650,20230424,5057,3,2392495.95,7177487.85
40833,574,1706,5278,5650,20240127,5196,1,2392495.95,2392495.95
40834,991,2942,5200,5665,20230530,5075,4,2085069.62,8340278.48
40835,1342,3926,5215,5665,20241220,5732,5,2085069.62,10425348.1
40836,981,2916,5978,5665,20240317,5221,4,2085069.62,8340278.48
40837,261,744,5912,5665,20240208,5202,5,2085069.62,10425348.1
40838,131,357,5901,5665,20240126,5196,4,2085069.62,8340278.48
40839,475,1388,5497,5667,20231119,5162,5,3811679.5,19058397.5
40840,1841,5423,5103,5667,20230119,5010,3,3811679.5,11435038.5
40841,807,2416,5323,5667,20240531,5259,2,3811679.5,7623359.0
40842,1226,3638,5724,5667,20241117,5716,4,3811679.5,15246718.0
40843,1462,4287,5138,5667,20230305,5032,2,3811679.5,7623359.0
40844,843,2515,5401,5682,20240408,5232,5,3731564.37,18657821.85
40845,34,101,5926,5682,20240126,5196,2,3731564.37,7463128.74
40846,1017,3028,5190,5682,20230313,5036,3,3731564.37,11194693.11
40847,566,1680,5865,5682,20240606,5262,2,3731564.37,7463128.74
40848,9,32,5392,5684,20240927,5690,2,3504920.54,7009841.08
40849,255,724,5402,5684,20230603,5077,2,3504920.54,7009841.08
40850,1342,3924,5215,5684,20241220,5732,5,3504920.54,17524602.7
40851,201,567,5852,5684,20230211,5021,5,3504920.54,17524602.7
40852,1391,4073,5889,5684,20240413,5235,1,3504920.54,3504920.54
40853,471,1371,5860,5684,20241003,5693,3,3504920.54,10514761.62
40854,446,1294,5311,5697,20240922,5316,2,4892668.51,9785337.02
40855,1583,4644,5187,5697,20240418,5237,1,4892668.51,4892668.51
40856,170,468,5941,5697,20240905,5307,1,4892668.51,4892668.51
40857,1259,3722,5994,5697,20241110,5712,3,4892668.51,14678005.53
40858,307,882,5384,5697,20230412,5051,1,4892668.51,4892668.51
40859,142,396,5882,5697,20240105,5185,1,4892668.51,4892668.51
40860,1744,5109,5557,5697,20240528,5257,3,4892668.51,14678005.53
40861,499,1460,5789,5697,20240629,5273,2,4892668.51,9785337.02
40862,1452,4247,5862,5699,20241004,5694,1,2664348.71,2664348.71
40863,316,905,5460,5699,20241002,5693,1,2664348.71,2664348.71
40864,1386,4062,5786,5699,20231230,5182,5,2664348.71,13321743.55
40865,1234,3661,5912,5699,20231214,5174,1,2664348.71,2664348.71
40866,1461,4282,5095,5699,20240226,5211,2,2664348.71,5328697.42
40867,794,2372,5937,5699,20231030,5152,3,2664348.71,7993046.13
40868,309,885,5400,5699,20230710,5096,2,2664348.71,5328697.42
40869,1095,3248,5523,5699,20230929,5136,4,2664348.71,10657394.84
40870,95,281,5011,5699,20230609,5080,4,2664348.71,10657394.84
40871,338,956,5544,5699,20230502,5061,5,2664348.71,13321743.55
40872,1950,5753,5928,5699,20241112,5713,5,2664348.71,13321743.55
40873,169,465,5117,5699,20240424,5240,4,2664348.71,10657394.84
40874,569,1692,5718,5714,20230224,5028,5,1192151.13,5960755.65
40875,1162,3456,5535,5714,20240719,5283,2,1192151.13,2384302.26
40876,1624,4769,5814,5714,20230125,5013,1,1192151.13,1192151.13
40877,9,31,5392,5714,20240927,5690,2,1192151.13,2384302.26
40878,1877,5533,5551,5714,20230408,5049,1,1192151.13,1192151.13
40879,40,115,5877,5714,20230914,5129,4,1192151.13,4768604.52
40880,1426,4169,5844,5714,20231219,5177,4,1192151.13,4768604.52
40881,1450,4243,5822,5714,20231214,5174,5,1192151.13,5960755.65
40882,1818,5360,5098,5714,20241216,5730,5,1192151.13,5960755.65
40883,1501,4418,5441,5714,20240209,5203,5,1192151.13,5960755.65
40884,1402,4101,5221,5714,20230726,5104,1,1192151.13,1192151.13
40885,315,902,5251,5714,20241201,5723,5,1192151.13,5960755.65
40886,982,2924,5810,5716,20230421,5056,1,2073665.43,2073665.43
40887,740,2207,5921,5716,20230504,5062,2,2073665.43,4147330.86
40888,1538,4517,5564,5716,20231122,5163,1,2073665.43,2073665.43
40889,830,2485,5280,5716,20230222,5027,5,2073665.43,10368327.15
40890,1805,5321,5923,5716,20230726,5104,3,2073665.43,6220996.29
40891,186,517,5123,5716,20230513,5067,2,2073665.43,4147330.86
40892,289,823,5024,5111,20240405,5231,5,1848105.47,9240527.35
40893,1256,3713,5852,5111,20231018,5146,3,1848105.47,5544316.41
40894,1533,4500,5984,5111,20230504,5062,2,1848105.47,3696210.94
40895,1034,3075,5411,5111,20240219,5208,3,1848105.47,5544316.41
40896,1485,4372,5800,5111,20230527,5074,2,1848105.47,3696210.94
40897,832,2494,5263,5111,20230211,5021,5,1848105.47,9240527.35
40898,1587,4659,5638,5111,20230403,5047,3,1848105.47,5544316.41
40899,382,1097,5960,5118,20240406,5231,1,747400.78,747400.78
40900,1949,5751,5712,5118,20241224,5734,1,747400.78,747400.78
40901,231,647,5788,5118,20231119,5162,3,747400.78,2242202.34
40902,282,803,5699,5118,20230828,5120,2,747400.78,1494801.56
40903,1835,5405,5384,5118,20241117,5716,1,747400.78,747400.78
40904,1345,3935,5581,5118,20230726,5104,4,747400.78,2989603.12
40905,255,727,5402,5118,20230603,5077,2,747400.78,1494801.56
40906,462,1344,5361,5118,20240703,5275,1,747400.78,747400.78
40907,375,1078,5520,5129,20230620,5086,4,4561499.56,18245998.24
40908,1526,4481,5692,5136,20231111,5158,4,3454297.16,13817188.64
40909,160,443,5822,5136,20241022,5703,2,3454297.16,6908594.32
40910,1826,5382,5349,5136,20231130,5167,2,3454297.16,6908594.32
40911,487,1420,5690,5136,20230411,5051,5,3454297.16,17271485.8
40912,452,1315,5550,5136,20240602,5260,1,3454297.16,3454297.16
40913,679,2032,5391,5136,20230702,5092,3,3454297.16,10362891.48
40914,1090,3231,5947,5143,20241114,5714,2,4777015.45,9554030.9
40915,368,1053,5419,5143,20230213,5022,2,4777015.45,9554030.9
40916,308,883,5091,5143,20240903,5306,1,4777015.45,4777015.45
40917,419,1217,5942,5143,20240302,5214,2,4777015.45,9554030.9
40918,1666,4895,5059,5154,20241104,5709,5,35855.42,179277.1
40919,1611,4732,5365,5154,20241127,5721,1,35855.42,35855.42
40920,556,1654,5137,5154,20230811,5112,4,35855.42,143421.68
40921,172,478,5837,5154,20240405,5231,3,35855.42,107566.26
40922,637,1899,5375,5154,20240420,5238,1,35855.42,35855.42
40923,1248,3698,5369,5154,20230707,5094,5,35855.42,179277.1
40924,1172,3482,5370,5154,20230324,5042,4,35855.42,143421.68
40925,1547,4544,5985,5154,20241013,5698,1,35855.42,35855.42
40926,701,2106,5871,5154,20240110,5188,3,35855.42,107566.26
40927,529,1556,5374,5628,20230131,5016,5,2680409.86,13402049.3
40928,669,2007,5520,5628,20230708,5095,2,2680409.86,5360819.72
40929,728,2176,5645,5628,20230115,5008,2,2680409.86,5360819.72
40930,1438,4206,5563,5628,20230406,5048,3,2680409.86,8041229.58
40931,1041,3097,5886,5635,20241125,5720,2,4384948.41,8769896.82
40932,1114,3304,5826,5646,20241015,5699,4,885719.62,3542878.48
40933,393,1138,5561,5646,20230613,5082,2,885719.62,1771439.24
40934,761,2282,5258,5653,20230408,5049,1,4770633.77,4770633.77
40935,49,142,5980,5653,20241126,5720,5,4770633.77,23853168.85
40936,1111,3299,5588,5653,20240612,5265,4,4770633.77,19082535.08
40937,172,477,5837,5653,20240405,5231,4,4770633.77,19082535.08
40938,73,207,5056,5653,20240429,5243,3,4770633.77,14311901.31
40939,838,2506,5769,5653,20240817,5298,1,4770633.77,4770633.77
40940,892,2672,5744,5660,20230531,5076,4,3454548.98,13818195.92
40941,799,2390,5372,5660,20230810,5111,5,3454548.98,17272744.9
40942,901,2701,5446,5660,20240820,5299,3,3454548.98,10363646.94
40943,201,569,5852,5660,20230211,5021,5,3454548.98,17272744.9
40944,321,913,5147,5660,20230605,5078,4,3454548.98,13818195.92
40945,1643,4823,5883,5660,20240225,5211,2,3454548.98,6909097.96
40946,325,925,5315,5660,20241002,5693,1,3454548.98,3454548.98
40947,239,668,5095,5671,20230920,5132,3,2867781.35,8603344.05
40948,808,2418,5378,5671,20240627,5272,3,2867781.35,8603344.05
40949,589,1751,5281,5671,20240719,5283,5,2867781.35,14338906.75
40950,112,316,5969,5671,20231003,5138,4,2867781.35,11471125.4
40951,1714,5025,5136,5671,20240604,5261,4,2867781.35,11471125.4
40952,512,1501,5109,5671,20240427,5242,1,2867781.35,2867781.35
40953,767,2299,5684,5671,20230630,5091,2,2867781.35,5735562.7
40954,748,2237,5177,5671,20230108,5004,3,2867781.35,8603344.05
40955,852,2542,5711,5671,20231010,5142,1,2867781.35,2867781.35
40956,1310,3855,5251,5671,20240805,5292,1,2867781.35,2867781.35
40957,241,676,5738,5671,20230811,5112,1,2867781.35,2867781.35
40958,1702,4987,5131,5671,20240623,5270,2,2867781.35,5735562.7
40959,611,1829,5765,5671,20230206,5019,5,2867781.35,14338906.75
40960,1115,3310,5186,5671,20240921,5315,4,2867781.35,11471125.4
40961,1517,4467,5601,5671,20231125,5165,2,2867781.35,5735562.7
40962,1152,3420,5390,5678,20240826,5302,5,2289424.39,11447121.95
40963,820,2455,5363,5678,20240115,5190,4,2289424.39,9157697.56
40964,1173,3486,5732,5678,20240227,5212,4,2289424.39,9157697.56
40965,944,2823,5018,5678,20240608,5263,2,2289424.39,4578848.78
40966,1326,3893,5118,5685,20240416,5236,5,4673568.17,23367840.85
40967,296,847,5045,5685,20240819,5299,5,4673568.17,23367840.85
40968,1307,3848,5111,5685,20230216,5024,2,4673568.17,9347136.34
40969,320,911,5449,5685,20240722,5285,1,4673568.17,4673568.17
40970,1674,4912,5870,5685,20241210,5727,1,4673568.17,4673568.17
40971,1579,4634,5886,5696,20230507,5064,5,4175759.84,20878799.2
40972,380,1093,5915,5696,20240822,5300,2,4175759.84,8351519.68
40973,1399,4094,5660,5703,20230412,5051,5,170764.4,853822.0
40974,1645,4834,5363,5710,20240409,5233,5,2703401.45,13517007.25
40975,299,862,5496,5710,20241214,5729,5,2703401.45,13517007.25
40976,1629,4791,5811,5710,20231208,5171,2,2703401.45,5406802.9
40977,466,1356,5990,5710,20240702,5275,2,2703401.45,5406802.9
40978,519,1522,5081,5721,20230722,5102,4,3931164.93,15724659.72
40979,109,310,5780,5721,20230903,5123,5,3931164.93,19655824.65
40980,1801,5308,5939,5728,20241227,5736,3,2816305.89,8448917.67
40981,1284,3794,5390,5728,20230504,5062,4,2816305.89,11265223.56
40982,1936,5709,5191,5728,20240219,5208,2,2816305.89,5632611.78
40983,1815,5349,5150,5728,20230913,5128,3,2816305.89,8448917.67
40984,1351,3949,5385,5110,20240514,5250,3,2379714.07,7139142.21
40985,1333,3908,5710,5110,20230425,5058,4,2379714.07,9518856.28
40986,1818,5358,5098,5110,20241216,5730,1,2379714.07,2379714.07
40987,1902,5616,5056,5110,20230730,5106,1,2379714.07,2379714.07
40988,465,1353,5566,5112,20241125,5720,1,4899691.18,4899691.18
40989,1368,4004,5211,5112,20241229,5737,3,4899691.18,14699073.54
40990,542,1601,5329,5112,20241211,5728,3,4899691.18,14699073.54
40991,1390,4072,5816,5112,20230221,5026,1,4899691.18,4899691.18
40992,1472,4325,5909,5112,20241229,5737,4,4899691.18,19598764.72
40993,104,301,5292,5135,20240728,5288,1,3858159.6,3858159.6
40994,663,1990,5144,5135,20240831,5305,4,3858159.6,15432638.4
40995,302,866,5676,5135,20241107,5711,4,3858159.6,15432638.4
40996,534,1571,5552,5135,20240220,5208,3,3858159.6,11574478.8
40997,1250,3703,5895,5137,20240423,5240,3,1592033.32,4776099.96
40998,1349,3944,5608,5137,20240522,5254,2,1592033.32,3184066.64
40999,1127,3346,5363,5137,20230909,5126,4,1592033.32,6368133.28
41000,101,291,5609,5137,20240316,5221,4,1592033.32,6368133.28
41001,944,2822,5018,5137,20240608,5263,5,1592033.32,7960166.6
41002,1572,4611,5686,5144,20230105,5003,3,1738353.94,5215061.82
41003,1665,4892,5598,5144,20230109,5005,3,1738353.94,5215061.82
41004,1158,3444,5022,5144,20240112,5189,2,1738353.94,3476707.88
41005,1041,3095,5886,5144,20241125,5720,2,1738353.94,3476707.88
41006,777,2329,5317,5144,20240816,5297,4,1738353.94,6953415.76
41007,746,2230,5017,5144,20240121,5193,1,1738353.94,1738353.94
41008,1405,4113,5088,5144,20240601,5259,2,1738353.94,3476707.88
41009,552,1635,5610,5144,20240220,5208,5,1738353.94,8691769.7
41010,816,2444,5876,5144,20241221,5733,2,1738353.94,3476707.88
41011,818,2453,5788,5144,20240410,5233,4,1738353.94,6953415.76
41012,98,287,5009,5144,20240425,5241,3,1738353.94,5215061.82
41013,1623,4765,5330,5146,20230129,5015,5,1077794.17,5388970.85
41014,688,2064,5184,5146,20241017,5700,2,1077794.17,2155588.34
41015,820,2456,5363,5146,20240115,5190,3,1077794.17,3233382.51
41016,1906,5625,5642,5146,20230707,5094,3,1077794.17,3233382.51
41017,1037,3083,5397,5146,20230914,5129,3,1077794.17,3233382.51
41018,343,972,5911,5146,20230712,5097,1,1077794.17,1077794.17
41019,1494,4396,5778,5146,20240912,5311,5,1077794.17,5388970.85
41020,1672,4907,5709,5146,20230713,5097,3,1077794.17,3233382.51
41021,1004,2989,5322,5146,20231230,5182,4,1077794.17,4311176.68
41022,386,1113,5157,5146,20231128,5166,2,1077794.17,2155588.34
41023,1211,3591,5316,5146,20241124,5719,1,1077794.17,1077794.17
41024,58,164,5644,5146,20231212,5173,3,1077794.17,3233382.51
41025,275,778,5321,5146,20241118,5716,3,1077794.17,3233382.51
41026,325,927,5315,5636,20241002,5693,3,1498977.13,4496931.39
41027,555,1651,5093,5636,20241022,5703,5,1498977.13,7494885.65
41028,1575,4623,5084,5636,20240207,5202,3,1498977.13,4496931.39
41029,1119,3319,5862,5636,20230604,5078,2,1498977.13,2997954.26
41030,198,558,5839,5636,20240725,5286,1,1498977.13,1498977.13
41031,550,1630,5839,5638,20240722,5285,2,1429962.65,2859925.3
41032,1190,3529,5844,5638,20230627,5089,5,1429962.65,7149813.25
41033,136,374,5286,5638,20230802,5107,5,1429962.65,7149813.25
41034,611,1826,5765,5638,20230206,5019,3,1429962.65,4289887.95
41035,342,970,5932,5638,20241014,5699,2,1429962.65,2859925.3
41036,810,2425,5086,5638,20240522,5254,3,1429962.65,4289887.95
41037,1206,3576,5972,5638,20230818,5115,5,1429962.65,7149813.25
41038,1578,4629,5686,5643,20241118,5716,4,3244943.84,12979775.36
41039,1164,3464,5435,5643,20241202,5723,4,3244943.84,12979775.36
41040,53,152,5387,5643,20241120,5717,4,3244943.84,12979775.36
41041,339,961,5781,5643,20230530,5075,2,3244943.84,6489887.68
41042,298,860,5806,5643,20231018,5146,5,3244943.84,16224719.2
41043,1536,4511,5201,5643,20240531,5259,5,3244943.84,16224719.2
41044,1151,3418,5881,5645,20240223,5210,1,3955930.65,3955930.65
41045,590,1752,5967,5645,20231230,5182,1,3955930.65,3955930.65
41046,1792,5281,5072,5645,20241106,5710,5,3955930.65,19779653.25
41047,1792,5280,5072,5668,20241106,5710,1,2632278.21,2632278.21
41048,1510,4442,5402,5668,20230713,5097,5,2632278.21,13161391.05
41049,791,2365,5114,5668,20231015,5144,2,2632278.21,5264556.42
41050,403,1173,5013,5668,20240929,5691,3,2632278.21,7896834.63
41051,576,1714,5374,5668,20241109,5712,4,2632278.21,10529112.84
41052,1396,4089,5937,5668,20230730,5106,4,2632278.21,10529112.84
41053,1566,4591,5498,5668,20230925,5134,4,2632278.21,10529112.84
41054,1693,4965,5235,5668,20230926,5135,5,2632278.21,13161391.05
41055,1370,4012,5816,5668,20240104,5185,2,2632278.21,5264556.42
41056,1385,4058,5236,5668,20240513,5250,2,2632278.21,5264556.42
41057,1385,4059,5236,5670,20240513,5250,2,318172.66,636345.32
41058,1034,3077,5411,5670,20240219,5208,5,318172.66,1590863.3
41059,297,855,5062,5670,20230919,5131,2,318172.66,636345.32
41060,286,814,5118,5670,20240927,5690,3,318172.66,954517.98
41061,1008,3000,5916,5670,20230423,5057,1,318172.66,318172.66
41062,638,1901,5762,5670,20231105,5155,5,318172.66,1590863.3
41063,1030,3068,5605,5677,20241231,5738,2,668402.26,1336804.52
41064,1057,3143,5538,5677,20240317,5221,2,668402.26,1336804.52
41065,1161,3450,5478,5677,20241118,5716,1,668402.26,668402.26
41066,383,1101,5147,5677,20240409,5233,1,668402.26,668402.26
41067,1151,3416,5881,5677,20240223,5210,4,668402.26,2673609.04
41068,500,1465,5498,5679,20240327,5226,5,2798398.02,13991990.1
41069,1353,3958,5456,5679,20240918,5314,4,2798398.02,11193592.08
41070,1351,3950,5385,5679,20240514,5250,4,2798398.02,11193592.08
41071,761,2281,5258,5679,20230408,5049,3,2798398.02,8395194.06
41072,679,2034,5391,5679,20230702,5092,5,2798398.02,13991990.1
41073,52,146,5551,5679,20231019,5146,2,2798398.02,5596796.04
41074,1206,3579,5972,5679,20230818,5115,1,2798398.02,2798398.02
41075,905,2713,5976,5679,20240608,5263,5,2798398.02,13991990.1
41076,74,211,5424,5131,20230127,5014,3,3054282.13,9162846.39
41077,460,1341,5936,5131,20230520,5070,2,3054282.13,6108564.26
41078,1160,3449,5705,5131,20241109,5712,1,3054282.13,3054282.13
41079,1799,5302,5120,5131,20230731,5106,1,3054282.13,3054282.13
41080,20,56,5276,5131,20241121,5718,3,3054282.13,9162846.39
41081,177,492,5463,5131,20240108,5187,2,3054282.13,6108564.26
41082,1014,3021,5450,5133,20231116,5160,5,2794852.39,13974261.95
41083,1294,3815,5324,5133,20240320,5223,3,2794852.39,8384557.17
41084,397,1149,5785,5133,20230529,5075,3,2794852.39,8384557.17
41085,1597,4681,5576,5133,20241129,5722,2,2794852.39,5589704.78
41086,543,1602,5804,5148,20240321,5223,1,694992.04,694992.04
41087,940,2811,5380,5148,20240106,5186,1,694992.04,694992.04
41088,1351,3951,5385,5148,20240514,5250,2,694992.04,1389984.08
41089,185,516,5853,5148,20230310,5035,5,694992.04,3474960.2
41090,1224,3632,5159,5148,20230829,5121,2,694992.04,1389984.08
41091,1610,4727,5901,5148,20240221,5209,4,694992.04,2779968.16
41092,939,2806,5761,5148,20230310,5035,3,694992.04,2084976.12
41093,870,2606,5786,5148,20240116,5191,5,694992.04,3474960.2
41094,25,73,5239,5150,20240427,5242,1,3193343.42,3193343.42
41095,853,2545,5931,5150,20230601,5076,3,3193343.42,9580030.26
41096,385,1112,5475,5150,20240410,5233,1,3193343.42,3193343.42
41097,1027,3055,5902,5150,20240901,5305,3,3193343.42,9580030.26
41098,1133,3360,5657,5150,20240717,5282,2,3193343.42,6386686.84
41099,1085,3213,5549,5150,20240807,5293,3,3193343.42,9580030.26
41100,1219,3612,5701,5150,20241210,5727,5,3193343.42,15966717.1
41101,232,650,5170,5150,20241207,5726,2,3193343.42,6386686.84
41102,915,2740,5944,5630,20240329,5227,4,2095246.06,8380984.24
41103,604,1804,5815,5630,20241010,5697,4,2095246.06,8380984.24
41104,265,757,5332,5630,20240213,5205,3,2095246.06,6285738.18
41105,960,2868,5269,5630,20240614,5266,5,2095246.06,10476230.3
41106,391,1134,5742,5630,20241225,5735,3,2095246.06,6285738.18
41107,753,2256,5309,5630,20240619,5268,5,2095246.06,10476230.3
41108,225,633,5211,5630,20240408,5232,5,2095246.06,10476230.3
41109,102,294,5559,5632,20230825,5119,2,4985887.3,9971774.6
41110,194,541,5181,5632,20230314,5037,1,4985887.3,4985887.3
41111,1786,5258,5952,5632,20231108,5156,2,4985887.3,9971774.6
41112,1515,4461,5342,5632,20241223,5734,5,4985887.3,24929436.5
41113,1865,5503,5456,5634,20240314,5220,2,4683677.64,9367355.28
41114,1827,5385,5989,5634,20230618,5085,5,4683677.64,23418388.2
41115,1513,4450,5803,5634,20230120,5010,1,4683677.64,4683677.64
41116,1981,5838,5118,5634,20241001,5692,2,4683677.64,9367355.28
41117,1962,5788,5136,5634,20240629,5273,1,4683677.64,4683677.64
41118,1826,5381,5349,5647,20231130,5167,3,4136679.23,12410037.69
41119,1799,5301,5120,5647,20230731,5106,3,4136679.23,12410037.69
41120,71,197,5106,5647,20230620,5086,5,4136679.23,20683396.15
41121,1698,4976,5234,5647,20241101,5708,1,4136679.23,4136679.23
41122,1625,4774,5858,5647,20241003,5693,1,4136679.23,4136679.23
41123,1390,4071,5816,5647,20230221,5026,4,4136679.23,16546716.92
41124,678,2030,5290,5647,20230725,5103,4,4136679.23,16546716.92
41125,86,250,5958,5647,20241215,5730,1,4136679.23,4136679.23
41126,597,1775,5592,5649,20240113,5189,3,932058.19,2796174.57
41127,1357,3970,5139,5649,20241025,5704,4,932058.19,3728232.76
41128,982,2925,5810,5649,20230421,5056,3,932058.19,2796174.57
41129,1620,4756,5945,5649,20230913,5128,2,932058.19,1864116.38
41130,1963,5789,5534,5649,20240127,5196,5,932058.19,4660290.95
41131,344,975,5778,5649,20230709,5095,3,932058.19,2796174.57
41132,1538,4519,5564,5649,20231122,5163,5,932058.19,4660290.95
41133,775,2327,5145,5649,20230429,5060,5,932058.19,4660290.95
41134,908,2720,5295,5649,20230227,5029,4,932058.19,3728232.76
41135,708,2125,5386,5649,20241206,5725,1,932058.19,932058.19
41136,858,2565,5753,5664,20240306,5216,4,3741196.84,14964787.36
41137,1806,5324,5842,5664,20240401,5229,5,3741196.84,18705984.2
41138,1782,5244,5435,5664,20240205,5201,5,3741196.84,18705984.2
41139,969,2895,5379,5664,20230515,5068,5,3741196.84,18705984.2
41140,115,324,5351,5664,20240411,5234,2,3741196.84,7482393.68
41141,1368,4003,5211,5666,20241229,5737,2,3789179.11,7578358.22
41142,1583,4645,5187,5666,20240418,5237,3,3789179.11,11367537.33
41143,536,1579,5360,5666,20231106,5155,5,3789179.11,18945895.55
41144,817,2450,5025,5666,20240807,5293,2,3789179.11,7578358.22
41145,1227,3639,5478,5666,20230216,5024,4,3789179.11,15156716.44
41146,333,944,5160,5666,20241223,5734,3,3789179.11,11367537.33
41147,353,1006,5944,5666,20240430,5243,4,3789179.11,15156716.44
41148,1667,4898,5836,5666,20230901,5122,3,3789179.11,11367537.33
41149,1456,4258,5753,5681,20240122,5194,1,1279741.52,1279741.52
41150,1446,4232,5903,5681,20240603,5260,3,1279741.52,3839224.56
41151,216,600,5612,5681,20230611,5081,5,1279741.52,6398707.6
41152,514,1506,5960,5681,20240312,5219,2,1279741.52,2559483.04
41153,1050,3125,5557,5681,20231218,5176,2,1279741.52,2559483.04
41154,815,2441,5942,5681,20240506,5246,5,1279741.52,6398707.6
41155,529,1554,5374,5683,20230131,5016,3,235996.12,707988.36
41156,990,2939,5093,5683,20231226,5180,1,235996.12,235996.12
41157,1261,3732,5314,5683,20240807,5293,2,235996.12,471992.24
41158,1586,4656,5973,5683,20231015,5144,4,235996.12,943984.48
41159,555,1649,5093,5683,20241022,5703,3,235996.12,707988.36
41160,128,353,5074,5683,20230930,5137,5,235996.12,1179980.6
41161,441,1280,5457,5683,20230704,5093,1,235996.12,235996.12
41162,1816,5353,5356,5683,20240924,5689,5,235996.12,1179980.6
41163,727,2174,5910,5683,20241219,5732,5,235996.12,1179980.6
41164,1830,5393,5278,5683,20241212,5728,2,235996.12,471992.24
41165,277,786,5606,5683,20231125,5165,4,235996.12,943984.48
41166,770,2310,5230,5683,20240321,5223,1,235996.12,235996.12
41167,825,2472,5443,5698,20231004,5139,5,3370764.29,16853821.45
41168,103,296,5309,5122,20240118,5192,4,2070670.95,8282683.8
41169,1853,5466,5783,5122,20230219,5025,4,2070670.95,8282683.8
41170,498,1458,5502,5122,20230717,5099,3,2070670.95,6212012.85
41171,768,2305,5658,5125,20230214,5023,2,3531818.41,7063636.82
41172,1836,5410,5085,5125,20240417,5237,1,3531818.41,3531818.41
41173,1300,3829,5086,5125,20241024,5704,5,3531818.41,17659092.05
41174,43,124,5375,5125,20230809,5111,4,3531818.41,14127273.64
41175,639,1906,5276,5125,20240629,5273,4,3531818.41,14127273.64
41176,378,1088,5093,5125,20241023,5703,5,3531818.41,17659092.05
41177,1014,3020,5450,5125,20231116,5160,5,3531818.41,17659092.05
41178,1527,4484,5627,5125,20230623,5087,2,3531818.41,7063636.82
41179,962,2874,6000,5139,20230616,5084,4,1446068.98,5784275.92
41180,965,2885,5864,5139,20241207,5726,5,1446068.98,7230344.9
41181,1965,5792,5793,5139,20241013,5698,2,1446068.98,2892137.96
41182,1604,4708,5627,5140,20241210,5727,1,4479844.7,4479844.7
41183,814,2437,5017,5140,20241025,5704,3,4479844.7,13439534.1
41184,1659,4874,5334,5140,20231116,5160,3,4479844.7,13439534.1
41185,1877,5534,5551,5140,20230408,5049,4,4479844.7,17919378.8
41186,1477,4338,5172,5140,20240726,5287,4,4479844.7,17919378.8
41187,1320,3877,5966,5157,20230711,5096,3,3781996.19,11345988.57
41188,1196,3544,5624,5157,20240725,5286,5,3781996.19,18909980.95
41189,761,2279,5258,5157,20230408,5049,2,3781996.19,7563992.38
41190,27,80,5317,5157,20240310,5218,2,3781996.19,7563992.38
41191,1388,4067,5616,5625,20230604,5078,1,1612626.83,1612626.83
41192,1391,4074,5889,5625,20240413,5235,4,1612626.83,6450507.32
41193,1803,5314,5984,5625,20231114,5159,4,1612626.83,6450507.32
41194,983,2926,5605,5625,20241106,5710,5,1612626.83,8063134.15
41195,917,2742,5089,5639,20240824,5301,3,4447407.22,13342221.66
41196,1957,5771,5888,5639,20241224,5734,1,4447407.22,4447407.22
41197,1198,3552,5980,5639,20230402,5046,1,4447407.22,4447407.22
41198,1831,5398,5874,5639,20231218,5176,2,4447407.22,8894814.44
41199,290,828,5755,5639,20231206,5170,1,4447407.22,4447407.22
41200,346,986,5625,5639,20240912,5311,2,4447407.22,8894814.44
41201,1648,4849,5352,5639,20241122,5718,5,4447407.22,22237036.1
41202,344,977,5778,5642,20230709,5095,1,1660113.64,1660113.64
41203,261,741,5912,5642,20240208,5202,5,1660113.64,8300568.2
41204,342,968,5932,5642,20241014,5699,3,1660113.64,4980340.92
41205,73,205,5056,5642,20240429,5243,3,1660113.64,4980340.92
41206,88,255,5127,5642,20241008,5696,3,1660113.64,4980340.92
41207,1002,2983,5966,5642,20241215,5730,1,1660113.64,1660113.64
41208,1533,4504,5984,5642,20230504,5062,2,1660113.64,3320227.28
41209,386,1114,5157,5642,20231128,5166,5,1660113.64,8300568.2
41210,197,553,5257,5656,20241016,5700,5,3466915.27,17334576.35
41211,1935,5707,5391,5656,20240527,5257,3,3466915.27,10400745.81
41212,462,1345,5361,5656,20240703,5275,5,3466915.27,17334576.35
41213,928,2773,5530,5656,20231106,5155,2,3466915.27,6933830.54
41214,747,2234,5007,5656,20240513,5250,3,3466915.27,10400745.81
41215,139,387,5421,5656,20230213,5022,1,3466915.27,3466915.27
41216,920,2756,5772,5656,20230309,5034,1,3466915.27,3466915.27
41217,238,665,5457,5656,20240819,5299,1,3466915.27,3466915.27
41218,408,1185,5352,5657,20240825,5302,5,3342252.71,16711263.55
41219,1833,5400,5894,5657,20230111,5006,2,3342252.71,6684505.42
41220,794,2373,5937,5657,20231030,5152,3,3342252.71,10026758.13
41221,616,1839,5512,5657,20241001,5692,2,3342252.71,6684505.42
41222,341,965,5341,5657,20240226,5211,5,3342252.71,16711263.55
41223,1427,4175,5623,5657,20231014,5144,2,3342252.71,6684505.42
41224,154,427,5182,5657,20240925,5689,2,3342252.71,6684505.42
41225,1645,4837,5363,5674,20240409,5233,1,3587420.65,3587420.65
41226,763,2290,5673,5674,20240420,5238,3,3587420.65,10762261.95
41227,201,570,5852,5674,20230211,5021,1,3587420.65,3587420.65
41228,1276,3773,5759,5674,20231127,5166,2,3587420.65,7174841.3
41229,538,1584,5468,5675,20230902,5123,1,463798.81,463798.81
41230,955,2857,5549,5675,20230621,5086,2,463798.81,927597.62
41231,162,449,5254,5675,20241206,5725,2,463798.81,927597.62
41232,1079,3199,5439,5675,20230623,5087,3,463798.81,1391396.43
41233,1519,4471,5335,5675,20230124,5012,3,463798.81,1391396.43
41234,1921,5659,5339,5689,20230621,5086,3,3831480.14,11494440.42
41235,566,1682,5865,5689,20240606,5262,1,3831480.14,3831480.14
41236,448,1304,5994,5689,20240727,5287,1,3831480.14,3831480.14
41237,1452,4245,5862,5689,20241004,5694,2,3831480.14,7662960.28
41238,282,802,5699,5689,20230828,5120,3,3831480.14,11494440.42
41239,1109,3293,5961,5689,20241118,5716,5,3831480.14,19157400.7
41240,1993,5869,5372,5689,20230930,5137,4,3831480.14,15325920.56
41241,838,2505,5769,5689,20240817,5298,5,3831480.14,19157400.7
41242,246,694,5081,5689,20240813,5296,3,3831480.14,11494440.42
41243,336,951,5544,5692,20240801,5290,1,1884471.21,1884471.21
41244,1048,3114,5390,5692,20241108,5711,2,1884471.21,3768942.42
41245,365,1044,5654,5692,20240703,5275,1,1884471.21,1884471.21
41246,1896,5595,5914,5692,20240330,5228,3,1884471.21,5653413.63
41247,324,921,5122,5692,20241125,5720,3,1884471.21,5653413.63
41248,1230,3646,5220,5692,20240115,5190,4,1884471.21,7537884.84
41249,1183,3514,5540,5692,20241005,5694,5,1884471.21,9422356.05
41250,764,2292,5055,5706,20230802,5107,2,513474.6,1026949.2
41251,1824,5377,5265,5706,20240720,5284,1,513474.6,513474.6
41252,1477,4340,5172,5707,20240726,5287,3,2237740.92,6713222.76
41253,1384,4057,5448,5707,20230504,5062,1,2237740.92,2237740.92
41254,4,13,5252,5707,20230913,5128,5,2237740.92,11188704.6
41255,1853,5462,5783,5707,20230219,5025,5,2237740.92,11188704.6
41256,997,2962,5216,5724,20230811,5112,3,927556.1,2782668.3
41257,400,1164,5639,5724,20240401,5229,1,927556.1,927556.1
41258,938,2801,5222,5724,20231011,5142,3,927556.1,2782668.3
41259,1188,3522,5350,5724,20240225,5211,1,927556.1,927556.1
41260,1702,4985,5131,5124,20240623,5270,5,4365360.37,21826801.85
41261,1073,3181,5247,5124,20240101,5183,1,4365360.37,4365360.37
41262,804,2410,5148,5124,20230602,5077,5,4365360.37,21826801.85
41263,1029,3061,5781,5124,20240526,5256,3,4365360.37,13096081.11
41264,1124,3335,5460,5124,20230920,5132,1,4365360.37,4365360.37
41265,769,2306,5991,5124,20240108,5187,4,4365360.37,17461441.48
41266,389,1125,5647,5124,20241224,5734,5,4365360.37,21826801.85
41267,743,2219,5176,5138,20240325,5225,1,2806833.08,2806833.08
41268,1460,4275,5846,5138,20230531,5076,1,2806833.08,2806833.08
41269,1315,3862,5126,5138,20230327,5043,1,2806833.08,2806833.08
41270,1788,5265,5388,5138,20230202,5017,3,2806833.08,8420499.24
41271,1752,5138,5918,5141,20241223,5734,3,4093703.53,12281110.59
41272,1687,4945,5894,5141,20230131,5016,3,4093703.53,12281110.59
41273,568,1687,5220,5141,20240114,5190,5,4093703.53,20468517.65
41274,1144,3396,5462,5141,20240523,5255,4,4093703.53,16374814.12
41275,1332,3906,5972,5141,20230519,5070,1,4093703.53,4093703.53
41276,1600,4695,5874,5142,20230923,5133,4,1459358.73,5837434.92
41277,1257,3717,5840,5142,20230622,5087,1,1459358.73,1459358.73
41278,370,1061,5284,5142,20230210,5021,5,1459358.73,7296793.65
41279,1731,5072,5561,5142,20240119,5192,2,1459358.73,2918717.46
41280,1492,4391,5150,5142,20240802,5290,5,1459358.73,7296793.65
41281,877,2624,5043,5142,20230901,5122,3,1459358.73,4378076.19
41282,1640,4816,5054,5142,20230227,5029,5,1459358.73,7296793.65
41283,282,805,5699,5142,20230828,5120,2,1459358.73,2918717.46
41284,1752,5140,5918,5155,20241223,5734,5,2040468.18,10202340.9
41285,951,2846,5652,5155,20231026,5150,4,2040468.18,8161872.72
41286,1416,4143,5234,5155,20230313,5036,2,2040468.18,4080936.36
41287,1006,2995,5777,5155,20240222,5209,5,2040468.18,10202340.9
41288,758,2274,5316,5155,20231105,5155,3,2040468.18,6121404.54
41289,630,1872,5768,5155,20230607,5079,3,2040468.18,6121404.54
41290,657,1968,5013,5156,20230109,5005,4,2392468.12,9569872.48
41291,1163,3461,5153,5156,20241016,5700,1,2392468.12,2392468.12
41292,511,1498,5030,5156,20230221,5026,4,2392468.12,9569872.48
41293,1907,5629,5119,5640,20230107,5004,1,4256788.1,4256788.1
41294,1339,3918,5373,5641,20240419,5238,5,1371457.04,6857285.2
41295,543,1604,5804,5641,20240321,5223,2,1371457.04,2742914.08
41296,170,467,5941,5641,20240905,5307,1,1371457.04,1371457.04
41297,1294,3816,5324,5641,20240320,5223,3,1371457.04,4114371.12
41298,1806,5323,5842,5641,20240401,5229,1,1371457.04,1371457.04
41299,787,2349,5645,5641,20240413,5235,2,1371457.04,2742914.08
41300,969,2893,5379,5641,20230515,5068,3,1371457.04,4114371.12
41301,1100,3261,5818,5658,20230310,5035,1,1540963.65,1540963.65
41302,988,2937,5599,5658,20240908,5309,1,1540963.65,1540963.65
41303,858,2566,5753,5658,20240306,5216,5,1540963.65,7704818.25
41304,592,1761,5865,5658,20240814,5296,3,1540963.65,4622890.95
41305,271,766,5467,5659,20240620,5269,2,3433507.36,6867014.72
41306,1439,4209,5236,5659,20231116,5160,4,3433507.36,13734029.44
41307,605,1807,5625,5659,20240816,5297,3,3433507.36,10300522.08
41308,1758,5155,5777,5659,20241031,5707,2,3433507.36,6867014.72
41309,110,312,5510,5659,20240919,5314,2,3433507.36,6867014.72
41310,995,2956,5102,5659,20240806,5292,3,3433507.36,10300522.08
41311,1125,3337,5893,5659,20240220,5208,2,3433507.36,6867014.72
41312,328,932,5347,5659,20240911,5310,3,3433507.36,10300522.08
41313,1268,3751,5359,5659,20230130,5015,4,3433507.36,13734029.44
41314,284,808,5755,5672,20230329,5044,1,831040.41,831040.41
41315,230,642,5874,5672,20230816,5114,4,831040.41,3324161.64
41316,745,2223,5625,5672,20230413,5052,5,831040.41,4155202.05
41317,289,825,5024,5672,20240405,5231,5,831040.41,4155202.05
41318,368,1056,5419,5672,20230213,5022,3,831040.41,2493121.23
41319,947,2834,5253,5672,20240417,5237,2,831040.41,1662080.82
41320,1884,5551,5279,5672,20240822,5300,1,831040.41,831040.41
41321,557,1657,5827,5672,20240817,5298,1,831040.41,831040.41
41322,879,2631,5266,5673,20240327,5226,2,590037.71,1180075.42
41323,387,1115,5733,5673,20241229,5737,4,590037.71,2360150.84
41324,1998,5887,5623,5673,20240213,5205,5,590037.71,2950188.55
41325,919,2751,5231,5673,20240501,5244,2,590037.71,1180075.42
41326,90,263,5434,5690,20241017,5700,3,1878559.99,5635679.97
41327,296,848,5045,5690,20240819,5299,1,1878559.99,1878559.99
41328,593,1765,5494,5690,20230831,5122,3,1878559.99,5635679.97
41329,944,2824,5018,5690,20240608,5263,2,1878559.99,3757119.98
41330,1376,4028,5529,5691,20240301,5213,3,2248200.29,6744600.87
41331,458,1332,5167,5691,20241119,5717,4,2248200.29,8992801.16
41332,886,2646,5199,5691,20240526,5256,3,2248200.29,6744600.87
41333,997,2961,5216,5691,20230811,5112,4,2248200.29,8992801.16
41334,1527,4485,5627,5691,20230623,5087,4,2248200.29,8992801.16
41335,1080,3201,5359,5708,20231130,5167,4,1231223.41,4924893.64
41336,1726,5057,5115,5708,20230207,5019,3,1231223.41,3693670.23
41337,663,1988,5144,5708,20240831,5305,4,1231223.41,4924893.64
41338,1551,4552,5830,5708,20230212,5022,4,1231223.41,4924893.64
41339,515,1510,5141,5708,20241222,5733,3,1231223.41,3693670.23
41340,181,508,5625,5708,20240718,5283,3,1231223.41,3693670.23
41341,1586,4653,5973,5709,20231015,5144,3,2017304.1,6051912.3
41342,1629,4789,5811,5709,20231208,5171,5,2017304.1,10086520.5
41343,1244,3686,5567,5709,20240518,5252,4,2017304.1,8069216.4
41344,420,1220,5623,5709,20241119,5717,4,2017304.1,8069216.4
41345,643,1920,5692,5722,20240404,5230,2,3484578.95,6969157.9
41346,721,2155,5929,5722,20241125,5720,3,3484578.95,10453736.85
41347,1483,4365,5520,5722,20240119,5192,2,3484578.95,6969157.9
41348,1718,5036,5285,5722,20230621,5086,2,3484578.95,6969157.9
41349,365,1046,5654,5722,20240703,5275,4,3484578.95,13938315.8
41350,1682,4932,5463,5723,20240930,5692,1,754595.86,754595.86
41351,674,2022,5285,5723,20230305,5032,2,754595.86,1509191.72
41352,940,2808,5380,5731,20240106,5186,2,1024650.3,2049300.6
41353,1447,4234,5192,5731,20230218,5025,5,1024650.3,5123251.5
41354,1889,5568,5461,5731,20230508,5064,3,1024650.3,3073950.9
41355,141,392,5980,5733,20241015,5699,3,471395.34,1414186.02
41356,1674,4913,5870,5733,20241210,5727,1,471395.34,471395.34
41357,18,50,5359,5733,20230504,5062,1,471395.34,471395.34
41358,1733,5082,5343,5733,20230328,5044,5,471395.34,2356976.7
41359,697,2090,5186,5733,20240803,5291,3,471395.34,1414186.02
41360,460,1340,5936,5733,20230520,5070,4,471395.34,1885581.36
41361,310,889,5177,5733,20240413,5235,1,471395.34,471395.34
41362,26,76,5398,5748,20240110,5188,5,2568954.53,12844772.65
41363,136,375,5286,5748,20230802,5107,2,2568954.53,5137909.06
41364,44,128,5348,5748,20241006,5695,1,2568954.53,2568954.53
41365,580,1724,5914,5748,20241117,5716,1,2568954.53,2568954.53
41366,69,193,5192,5748,20230829,5121,1,2568954.53,2568954.53
41367,1177,3498,5753,5748,20240908,5309,2,2568954.53,5137909.06
41368,1761,5168,5599,5748,20230828,5120,1,2568954.53,2568954.53
41369,284,807,5755,5748,20230329,5044,4,2568954.53,10275818.12
41370,498,1459,5502,5748,20230717,5099,4,2568954.53,10275818.12
41371,1961,5782,5219,5750,20231106,5155,3,3810528.56,11431585.68
41372,1531,4495,5143,5750,20230526,5073,3,3810528.56,11431585.68
41373,742,2216,5945,5750,20240114,5190,5,3810528.56,19052642.8
41374,1690,4955,5889,5750,20240104,5185,1,3810528.56,3810528.56
41375,589,1750,5281,5750,20240719,5283,5,3810528.56,19052642.8
41376,210,587,5588,5765,20230419,5055,2,2624482.63,5248965.26
41377,18,51,5359,5765,20230504,5062,1,2624482.63,2624482.63
41378,529,1558,5374,5765,20230131,5016,2,2624482.63,5248965.26
41379,470,1368,5272,5765,20230201,5016,2,2624482.63,5248965.26
41380,89,259,5424,5765,20240731,5289,3,2624482.63,7873447.89
41381,225,632,5211,5765,20240408,5232,4,2624482.63,10497930.52
41382,1862,5492,5573,5765,20231201,5168,1,2624482.63,2624482.63
41383,695,2085,5206,5767,20230104,5002,4,3824050.83,15296203.32
41384,1745,5114,5802,5767,20241021,5702,1,3824050.83,3824050.83
41385,1342,3927,5215,5767,20241220,5732,3,3824050.83,11472152.49
41386,438,1269,5627,5767,20231229,5182,2,3824050.83,7648101.66
41387,435,1258,5325,5767,20241224,5734,2,3824050.83,7648101.66
41388,839,2508,5249,5767,20230819,5116,4,3824050.83,15296203.32
41389,896,2684,5534,5767,20240718,5283,4,3824050.83,15296203.32
41390,694,2080,5450,5782,20230313,5036,2,3976732.3,7953464.6
41391,805,2412,5046,5782,20230106,5003,4,3976732.3,15906929.2
41392,726,2169,5467,5782,20240925,5689,5,3976732.3,19883661.5
41393,1674,4911,5870,5782,20241210,5727,2,3976732.3,7953464.6
41394,956,2858,5496,5782,20231120,5162,1,3976732.3,3976732.3
41395,1586,4657,5973,5782,20231015,5144,1,3976732.3,3976732.3
41396,163,453,5149,5782,20230518,5069,3,3976732.3,11930196.9
41397,899,2695,5057,5782,20230405,5048,5,3976732.3,19883661.5
41398,700,2105,5093,5784,20241009,5696,2,2300398.75,4600797.5
41399,356,1015,5446,5784,20231004,5139,2,2300398.75,4600797.5
41400,613,1833,5372,5784,20230304,5032,2,2300398.75,4600797.5
41401,722,2157,5176,5784,20240816,5297,4,2300398.75,9201595.0
41402,1490,4385,5315,5784,20230311,5035,5,2300398.75,11501993.75
41403,1039,3090,5102,5799,20230518,5069,5,4497565.14,22487825.7
41404,854,2551,5203,5799,20230729,5105,2,4497565.14,8995130.28
41405,399,1158,5745,5799,20231112,5158,2,4497565.14,8995130.28
41406,32,95,5821,5799,20230413,5052,5,4497565.14,22487825.7
41407,729,2180,5838,5801,20230221,5026,5,88133.9,440669.5
41408,739,2201,5065,5801,20230627,5089,5,88133.9,440669.5
41409,740,2208,5921,5801,20230504,5062,4,88133.9,352535.6
41410,1627,4780,5210,5801,20240429,5243,2,88133.9,176267.8
41411,88,257,5127,5814,20241008,5696,2,157832.04,315664.08
41412,1013,3018,5612,5814,20231018,5146,3,157832.04,473496.12
41413,1043,3099,5933,5814,20241126,5720,1,157832.04,157832.04
41414,1998,5888,5623,5814,20240213,5205,2,157832.04,315664.08
41415,1801,5311,5939,5814,20241227,5736,2,157832.04,315664.08
41416,1537,4512,5063,5816,20230428,5059,4,2458111.25,9832445.0
41417,1320,3878,5966,5816,20230711,5096,4,2458111.25,9832445.0
41418,1117,3315,5261,5816,20240618,5268,5,2458111.25,12290556.25
41419,657,1966,5013,5816,20230109,5005,3,2458111.25,7374333.75
41420,322,914,5917,5816,20240207,5202,2,2458111.25,4916222.5
41421,1927,5678,5564,5816,20240704,5276,2,2458111.25,4916222.5
41422,1440,4211,5024,5816,20241012,5698,5,2458111.25,12290556.25
41423,1575,4622,5084,5816,20240207,5202,4,2458111.25,9832445.0
41424,1607,4718,5687,5816,20240313,5219,4,2458111.25,9832445.0
41425,1780,5240,5585,5816,20240909,5309,5,2458111.25,12290556.25
41426,1741,5099,5490,5831,20240328,5227,2,1776032.29,3552064.58
41427,772,2317,5176,5831,20230417,5054,3,1776032.29,5328096.87
41428,878,2626,5906,5831,20231121,5163,2,1776032.29,3552064.58
41429,1427,4172,5623,5831,20231014,5144,1,1776032.29,1776032.29
41430,240,673,5580,5831,20240807,5293,5,1776032.29,8880161.45
41431,570,1695,5113,5831,20240727,5287,3,1776032.29,5328096.87
41432,967,2890,5359,5831,20230427,5059,5,1776032.29,8880161.45
41433,409,1190,5082,5833,20240224,5210,5,4319953.7,21599768.5
41434,702,2108,5859,5833,20231215,5175,4,4319953.7,17279814.8
41435,206,576,5473,5833,20240622,5270,3,4319953.7,12959861.1
41436,1645,4833,5363,5833,20240409,5233,2,4319953.7,8639907.4
41437,860,2575,5023,5833,20230713,5097,1,4319953.7,4319953.7
41438,1560,4573,5092,5833,20230313,5036,2,4319953.7,8639907.4
41439,1371,4014,5989,5833,20230615,5083,4,4319953.7,17279814.8
41440,170,470,5941,5833,20240905,5307,1,4319953.7,4319953.7
41441,351,1002,5270,5833,20241230,5737,4,4319953.7,17279814.8
41442,829,2483,5138,5833,20241121,5718,1,4319953.7,4319953.7
41443,779,2332,5452,5848,20230423,5057,5,1667763.9,8338819.5
41444,1127,3345,5363,5151,20230909,5126,3,509987.82,1529963.46
41445,646,1930,5250,5151,20240628,5273,5,509987.82,2549939.1
41446,461,1342,5142,5151,20241004,5694,5,509987.82,2549939.1
41447,1717,5032,5067,5153,20241110,5712,2,3409148.01,6818296.02
41448,152,422,5938,5627,20230402,5046,4,3264970.66,13059882.64
41449,106,303,5846,5627,20241023,5703,3,3264970.66,9794911.98
41450,909,2723,5266,5627,20230601,5076,2,3264970.66,6529941.32
41451,232,649,5170,5627,20241207,5726,4,3264970.66,13059882.64
41452,1183,3513,5540,5629,20241005,5694,2,4567016.33,9134032.66
41453,1655,4864,5380,5629,20231230,5182,1,4567016.33,4567016.33
41454,1394,4081,5948,5629,20240603,5260,5,4567016.33,22835081.65
41455,1544,4535,5802,5652,20240722,5285,2,1185251.05,2370502.1
41456,278,789,5786,5652,20241102,5708,3,1185251.05,3555753.15
41457,1401,4099,5866,5652,20230522,5071,5,1185251.05,5926255.25
41458,291,835,5985,5652,20240704,5276,3,1185251.05,3555753.15
41459,460,1338,5936,5652,20230520,5070,3,1185251.05,3555753.15
41460,1855,5472,5094,5652,20230902,5123,3,1185251.05,3555753.15
41461,949,2838,5649,5652,20240105,5185,4,1185251.05,4741004.2
41462,755,2265,5608,5654,20241209,5727,5,2916479.15,14582395.75
41463,121,338,5742,5654,20230509,5065,1,2916479.15,2916479.15
41464,964,2879,5626,5654,20230712,5097,4,2916479.15,11665916.6
41465,1571,4608,5375,5654,20230103,5002,5,2916479.15,14582395.75
41466,797,2384,5089,5654,20240720,5284,1,2916479.15,2916479.15
41467,1479,4349,5900,5654,20240223,5210,1,2916479.15,2916479.15
41468,333,945,5160,5661,20241223,5734,4,1844044.08,7376176.32
41469,154,428,5182,5661,20240925,5689,5,1844044.08,9220220.4
41470,1131,3355,5030,5661,20231007,5140,4,1844044.08,7376176.32
41471,1346,3936,5229,5663,20240206,5201,3,2396127.68,7188383.04
41472,575,1710,5993,5686,20240321,5223,5,4930824.87,24654124.35
41473,1893,5585,5272,5686,20230726,5104,3,4930824.87,14792474.61
41474,945,2829,5593,5686,20230923,5133,4,4930824.87,19723299.48
41475,1757,5152,5371,5686,20241102,5708,4,4930824.87,19723299.48
41476,292,838,5766,5688,20240713,5280,3,908106.82,2724320.46
41477,1209,3587,5612,5688,20240317,5221,4,908106.82,3632427.28
41478,530,1560,5378,5688,20230426,5058,5,908106.82,4540534.1
41479,1076,3190,5161,5688,20240829,5304,1,908106.82,908106.82
41480,522,1531,5698,5688,20240411,5234,4,908106.82,3632427.28
41481,1511,4446,5672,5693,20230120,5010,3,3271135.15,9813405.45
41482,339,959,5781,5693,20230530,5075,3,3271135.15,9813405.45
41483,1226,3635,5724,5693,20241117,5716,1,3271135.15,3271135.15
41484,12,37,5766,5693,20240212,5204,3,3271135.15,9813405.45
41485,1162,3457,5535,5693,20240719,5283,5,3271135.15,16355675.75
41486,1491,4387,5536,5693,20240507,5247,3,3271135.15,9813405.45
41487,117,330,5020,5695,20230712,5097,3,2648924.27,7946772.81
41488,624,1860,5825,5695,20240402,5229,5,2648924.27,13244621.35
41489,1681,4931,5365,5695,20241210,5727,3,2648924.27,7946772.81
41490,1893,5582,5272,5695,20230726,5104,2,2648924.27,5297848.54
41491,539,1588,5888,5695,20240715,5281,4,2648924.27,10595697.08
41492,1285,3797,5154,5695,20240318,5222,4,2648924.27,10595697.08
41493,1458,4265,5974,5718,20240612,5265,4,3133705.76,12534823.04
41494,189,530,5655,5718,20230202,5017,1,3133705.76,3133705.76
41495,39,114,5526,5718,20231120,5162,1,3133705.76,3133705.76
41496,352,1003,5391,5718,20230708,5095,5,3133705.76,15668528.8
41497,85,245,5221,5718,20240331,5228,5,3133705.76,15668528.8
41498,1695,4967,5957,5720,20230720,5101,1,4861728.27,4861728.27
41499,910,2724,5013,5720,20240131,5198,5,4861728.27,24308641.35
41500,892,2669,5744,5720,20230531,5076,3,4861728.27,14585184.81
41501,1638,4812,5330,5720,20240917,5313,5,4861728.27,24308641.35
41502,1166,3471,5178,5720,20230109,5005,4,4861728.27,19446913.08
41503,1824,5376,5265,5727,20240720,5284,4,4030823.04,16123292.16
41504,290,830,5755,5727,20231206,5170,5,4030823.04,20154115.2
41505,1087,3223,5705,5727,20240515,5251,2,4030823.04,8061646.08
41506,1941,5722,5975,5727,20240802,5290,2,4030823.04,8061646.08
41507,348,992,5255,5727,20230825,5119,3,4030823.04,12092469.12
41508,1112,3302,5674,5727,20240526,5256,5,4030823.04,20154115.2
41509,1182,3510,5981,5729,20230104,5002,3,2790860.92,8372582.76
41510,748,2238,5177,5729,20230108,5004,5,2790860.92,13954304.6
41511,801,2399,5472,5729,20240314,5220,3,2790860.92,8372582.76
41512,1104,3276,5821,5729,20231106,5155,4,2790860.92,11163443.68
41513,771,2312,5045,5729,20240923,5316,5,2790860.92,13954304.6
41514,1809,5334,5359,5729,20240805,5292,3,2790860.92,8372582.76
41515,1712,5016,5812,5729,20230224,5028,5,2790860.92,13954304.6
41516,1382,4049,5328,5752,20230307,5033,1,1571480.87,1571480.87
41517,1966,5794,5494,5752,20231219,5177,3,1571480.87,4714442.61
41518,60,168,5942,5752,20230315,5037,2,1571480.87,3142961.74
41519,587,1737,5961,5752,20240311,5218,2,1571480.87,3142961.74
41520,325,926,5315,5752,20241002,5693,4,1571480.87,6285923.48
41521,709,2127,5336,5752,20230328,5044,1,1571480.87,1571480.87
41522,1009,3003,5719,5752,20240522,5254,2,1571480.87,3142961.74
41523,123,341,5393,5754,20230604,5078,5,3708849.37,18544246.85
41524,563,1673,5169,5754,20240806,5292,2,3708849.37,7417698.74
41525,1070,3177,5781,5754,20240820,5299,4,3708849.37,14835397.48
41526,1600,4693,5874,5754,20230923,5133,3,3708849.37,11126548.11
41527,493,1444,5366,5754,20230331,5045,1,3708849.37,3708849.37
41528,1168,3475,5992,5754,20230830,5121,1,3708849.37,3708849.37
41529,1570,4605,5659,5754,20241209,5727,5,3708849.37,18544246.85
41530,969,2896,5379,5754,20230515,5068,5,3708849.37,18544246.85
41531,1718,5033,5285,5761,20230621,5086,1,4832876.25,4832876.25
41532,1461,4280,5095,5761,20240226,5211,1,4832876.25,4832876.25
41533,1082,3207,5492,5761,20240611,5264,3,4832876.25,14498628.75
41534,79,221,5639,5761,20231018,5146,3,4832876.25,14498628.75
41535,669,2006,5520,5761,20230708,5095,4,4832876.25,19331505.0
41536,1404,4108,5512,5735,20240430,5243,3,3371622.88,10114868.64
41537,1536,4509,5201,5735,20240531,5259,5,3371622.88,16858114.4
41538,918,2746,5529,5735,20230528,5074,1,3371622.88,3371622.88
41539,523,1533,5369,5735,20241021,5702,3,3371622.88,10114868.64
41540,1414,4137,5926,5735,20230131,5016,2,3371622.88,6743245.76
41541,139,386,5421,5746,20230213,5022,2,1909502.1,3819004.2
41542,1363,3988,5407,5746,20240324,5225,5,1909502.1,9547510.5
41543,195,548,5391,5746,20230802,5107,1,1909502.1,1909502.1
41544,1765,5183,5786,5746,20230712,5097,1,1909502.1,1909502.1
41545,1122,3328,5841,5753,20240227,5212,4,2816998.39,11267993.56
41546,813,2431,5463,5753,20240103,5184,1,2816998.39,2816998.39
41547,1874,5524,5399,5753,20231105,5155,4,2816998.39,11267993.56
41548,667,1999,5577,5753,20241103,5709,3,2816998.39,8450995.17
41549,1967,5795,5713,5753,20230803,5108,2,2816998.39,5633996.78
41550,540,1589,5068,5753,20240508,5247,4,2816998.39,11267993.56
41551,505,1481,5545,5753,20231225,5180,1,2816998.39,2816998.39
41552,1396,4086,5937,5753,20230730,5106,3,2816998.39,8450995.17
41553,1189,3527,5485,5753,20240504,5245,2,2816998.39,5633996.78
41554,123,340,5393,5760,20230604,5078,4,1294060.52,5176242.08
41555,1479,4348,5900,5760,20240223,5210,5,1294060.52,6470302.6
41556,495,1450,5024,5760,20241105,5710,3,1294060.52,3882181.56
41557,1801,5310,5939,5760,20241227,5736,4,1294060.52,5176242.08
41558,1803,5315,5984,5760,20231114,5159,5,1294060.52,6470302.6
41559,1065,3164,5629,5760,20240828,5303,2,1294060.52,2588121.04
41560,851,2539,5945,5771,20230320,5040,5,1872271.46,9361357.3
41561,1527,4487,5627,5771,20230623,5087,3,1872271.46,5616814.38
41562,813,2433,5463,5771,20240103,5184,4,1872271.46,7489085.84
41563,141,394,5980,5771,20241015,5699,3,1872271.46,5616814.38
41564,857,2560,5243,5771,20230516,5068,2,1872271.46,3744542.92
41565,996,2959,5429,5771,20240815,5297,5,1872271.46,9361357.3
41566,1030,3069,5605,5771,20241231,5738,1,1872271.46,1872271.46
41567,958,2863,5248,5778,20240701,5274,1,544011.98,544011.98
41568,710,2131,5037,5778,20230714,5098,1,544011.98,544011.98
41569,1142,3389,5678,5778,20230504,5062,5,544011.98,2720059.9
41570,390,1127,5424,5778,20240107,5186,1,544011.98,544011.98
41571,1067,3170,5063,5778,20231019,5146,4,544011.98,2176047.92
41572,1009,3002,5719,5778,20240522,5254,5,544011.98,2720059.9
41573,359,1028,5389,5778,20240325,5225,4,544011.98,2176047.92
41574,1359,3974,5243,5778,20240929,5691,2,544011.98,1088023.96
41575,649,1940,5819,5778,20231004,5139,5,544011.98,2720059.9
41576,1109,3291,5961,5785,20241118,5716,5,4951262.83,24756314.15
41577,869,2602,5383,5785,20230924,5134,5,4951262.83,24756314.15
41578,1218,3610,5888,5785,20230517,5069,5,4951262.83,24756314.15
41579,1061,3155,5369,5785,20240706,5277,1,4951262.83,4951262.83
41580,155,431,5062,5785,20241002,5693,2,4951262.83,9902525.66
41581,577,1717,5566,5785,20230523,5072,3,4951262.83,14853788.49
41582,493,1441,5366,5796,20230331,5045,4,1156534.82,4626139.28
41583,1647,4842,5664,5796,20230414,5052,1,1156534.82,1156534.82
41584,991,2941,5200,5796,20230530,5075,5,1156534.82,5782674.1
41585,402,1169,5004,5796,20230515,5068,1,1156534.82,1156534.82
41586,1758,5157,5777,5796,20241031,5707,5,1156534.82,5782674.1
41587,1621,4758,5065,5796,20231204,5169,3,1156534.82,3469604.46
41588,796,2379,5222,5803,20230624,5088,4,4645085.95,18580343.8
41589,1769,5200,5123,5803,20230523,5072,3,4645085.95,13935257.85
41590,1367,4000,5738,5803,20230515,5068,5,4645085.95,23225429.75
41591,1026,3053,5982,5803,20230723,5102,3,4645085.95,13935257.85
41592,1876,5527,5476,5803,20240805,5292,3,4645085.95,13935257.85
41593,762,2288,5115,5803,20240706,5277,3,4645085.95,13935257.85
41594,1932,5700,5730,5810,20231208,5171,3,277945.2,833835.6
41595,419,1216,5942,5810,20240302,5214,1,277945.2,277945.2
41596,1943,5731,5724,5810,20231223,5179,5,277945.2,1389726.0
41597,172,476,5837,5810,20240405,5231,5,277945.2,1389726.0
41598,344,974,5778,5810,20230709,5095,1,277945.2,277945.2
41599,605,1805,5625,5810,20240816,5297,3,277945.2,833835.6
41600,1506,4433,5657,5810,20241022,5703,1,277945.2,277945.2
41601,1336,3914,5334,5810,20241027,5705,2,277945.2,555890.4
41602,1266,3749,5180,5821,20240118,5192,1,419369.67,419369.67
41603,645,1924,5168,5821,20230212,5022,4,419369.67,1677478.68
41604,560,1663,5628,5821,20231026,5150,1,419369.67,419369.67
41605,330,934,5592,5828,20241030,5707,3,945085.0,2835255.0
41606,362,1035,5620,5828,20240219,5208,1,945085.0,945085.0
41607,1901,5609,5467,5828,20231206,5170,1,945085.0,945085.0
41608,477,1396,5350,5828,20230901,5122,5,945085.0,4725425.0
41609,345,978,5492,5828,20240918,5314,4,945085.0,3780340.0
41610,1892,5580,5522,5828,20240119,5192,5,945085.0,4725425.0
41611,250,703,5179,5828,20241030,5707,3,945085.0,2835255.0
41612,291,833,5985,5828,20240704,5276,4,945085.0,3780340.0
41613,841,2511,5056,5828,20240309,5217,2,945085.0,1890170.0
41614,429,1245,5225,5828,20230505,5063,2,945085.0,1890170.0
41615,1217,3609,5368,5828,20230329,5044,3,945085.0,2835255.0
41616,1926,5675,5607,5835,20230327,5043,3,3898053.84,11694161.52
41617,1972,5809,5957,5835,20240317,5221,2,3898053.84,7796107.68
41618,1260,3727,5426,5835,20240820,5299,5,3898053.84,19490269.2
41619,841,2510,5056,5835,20240309,5217,3,3898053.84,11694161.52
41620,99,289,5198,5835,20241205,5725,2,3898053.84,7796107.68
41621,1424,4161,5123,5846,20241128,5721,1,2294729.55,2294729.55
41622,502,1472,5210,5846,20230428,5059,2,2294729.55,4589459.1
41623,742,2217,5945,5846,20240114,5190,4,2294729.55,9178918.2
41624,660,1978,5476,5846,20230813,5113,3,2294729.55,6884188.65
41625,1141,3386,5184,5846,20240807,5293,3,2294729.55,6884188.65
41626,492,1440,5121,5846,20230215,5023,4,2294729.55,9178918.2
41627,1015,3024,5516,5846,20240721,5284,5,2294729.55,11473647.75
41628,773,2321,5938,5702,20240704,5276,1,4687677.7,4687677.7
41629,1539,4522,5383,5702,20240221,5209,5,4687677.7,23438388.5
41630,1797,5292,5377,5702,20240703,5275,4,4687677.7,18750710.8
41631,1182,3511,5981,5702,20230104,5002,3,4687677.7,14063033.1
41632,730,2184,5623,5702,20230410,5050,3,4687677.7,14063033.1
41633,1285,3796,5154,5702,20240318,5222,1,4687677.7,4687677.7
41634,1786,5256,5952,5702,20231108,5156,1,4687677.7,4687677.7
41635,1671,4906,5237,5702,20230726,5104,4,4687677.7,18750710.8
41636,264,751,5088,5704,20240213,5205,1,3078466.8,3078466.8
41637,1347,3942,5643,5704,20230109,5005,2,3078466.8,6156933.6
41638,440,1279,5392,5704,20241009,5696,3,3078466.8,9235400.4
41639,476,1391,5396,5704,20240228,5212,4,3078466.8,12313867.2
41640,1975,5820,5200,5704,20230706,5094,4,3078466.8,12313867.2
41641,1373,4021,5954,5704,20240509,5248,4,3078466.8,12313867.2
41642,1945,5741,5664,5704,20240113,5189,2,3078466.8,6156933.6
41643,1341,3923,5754,5711,20230620,5086,1,709276.52,709276.52
41644,1828,5386,5361,5711,20240602,5260,5,709276.52,3546382.6
41645,1590,4666,5155,5711,20231015,5144,4,709276.52,2837106.08
41646,429,1248,5225,5711,20230505,5063,2,709276.52,1418553.04
41647,1466,4302,5419,5711,20240825,5302,4,709276.52,2837106.08
41648,128,352,5074,5711,20230930,5137,3,709276.52,2127829.56
41649,1476,4336,5195,5711,20230203,5017,4,709276.52,2837106.08
41650,1525,4480,5934,5711,20230919,5131,5,709276.52,3546382.6
41651,1464,4291,5266,5713,20240401,5229,4,2891599.33,11566397.32
41652,275,779,5321,5736,20241118,5716,2,4369366.09,8738732.18
41653,1779,5236,5642,5736,20231205,5170,2,4369366.09,8738732.18
41654,1816,5351,5356,5736,20240924,5689,4,4369366.09,17477464.36
41655,1618,4748,5704,5736,20230126,5013,4,4369366.09,17477464.36
41656,1335,3911,5925,5738,20240507,5247,2,2402177.09,4804354.18
41657,316,906,5460,5738,20241002,5693,3,2402177.09,7206531.27
41658,1149,3410,5956,5738,20230528,5074,5,2402177.09,12010885.45
41659,598,1777,5922,5738,20240508,5247,1,2402177.09,2402177.09
41660,312,891,5531,5738,20230911,5127,3,2402177.09,7206531.27
41661,538,1585,5468,5738,20230902,5123,5,2402177.09,12010885.45
41662,145,408,5016,5738,20240320,5223,2,2402177.09,4804354.18
41663,689,2066,5491,5738,20230208,5020,1,2402177.09,2402177.09
41664,1458,4268,5974,5738,20240612,5265,3,2402177.09,7206531.27
41665,1847,5437,5998,5743,20230205,5018,1,4573062.07,4573062.07
41666,1344,3930,5467,5743,20240405,5231,2,4573062.07,9146124.14
41667,455,1321,5212,5743,20240805,5292,3,4573062.07,13719186.21
41668,202,571,5196,5743,20231108,5156,1,4573062.07,4573062.07
41669,1850,5448,5287,5743,20241109,5712,5,4573062.07,22865310.35
41670,720,2149,5191,5745,20240619,5268,4,2764875.67,11059502.68
41671,705,2116,5674,5745,20230210,5021,5,2764875.67,13824378.35
41672,1008,2999,5916,5745,20230423,5057,3,2764875.67,8294627.01
41673,475,1389,5497,5768,20231119,5162,2,696082.74,1392165.48
41674,1440,4213,5024,5768,20241012,5698,2,696082.74,1392165.48
41675,1661,4880,5595,5768,20240102,5184,5,696082.74,3480413.7
41676,1189,3525,5485,5768,20240504,5245,2,696082.74,1392165.48
41677,642,1913,5514,5768,20240321,5223,3,696082.74,2088248.22
41678,1777,5229,5173,5768,20240804,5291,4,696082.74,2784330.96
41679,1507,4438,5974,5768,20240726,5287,5,696082.74,3480413.7
41680,1114,3305,5826,5768,20241015,5699,2,696082.74,1392165.48
41681,1587,4658,5638,5768,20230403,5047,4,696082.74,2784330.96
41682,517,1519,5629,5770,20241207,5726,1,55615.89,55615.89
41683,1482,4362,5531,5770,20230501,5061,2,55615.89,111231.78
41684,1992,5868,5214,5770,20240909,5309,2,55615.89,111231.78
41685,503,1477,5414,5770,20240929,5691,1,55615.89,55615.89
41686,1329,3900,5705,5772,20240923,5316,5,3299828.87,16499144.35
41687,494,1445,5421,5772,20230217,5024,4,3299828.87,13199315.48
41688,642,1916,5514,5772,20240321,5223,1,3299828.87,3299828.87
41689,271,768,5467,5772,20240620,5269,2,3299828.87,6599657.74
41690,1713,5019,5869,5772,20231014,5144,5,3299828.87,16499144.35
41691,1071,3178,5277,5772,20241002,5693,1,3299828.87,3299828.87
41692,1435,4195,5230,5772,20230207,5019,2,3299828.87,6599657.74
41693,249,698,5763,5777,20230504,5062,3,4032776.82,12098330.46
41694,1646,4838,5632,5777,20240314,5220,2,4032776.82,8065553.64
41695,41,116,5295,5777,20240804,5291,5,4032776.82,20163884.1
41696,976,2906,5702,5777,20241211,5728,4,4032776.82,16131107.28
41697,1859,5483,5739,5777,20230409,5050,1,4032776.82,4032776.82
41698,1072,3179,5241,5777,20230410,5050,2,4032776.82,8065553.64
41699,537,1583,5311,5777,20240215,5206,3,4032776.82,12098330.46
41700,1265,3745,5291,5777,20241128,5721,2,4032776.82,8065553.64
41701,125,345,5268,5779,20231116,5160,1,2626683.15,2626683.15
41702,119,333,5967,5779,20240701,5274,1,2626683.15,2626683.15
41703,1731,5071,5561,5779,20240119,5192,5,2626683.15,13133415.75
41704,1474,4332,5709,5779,20240625,5271,5,2626683.15,13133415.75
41705,347,988,5456,5779,20230825,5119,3,2626683.15,7880049.45
41706,1102,3269,5812,5779,20230803,5108,4,2626683.15,10506732.6
41707,1038,3088,5194,5802,20230825,5119,5,2939310.16,14696550.8
41708,569,1690,5718,5802,20230224,5028,3,2939310.16,8817930.48
41709,1055,3138,5673,5802,20230701,5091,3,2939310.16,8817930.48
41710,507,1484,5585,5802,20241222,5733,2,2939310.16,5878620.32
41711,468,1361,5221,5802,20231229,5182,5,2939310.16,14696550.8
41712,1222,3620,5568,5802,20230316,5038,3,2939310.16,8817930.48
41713,475,1390,5497,5804,20231119,5162,2,820626.75,1641253.5
41714,1293,3813,5967,5804,20240113,5189,2,820626.75,1641253.5
41715,720,2151,5191,5804,20240619,5268,5,820626.75,4103133.75
41716,656,1963,5686,5804,20240714,5281,5,820626.75,4103133.75
41717,230,643,5874,5804,20230816,5114,1,820626.75,820626.75
41718,1235,3663,5725,5804,20230402,5046,5,820626.75,4103133.75
41719,1974,5815,5386,5811,20230518,5069,1,1168398.58,1168398.58
41720,1776,5228,5024,5724,20231130,5167,2,927556.1,1855112.2
41721,286,813,5118,5724,20240927,5690,2,927556.1,1855112.2
41722,368,1054,5419,5724,20230213,5022,2,927556.1,1855112.2
41723,1145,3401,5789,5725,20240906,5308,3,1212431.26,3637293.78
41724,1369,4005,5750,5725,20240302,5214,3,1212431.26,3637293.78
41725,1686,4944,5254,5725,20230111,5006,4,1212431.26,4849725.04
41726,719,2148,5681,5725,20230805,5109,4,1212431.26,4849725.04
41727,1500,4415,5150,5725,20240201,5199,2,1212431.26,2424862.52
41728,511,1497,5030,5739,20230221,5026,4,1522908.25,6091633.0
41729,355,1011,5176,5739,20240223,5210,3,1522908.25,4568724.75
41730,1799,5300,5120,5739,20230731,5106,5,1522908.25,7614541.25
41731,89,261,5424,5739,20240731,5289,2,1522908.25,3045816.5
41732,1643,4825,5883,5739,20240225,5211,5,1522908.25,7614541.25
41733,1229,3645,5685,5739,20231106,5155,4,1522908.25,6091633.0
41734,848,2530,5969,5739,20241120,5717,4,1522908.25,6091633.0
41735,1433,4189,5792,5742,20241026,5705,2,3736927.35,7473854.7
41736,1571,4607,5375,5742,20230103,5002,3,3736927.35,11210782.05
41737,257,733,5223,5742,20230221,5026,3,3736927.35,11210782.05
41738,524,1538,5924,5742,20230826,5119,4,3736927.35,14947709.4
41739,161,444,5022,5742,20240325,5225,2,3736927.35,7473854.7
41740,522,1530,5698,5742,20240411,5234,5,3736927.35,18684636.75
41741,547,1617,5854,5742,20241229,5737,2,3736927.35,7473854.7
41742,200,565,5429,5756,20240923,5316,2,1483009.51,2966019.02
41743,998,2965,5152,5756,20231016,5145,2,1483009.51,2966019.02
41744,981,2917,5978,5756,20240317,5221,3,1483009.51,4449028.53
41745,502,1473,5210,5756,20230428,5059,5,1483009.51,7415047.55
41746,109,308,5780,5756,20230903,5123,4,1483009.51,5932038.04
41747,639,1905,5276,5756,20240629,5273,1,1483009.51,1483009.51
41748,1014,3022,5450,5756,20231116,5160,3,1483009.51,4449028.53
41749,937,2797,5781,5757,20230130,5015,5,1656027.78,8280138.9
41750,512,1500,5109,5757,20240427,5242,2,1656027.78,3312055.56
41751,895,2682,5692,5757,20230211,5021,3,1656027.78,4968083.34
41752,360,1032,5885,5757,20241205,5725,5,1656027.78,8280138.9
41753,1264,3739,5510,5757,20231203,5169,3,1656027.78,4968083.34
41754,794,2370,5937,5757,20231030,5152,5,1656027.78,8280138.9
41755,532,1566,5586,5757,20231223,5179,3,1656027.78,4968083.34
41756,434,1255,5185,5757,20240510,5248,1,1656027.78,1656027.78
41757,1029,3065,5781,5757,20240526,5256,2,1656027.78,3312055.56
41758,1736,5088,5232,5774,20240608,5263,5,69136.33,345681.65
41759,1207,3584,5762,5774,20230930,5137,3,69136.33,207408.99
41760,608,1819,5585,5775,20240608,5263,1,2683333.13,2683333.13
41761,965,2886,5864,5775,20241207,5726,4,2683333.13,10733332.52
41762,1754,5145,5840,5775,20231103,5154,1,2683333.13,2683333.13
41763,1235,3664,5725,5775,20230402,5046,4,2683333.13,10733332.52
41764,384,1105,5132,5775,20241230,5737,4,2683333.13,10733332.52
41765,715,2143,5217,5775,20240526,5256,5,2683333.13,13416665.65
41766,54,154,5278,5775,20240402,5229,1,2683333.13,2683333.13
41767,1283,3792,5934,5775,20241024,5704,1,2683333.13,2683333.13
41768,497,1456,5982,5789,20230803,5108,1,1892076.15,1892076.15
41769,1417,4146,5788,5789,20231119,5162,4,1892076.15,7568304.6
41770,1886,5554,5599,5789,20230827,5120,1,1892076.15,1892076.15
41771,482,1407,5816,5789,20240602,5260,1,1892076.15,1892076.15
41772,699,2097,5057,5789,20231107,5156,5,1892076.15,9460380.75
41773,219,607,5780,5789,20240116,5191,2,1892076.15,3784152.3
41774,586,1736,5181,5789,20240411,5234,1,1892076.15,1892076.15
41775,1774,5216,5779,5789,20241203,5724,2,1892076.15,3784152.3
41776,1499,4413,5307,5789,20241001,5692,5,1892076.15,9460380.75
41777,1861,5490,5833,5789,20240608,5263,1,1892076.15,1892076.15
41778,1711,5015,5472,5792,20230602,5077,2,2504293.38,5008586.76
41779,475,1387,5497,5792,20231119,5162,3,2504293.38,7512880.14
41780,230,644,5874,5792,20230816,5114,3,2504293.38,7512880.14
41781,951,2847,5652,5792,20231026,5150,4,2504293.38,10017173.52
41782,1483,4366,5520,5806,20240119,5192,5,3388404.48,16942022.4
41783,1812,5340,5715,5806,20240412,5234,2,3388404.48,6776808.96
41784,1224,3630,5159,5806,20230829,5121,4,3388404.48,13553617.92
41785,1899,5603,5830,5806,20240229,5213,3,3388404.48,10165213.44
41786,1252,3708,5384,5806,20240101,5183,1,3388404.48,3388404.48
41787,691,2072,5004,5806,20240205,5201,4,3388404.48,13553617.92
41788,869,2604,5383,5806,20230924,5134,2,3388404.48,6776808.96
41789,530,1559,5378,5807,20230426,5058,4,1925392.61,7701570.44
41790,1569,4602,5017,5807,20240905,5307,4,1925392.61,7701570.44
41791,208,581,5765,5807,20230703,5092,4,1925392.61,7701570.44
41792,1444,4225,5859,5807,20230424,5057,2,1925392.61,3850785.22
41793,875,2619,5857,5807,20230706,5094,1,1925392.61,1925392.61
41794,127,348,5058,5807,20230324,5042,3,1925392.61,5776177.83
41795,1240,3676,5153,5807,20240316,5221,3,1925392.61,5776177.83
41796,172,480,5837,5824,20240405,5231,1,1809894.14,1809894.14
41797,284,809,5755,5824,20230329,5044,5,1809894.14,9049470.7
41798,397,1151,5785,5824,20230529,5075,5,1809894.14,9049470.7
41799,1147,3407,5823,5824,20240821,5300,3,1809894.14,5429682.42
41800,30,89,5911,5824,20230704,5093,4,1809894.14,7239576.56
41801,1051,3127,5328,5825,20230119,5010,1,35924.16,35924.16
41802,392,1136,5201,5825,20240607,5262,5,35924.16,179620.8
41803,787,2351,5645,5825,20240413,5235,2,35924.16,71848.32
41804,1700,4979,5826,5825,20230903,5123,5,35924.16,179620.8
41805,72,201,5188,5825,20230408,5049,5,35924.16,179620.8
41806,1325,3888,5376,5839,20230625,5088,1,1349349.92,1349349.92
41807,956,2859,5496,5839,20231120,5162,5,1349349.92,6746749.6
41808,1240,3673,5153,5839,20240316,5221,4,1349349.92,5397399.68
41809,809,2423,5351,5839,20241214,5729,5,1349349.92,6746749.6
41810,68,190,5905,5839,20230708,5095,3,1349349.92,4048049.76
41811,791,2361,5114,5842,20231015,5144,5,2426314.26,12131571.3
41812,44,125,5348,5698,20241006,5695,1,3370764.29,3370764.29
41813,404,1175,5873,5698,20240414,5235,2,3370764.29,6741528.58
41814,654,1957,5233,5698,20230719,5100,1,3370764.29,3370764.29
41815,1887,5561,5457,5700,20241222,5733,2,1245085.07,2490170.14
41816,803,2409,5197,5700,20230816,5114,4,1245085.07,4980340.28
41817,1045,3110,5674,5700,20230409,5050,2,1245085.07,2490170.14
41818,488,1425,5739,5715,20230516,5068,3,4928620.85,14785862.55
41819,1108,3289,5352,5715,20241001,5692,5,4928620.85,24643104.25
41820,827,2475,5633,5715,20241202,5723,4,4928620.85,19714483.4
41821,921,2757,5007,5715,20240120,5193,4,4928620.85,19714483.4
41822,416,1207,5856,5715,20230203,5017,5,4928620.85,24643104.25
41823,1403,4104,5470,5715,20240301,5213,5,4928620.85,24643104.25
41824,1167,3472,5093,5715,20230919,5131,4,4928620.85,19714483.4
41825,1097,3255,5758,5715,20230820,5116,4,4928620.85,19714483.4
41826,1139,3379,5294,5715,20241104,5709,5,4928620.85,24643104.25
41827,1972,5811,5957,5717,20240317,5221,3,314178.61,942535.83
41828,710,2133,5037,5717,20230714,5098,5,314178.61,1570893.05
41829,645,1926,5168,5717,20230212,5022,5,314178.61,1570893.05
41830,1741,5101,5490,5732,20240328,5227,1,4611908.26,4611908.26
41831,601,1792,5470,5732,20240916,5313,2,4611908.26,9223816.52
41832,221,613,5465,5732,20231128,5166,4,4611908.26,18447633.04
41833,1783,5248,5374,5732,20240131,5198,4,4611908.26,18447633.04
41834,61,171,5540,5734,20231218,5176,4,267167.78,1068671.12
41835,879,2630,5266,5734,20240327,5226,4,267167.78,1068671.12
41836,1396,4087,5937,5734,20230730,5106,5,267167.78,1335838.9
41837,385,1108,5475,5734,20240410,5233,5,267167.78,1335838.9
41838,1775,5219,5525,5734,20241208,5726,3,267167.78,801503.34
41839,452,1312,5550,5734,20240602,5260,2,267167.78,534335.56
41840,652,1951,5749,5747,20241122,5718,1,1549027.2,1549027.2
41841,1075,3187,5538,5747,20230829,5121,3,1549027.2,4647081.6
41842,597,1774,5592,5747,20240113,5189,2,1549027.2,3098054.4
41843,972,2902,5423,5747,20240328,5227,4,1549027.2,6196108.8
41844,332,941,5703,5747,20230522,5071,3,1549027.2,4647081.6
41845,272,773,5793,5749,20230315,5037,1,2335360.29,2335360.29
41846,1111,3300,5588,5749,20240612,5265,5,2335360.29,11676801.45
41847,653,1954,5786,5749,20241119,5717,3,2335360.29,7006080.87
41848,1750,5130,5528,5749,20231204,5169,5,2335360.29,11676801.45
41849,42,121,5062,5749,20230412,5051,4,2335360.29,9341441.16
41850,305,872,5455,5749,20241026,5705,3,2335360.29,7006080.87
41851,1464,4292,5266,5749,20240401,5229,3,2335360.29,7006080.87
41852,721,2156,5929,5749,20241125,5720,5,2335360.29,11676801.45
41853,841,2512,5056,5751,20240309,5217,4,4572509.19,18290036.76
41854,391,1133,5742,5751,20241225,5735,1,4572509.19,4572509.19
41855,1349,3945,5608,5751,20240522,5254,1,4572509.19,4572509.19
41856,651,1947,5360,5751,20240821,5300,5,4572509.19,22862545.95
41857,1721,5041,5727,5764,20230703,5092,5,928398.39,4641991.95
41858,1838,5417,5920,5764,20241231,5738,3,928398.39,2785195.17
41859,1633,4801,5088,5764,20240815,5297,2,928398.39,1856796.78
41860,1445,4229,5640,5764,20240117,5191,1,928398.39,928398.39
41861,491,1433,5183,5764,20230105,5003,4,928398.39,3713593.56
41862,665,1994,5089,5764,20230505,5063,2,928398.39,1856796.78
41863,387,1117,5733,5764,20241229,5737,1,928398.39,928398.39
41864,538,1587,5468,5766,20230902,5123,4,4726488.67,18905954.68
41865,142,398,5882,5766,20240105,5185,1,4726488.67,4726488.67
41866,195,546,5391,5781,20230802,5107,2,4077919.81,8155839.62
41867,605,1808,5625,5781,20240816,5297,2,4077919.81,8155839.62
41868,731,2187,5066,5781,20230624,5088,3,4077919.81,12233759.43
41869,1260,3728,5426,5781,20240820,5299,3,4077919.81,12233759.43
41870,117,329,5020,5781,20230712,5097,2,4077919.81,8155839.62
41871,1822,5371,5712,5781,20241113,5714,3,4077919.81,12233759.43
41872,1322,3881,5332,5783,20241120,5717,3,1871527.4,5614582.2
41873,525,1541,5163,5783,20240923,5316,4,1871527.4,7486109.6
41874,594,1767,5588,5783,20240225,5211,2,1871527.4,3743054.8
41875,1937,5715,5281,5783,20240209,5203,3,1871527.4,5614582.2
41876,1035,3080,5784,5798,20231013,5143,1,3425299.43,3425299.43
41877,1409,4125,5804,5798,20240626,5272,2,3425299.43,6850598.86
41878,798,2387,5388,5798,20240226,5211,1,3425299.43,3425299.43
41879,603,1798,5698,5798,20241110,5712,3,3425299.43,10275898.29
41880,758,2273,5316,5798,20231105,5155,4,3425299.43,13701197.72
41881,604,1801,5815,5798,20241010,5697,1,3425299.43,3425299.43
41882,849,2535,5083,5798,20240413,5235,1,3425299.43,3425299.43
41883,1370,4013,5816,5800,20240104,5185,1,904978.97,904978.97
41884,146,410,5596,5800,20230621,5086,1,904978.97,904978.97
41885,1582,4640,5904,5800,20241214,5729,1,904978.97,904978.97
41886,743,2220,5176,5800,20240325,5225,4,904978.97,3619915.88
41887,1629,4792,5811,5800,20231208,5171,3,904978.97,2714936.91
41888,1811,5337,5659,5800,20230404,5047,5,904978.97,4524894.85
41889,1003,2986,5962,5800,20240326,5226,4,904978.97,3619915.88
41890,145,406,5016,5800,20240320,5223,1,904978.97,904978.97
41891,151,420,5268,5800,20240902,5306,3,904978.97,2714936.91
41892,842,2513,5241,5800,20230306,5033,4,904978.97,3619915.88
41893,674,2021,5285,5800,20230305,5032,5,904978.97,4524894.85
41894,1352,3953,5740,5800,20240609,5263,4,904978.97,3619915.88
41895,1403,4106,5470,5815,20240301,5213,5,3919905.21,19599526.05
41896,214,596,5299,5815,20230704,5093,3,3919905.21,11759715.63
41897,394,1140,5784,5815,20240125,5195,4,3919905.21,15679620.84
41898,1915,5646,5322,5815,20230722,5102,1,3919905.21,3919905.21
41899,629,1870,5185,5815,20230529,5075,4,3919905.21,15679620.84
41900,1154,3427,5556,5817,20230426,5058,2,2769658.25,5539316.5
41901,925,2766,5981,5817,20240804,5291,3,2769658.25,8308974.75
41902,494,1446,5421,5817,20230217,5024,1,2769658.25,2769658.25
41903,1471,4321,5384,5832,20240601,5259,1,2988653.53,2988653.53
41904,187,523,5110,5848,20230202,5017,1,1667763.9,1667763.9
41905,1212,3596,5809,5848,20230704,5093,2,1667763.9,3335527.8
41906,1128,3347,5334,5848,20240512,5249,1,1667763.9,1667763.9
41907,908,2722,5295,5848,20230227,5029,4,1667763.9,6671055.6
41908,292,839,5766,5848,20240713,5280,2,1667763.9,3335527.8
41909,1686,4941,5254,5848,20230111,5006,3,1667763.9,5003291.7
41910,750,2245,5708,5850,20231018,5146,1,2206712.38,2206712.38
41911,1084,3211,5274,5850,20230123,5012,3,2206712.38,6620137.14
41912,251,708,5794,5850,20230112,5006,2,2206712.38,4413424.76
41913,223,625,5177,5850,20240120,5193,1,2206712.38,2206712.38
41914,374,1074,5360,5850,20231108,5156,2,2206712.38,4413424.76
41915,1126,3339,5029,5850,20230603,5077,5,2206712.38,11033561.9
41916,1733,5078,5343,5850,20230328,5044,4,2206712.38,8826849.52
41917,1111,3301,5588,5865,20240612,5265,5,4158096.23,20790481.15
41918,1175,3490,5406,5865,20230614,5083,4,4158096.23,16632384.92
41919,1132,3358,5672,5865,20230922,5133,5,4158096.23,20790481.15
41920,226,635,5741,5865,20240211,5204,4,4158096.23,16632384.92
41921,1053,3135,5341,5865,20231119,5162,2,4158096.23,8316192.46
41922,1927,5680,5564,5865,20240704,5276,1,4158096.23,4158096.23
41923,1852,5460,5005,5865,20230223,5027,5,4158096.23,20790481.15
41924,392,1137,5201,5867,20240607,5262,5,3368158.49,16840792.45
41925,1343,3928,5021,5882,20240511,5249,5,1301104.47,6505522.35
41926,1422,4156,5887,5882,20241231,5738,4,1301104.47,5204417.88
41927,1547,4543,5985,5882,20241013,5698,5,1301104.47,6505522.35
41928,1852,5459,5005,5882,20230223,5027,2,1301104.47,2602208.94
41929,1452,4246,5862,5882,20241004,5694,3,1301104.47,3903313.41
41930,1085,3215,5549,5884,20240807,5293,2,2320685.41,4641370.82
41931,1136,3368,5614,5884,20230327,5043,1,2320685.41,2320685.41
41932,547,1616,5854,5884,20241229,5737,1,2320685.41,2320685.41
41933,979,2913,5080,5884,20240311,5218,3,2320685.41,6962056.23
41934,1322,3882,5332,5884,20241120,5717,1,2320685.41,2320685.41
41935,1974,5816,5386,5884,20230518,5069,3,2320685.41,6962056.23
41936,652,1952,5749,5884,20241122,5718,2,2320685.41,4641370.82
41937,827,2477,5633,5899,20241202,5723,1,2584809.57,2584809.57
41938,942,2817,5700,5899,20230922,5133,4,2584809.57,10339238.28
41939,418,1215,5112,5899,20230331,5045,3,2584809.57,7754428.71
41940,609,1822,5249,5899,20231206,5170,4,2584809.57,10339238.28
41941,1841,5421,5103,5899,20230119,5010,5,2584809.57,12924047.85
41942,1968,5799,5949,5899,20231112,5158,3,2584809.57,7754428.71
41943,298,858,5806,5899,20231018,5146,1,2584809.57,2584809.57
41944,482,1409,5816,5899,20240602,5260,5,2584809.57,12924047.85
41945,835,2498,5918,5899,20241227,5736,4,2584809.57,10339238.28
41946,1685,4937,5259,5901,20230708,5095,3,4792728.48,14378185.44
41947,1030,3066,5605,5901,20241231,5738,1,4792728.48,4792728.48
41948,1690,4957,5889,5901,20240104,5185,5,4792728.48,23963642.4
41949,1741,5103,5490,5901,20240328,5227,1,4792728.48,4792728.48
41950,1780,5238,5585,5901,20240909,5309,3,4792728.48,14378185.44
41951,21,62,5552,5901,20240817,5298,3,4792728.48,14378185.44
41952,288,820,5531,5901,20241211,5728,5,4792728.48,23963642.4
41953,195,547,5391,5901,20230802,5107,2,4792728.48,9585456.96
41954,1910,5636,5905,5916,20230525,5073,3,3090639.77,9271919.31
41955,1360,3980,5022,5916,20240404,5230,2,3090639.77,6181279.54
41956,1644,4830,5011,5916,20240905,5307,3,3090639.77,9271919.31
41957,1915,5647,5322,5916,20230722,5102,3,3090639.77,9271919.31
41958,404,1174,5873,5916,20240414,5235,3,3090639.77,9271919.31
41959,428,1243,5914,5916,20231027,5150,1,3090639.77,3090639.77
41960,1537,4514,5063,5916,20230428,5059,2,3090639.77,6181279.54
41961,1637,4810,5527,5918,20240328,5227,1,3363829.31,3363829.31
41962,800,2394,5015,5918,20240418,5237,1,3363829.31,3363829.31
41963,789,2355,5033,5918,20231210,5172,2,3363829.31,6727658.62
41964,1915,5645,5322,5918,20230722,5102,5,3363829.31,16819146.55
41965,457,1328,5173,5918,20231205,5170,1,3363829.31,3363829.31
41966,1311,3856,5084,5931,20230918,5131,2,4819507.16,9639014.32
41967,1180,3504,5643,5931,20241018,5701,1,4819507.16,4819507.16
41968,1004,2988,5322,5931,20231230,5182,2,4819507.16,9639014.32
41969,541,1596,5831,5931,20231215,5175,2,4819507.16,9639014.32
41970,1189,3524,5485,5931,20240504,5245,2,4819507.16,9639014.32
41971,1156,3435,5129,5933,20230910,5127,5,2083995.87,10419979.35
41972,158,436,5387,5933,20230420,5055,4,2083995.87,8335983.48
41973,1858,5480,5444,5933,20230716,5099,5,2083995.87,10419979.35
41974,822,2464,5282,5933,20241004,5694,2,2083995.87,4167991.74
41975,1108,3287,5352,5933,20241001,5692,4,2083995.87,8335983.48
41976,1278,3781,5095,5933,20240908,5309,5,2083995.87,10419979.35
41977,938,2804,5222,5933,20231011,5142,5,2083995.87,10419979.35
41978,1450,4239,5822,5933,20231214,5174,5,2083995.87,10419979.35
41979,1200,3559,5327,5933,20240215,5206,2,2083995.87,4167991.74
41980,1334,3909,5991,5169,20230712,5097,3,2254164.39,6762493.17
41981,992,2946,5248,5169,20240816,5297,3,2254164.39,6762493.17
41982,1850,5449,5287,5169,20241109,5712,1,2254164.39,2254164.39
41983,1198,3553,5980,5169,20230402,5046,2,2254164.39,4508328.78
41984,538,1586,5468,5171,20230902,5123,4,2200958.82,8803835.28
41985,822,2460,5282,5171,20241004,5694,2,2200958.82,4401917.64
41986,1249,3702,5720,5171,20230924,5134,2,2200958.82,4401917.64
41987,1709,5005,5970,5186,20240922,5316,4,1255889.44,5023557.76
41988,440,1275,5392,5186,20241009,5696,3,1255889.44,3767668.32
41989,1775,5222,5525,5186,20241208,5726,1,1255889.44,1255889.44
41990,1115,3311,5186,5186,20240921,5315,2,1255889.44,2511778.88
41991,1868,5511,5542,5186,20240216,5206,1,1255889.44,1255889.44
41992,722,2159,5176,5188,20240816,5297,1,2452399.04,2452399.04
41993,1743,5107,5860,5188,20230326,5043,3,2452399.04,7357197.12
41994,222,617,5996,5188,20240730,5289,1,2452399.04,2452399.04
41995,1010,3008,5737,5188,20231023,5148,1,2452399.04,2452399.04
41996,741,2212,5711,5723,20240301,5213,3,754595.86,2263787.58
41997,453,1317,5700,5723,20230107,5004,5,754595.86,3772979.3
41998,1430,4178,5805,5726,20240711,5279,5,1510674.73,7553373.65
41999,1155,3429,5697,5726,20240309,5217,1,1510674.73,1510674.73
42000,641,1909,5431,5726,20230926,5135,4,1510674.73,6042698.92
42001,607,1816,5352,5726,20230112,5006,3,1510674.73,4532024.19
42002,545,1612,5676,5726,20230830,5121,4,1510674.73,6042698.92
42003,1212,3593,5809,5726,20230704,5093,4,1510674.73,6042698.92
42004,236,658,5918,5726,20231231,5183,2,1510674.73,3021349.46
42005,1365,3993,5172,5726,20241202,5723,2,1510674.73,3021349.46
42006,868,2597,5806,5726,20231110,5157,1,1510674.73,1510674.73
42007,1751,5134,5972,5740,20241130,5722,5,1066920.78,5334603.9
42008,1747,5122,5256,5740,20230502,5061,4,1066920.78,4267683.12
42009,709,2126,5336,5740,20230328,5044,5,1066920.78,5334603.9
42010,1157,3439,5374,5740,20230529,5075,1,1066920.78,1066920.78
42011,1591,4670,5991,5740,20241221,5733,2,1066920.78,2133841.56
42012,1053,3133,5341,5740,20231119,5162,5,1066920.78,5334603.9
42013,1994,5873,5327,5740,20231212,5173,2,1066920.78,2133841.56
42014,1706,4999,5544,5740,20240123,5194,4,1066920.78,4267683.12
42015,338,953,5544,5740,20230502,5061,2,1066920.78,2133841.56
42016,1867,5508,5016,5740,20231128,5166,2,1066920.78,2133841.56
42017,1393,4076,5043,5740,20230415,5053,5,1066920.78,5334603.9
42018,1929,5692,5352,5741,20240419,5238,2,4810767.01,9621534.02
42019,642,1912,5514,5741,20240321,5223,2,4810767.01,9621534.02
42020,1740,5098,5960,5741,20240127,5196,1,4810767.01,4810767.01
42021,1558,4568,5047,5758,20240606,5262,3,2853249.67,8559749.01
42022,1592,4671,5838,5758,20230108,5004,1,2853249.67,2853249.67
42023,1609,4722,5862,5758,20231127,5166,3,2853249.67,8559749.01
42024,720,2153,5191,5758,20240619,5268,3,2853249.67,8559749.01
42025,389,1124,5647,5758,20241224,5734,4,2853249.67,11412998.68
42026,1323,3883,5006,5759,20240701,5274,3,2501514.4,7504543.2
42027,1664,4889,5265,5759,20231218,5176,1,2501514.4,2501514.4
42028,1162,3455,5535,5759,20240719,5283,4,2501514.4,10006057.6
42029,1609,4723,5862,5759,20231127,5166,5,2501514.4,12507572.0
42030,540,1590,5068,5759,20240508,5247,5,2501514.4,12507572.0
42031,1279,3784,5959,5759,20240213,5205,3,2501514.4,7504543.2
42032,917,2744,5089,5759,20240824,5301,5,2501514.4,12507572.0
42033,918,2745,5529,5759,20230528,5074,5,2501514.4,12507572.0
42034,561,1665,5977,5759,20240814,5296,4,2501514.4,10006057.6
42035,822,2462,5282,5773,20241004,5694,1,42995.66,42995.66
42036,411,1197,5503,5773,20230908,5126,1,42995.66,42995.66
42037,306,878,5724,5773,20240125,5195,4,42995.66,171982.64
42038,91,271,5381,5773,20231114,5159,3,42995.66,128986.98
42039,1030,3067,5605,5773,20241231,5738,3,42995.66,128986.98
42040,1776,5226,5024,5773,20231130,5167,5,42995.66,214978.3
42041,1979,5829,5152,5773,20230716,5099,4,42995.66,171982.64
42042,1556,4564,5247,5773,20241127,5721,5,42995.66,214978.3
42043,7,26,5209,5776,20230107,5004,5,95541.56,477707.8
42044,1776,5225,5024,5776,20231130,5167,2,95541.56,191083.12
42045,380,1094,5915,5776,20240822,5300,3,95541.56,286624.68
42046,349,994,5914,5776,20230323,5041,3,95541.56,286624.68
42047,615,1838,5517,5776,20230222,5027,3,95541.56,286624.68
42048,1908,5632,5205,5790,20240518,5252,3,290013.55,870040.65
42049,476,1392,5396,5790,20240228,5212,1,290013.55,290013.55
42050,1710,5014,5806,5790,20240702,5275,2,290013.55,580027.1
42051,207,578,5199,5790,20240806,5292,4,290013.55,1160054.2
42052,1208,3585,5910,5790,20240521,5254,4,290013.55,1160054.2
42053,870,2608,5786,5790,20240116,5191,1,290013.55,290013.55
42054,1881,5546,5869,5790,20241205,5725,2,290013.55,580027.1
42055,1842,5425,5904,5791,20230701,5091,1,3517197.3,3517197.3
42056,24,68,5494,5791,20230927,5135,2,3517197.3,7034394.6
42057,973,2903,5724,5808,20231217,5176,5,3954585.45,19772927.25
42058,1956,5766,5295,5808,20241229,5737,5,3954585.45,19772927.25
42059,1696,4969,5022,5808,20230926,5135,1,3954585.45,3954585.45
42060,1759,5159,5452,5808,20230602,5077,1,3954585.45,3954585.45
42061,1087,3224,5705,5808,20240515,5251,3,3954585.45,11863756.35
42062,587,1740,5961,5808,20240311,5218,3,3954585.45,11863756.35
42063,1604,4707,5627,5808,20241210,5727,1,3954585.45,3954585.45
42064,752,2251,5496,5809,20230527,5074,1,2508956.33,2508956.33
42065,376,1084,5704,5809,20240919,5314,5,2508956.33,12544781.65
42066,845,2521,5692,5809,20241227,5736,3,2508956.33,7526868.99
42067,171,471,5935,5809,20230312,5036,1,2508956.33,2508956.33
42068,1458,4266,5974,5809,20240612,5265,4,2508956.33,10035825.32
42069,1222,3619,5568,5823,20230316,5038,5,3700879.89,18504399.45
42070,497,1457,5982,5823,20230803,5108,3,3700879.89,11102639.67
42071,279,794,5246,5823,20231109,5157,4,3700879.89,14803519.56
42072,1647,4844,5664,5823,20230414,5052,2,3700879.89,7401759.78
42073,520,1525,5911,5823,20240421,5239,4,3700879.89,14803519.56
42074,623,1858,5672,5823,20240828,5303,4,3700879.89,14803519.56
42075,600,1786,5423,5823,20240613,5265,3,3700879.89,11102639.67
42076,559,1662,5432,5826,20230602,5077,5,2229231.97,11146159.85
42077,1214,3602,5630,5826,20230926,5135,4,2229231.97,8916927.88
42078,435,1256,5325,5826,20241224,5734,5,2229231.97,11146159.85
42079,363,1037,5291,5826,20240125,5195,3,2229231.97,6687695.91
42080,945,2826,5593,5840,20230923,5133,4,325703.08,1302812.32
42081,120,334,5494,5840,20230415,5053,3,325703.08,977109.24
42082,222,618,5996,5840,20240730,5289,3,325703.08,977109.24
42083,1025,3050,5260,5840,20230622,5087,1,325703.08,325703.08
42084,1901,5610,5467,5840,20231206,5170,4,325703.08,1302812.32
42085,704,2112,5565,5840,20230727,5104,1,325703.08,325703.08
42086,125,344,5268,5840,20231116,5160,3,325703.08,977109.24
42087,599,1779,5364,5840,20240623,5270,3,325703.08,977109.24
42088,1990,5863,5993,5853,20230212,5022,2,2400258.61,4800517.22
42089,511,1495,5030,5853,20230221,5026,2,2400258.61,4800517.22
42090,1746,5118,5101,5853,20231011,5142,4,2400258.61,9601034.44
42091,289,824,5024,5860,20240405,5231,4,2965212.9,11860851.6
42092,671,2012,5785,5860,20240409,5233,5,2965212.9,14826064.5
42093,1985,5847,5597,5860,20231217,5176,2,2965212.9,5930425.8
42094,179,498,5971,5860,20240705,5276,4,2965212.9,11860851.6
42095,47,136,5021,5871,20230921,5132,5,379086.03,1895430.15
42096,1572,4610,5686,5871,20230105,5003,2,379086.03,758172.06
42097,1198,3551,5980,5871,20230402,5046,2,379086.03,758172.06
42098,1645,4835,5363,5871,20240409,5233,1,379086.03,379086.03
42099,31,94,5831,5871,20240812,5295,1,379086.03,379086.03
42100,114,323,5650,5878,20231024,5149,1,2820469.26,2820469.26
42101,1124,3332,5460,5878,20230920,5132,5,2820469.26,14102346.3
42102,196,551,5818,5878,20230323,5041,5,2820469.26,14102346.3
42103,222,619,5996,5878,20240730,5289,4,2820469.26,11281877.04
42104,610,1824,5948,5878,20231029,5151,5,2820469.26,14102346.3
42105,139,385,5421,5878,20230213,5022,5,2820469.26,14102346.3
42106,1044,3102,5636,5878,20231107,5156,5,2820469.26,14102346.3
42107,1280,3785,5092,5885,20230903,5123,5,1731387.26,8656936.3
42108,1466,4298,5419,5885,20240825,5302,1,1731387.26,1731387.26
42109,117,328,5020,5885,20230712,5097,5,1731387.26,8656936.3
42110,1927,5682,5564,5885,20240704,5276,4,1731387.26,6925549.04
42111,1487,4378,5997,5885,20231109,5157,5,1731387.26,8656936.3
42112,1734,5083,5454,5896,20240615,5266,4,122699.72,490798.88
42113,1260,3730,5426,5896,20240820,5299,2,122699.72,245399.44
42114,667,1998,5577,5896,20241103,5709,5,122699.72,613498.6
42115,77,218,5535,5896,20241101,5708,4,122699.72,490798.88
42116,485,1414,5536,5896,20240510,5248,3,122699.72,368099.16
42117,134,365,5359,5896,20230204,5018,5,122699.72,613498.6
42118,552,1636,5610,5896,20240220,5208,4,122699.72,490798.88
42119,1707,5000,5649,5903,20240905,5307,1,940070.76,940070.76
42120,635,1889,5771,5903,20241019,5701,3,940070.76,2820212.28
42121,1686,4942,5254,5903,20230111,5006,2,940070.76,1880141.52
42122,1395,4084,5120,5903,20241007,5695,2,940070.76,1880141.52
42123,1821,5367,5517,5903,20241005,5694,5,940070.76,4700353.8
42124,536,1582,5360,5903,20231106,5155,5,940070.76,4700353.8
42125,549,1626,5552,5903,20240902,5306,1,940070.76,940070.76
42126,732,2190,5397,5903,20230419,5055,5,940070.76,4700353.8
42127,364,1042,5606,5910,20240918,5314,5,2293176.61,11465883.05
42128,940,2810,5380,5910,20240106,5186,3,2293176.61,6879529.83
42129,1077,3193,5118,5910,20241205,5725,4,2293176.61,9172706.44
42130,1846,5435,5998,5914,20240102,5184,4,2939153.53,11756614.12
42131,1242,3681,5539,5914,20230928,5136,4,2939153.53,11756614.12
42132,865,2589,5860,5914,20241112,5713,1,2939153.53,2939153.53
42133,1181,3508,5916,5914,20240330,5228,4,2939153.53,11756614.12
42134,285,811,5200,5914,20230225,5028,5,2939153.53,14695767.65
42135,805,2413,5046,5914,20230106,5003,5,2939153.53,14695767.65
42136,1864,5502,5292,5914,20230801,5107,3,2939153.53,8817460.59
42137,1472,4324,5909,5914,20241229,5737,5,2939153.53,14695767.65
42138,1765,5184,5786,5921,20230712,5097,3,3470248.34,10410745.02
42139,1626,4776,5111,5921,20230914,5129,2,3470248.34,6940496.68
42140,992,2949,5248,5921,20240816,5297,2,3470248.34,6940496.68
42141,599,1781,5364,5928,20240623,5270,2,3100855.79,6201711.58
42142,1210,3588,5742,5928,20230809,5111,5,3100855.79,15504278.95
42143,1359,3975,5243,5928,20240929,5691,2,3100855.79,6201711.58
42144,1138,3373,5685,5928,20240221,5209,5,3100855.79,15504278.95
42145,1268,3754,5359,5928,20230130,5015,2,3100855.79,6201711.58
42146,1283,3791,5934,5928,20241024,5704,3,3100855.79,9302567.37
42147,732,2189,5397,5928,20230419,5055,3,3100855.79,9302567.37
42148,802,2401,5591,5935,20231202,5168,1,2831335.02,2831335.02
42149,606,1812,5435,5935,20230224,5028,5,2831335.02,14156675.1
42150,1594,4673,5400,5935,20231012,5143,4,2831335.02,11325340.08
42151,1073,3180,5247,5935,20240101,5183,2,2831335.02,5662670.04
42152,1975,5821,5200,5935,20230706,5094,4,2831335.02,11325340.08
42153,1647,4843,5664,5160,20230414,5052,1,2832595.8,2832595.8
42154,639,1907,5276,5160,20240629,5273,3,2832595.8,8497787.4
42155,593,1766,5494,5160,20230831,5122,1,2832595.8,2832595.8
42156,1861,5491,5833,5160,20240608,5263,4,2832595.8,11330383.2
42157,1406,4119,5730,5160,20230930,5137,2,2832595.8,5665191.6
42158,91,270,5381,5160,20231114,5159,3,2832595.8,8497787.4
42159,1427,4171,5623,5160,20231014,5144,5,2832595.8,14162979.0
42160,1386,4060,5786,5160,20231230,5182,1,2832595.8,2832595.8
42161,1985,5846,5597,5160,20231217,5176,1,2832595.8,2832595.8
42162,747,2236,5007,5160,20240513,5250,3,2832595.8,8497787.4
42163,601,1793,5470,5167,20240916,5313,3,521058.03,1563174.09
42164,452,1314,5550,5167,20240602,5260,2,521058.03,1042116.06
42165,285,810,5200,5167,20230225,5028,4,521058.03,2084232.12
42166,1520,4473,5025,5167,20230704,5093,5,521058.03,2605290.15
42167,1374,4023,5618,5167,20230724,5103,4,521058.03,2084232.12
42168,603,1797,5698,5167,20241110,5712,5,521058.03,2605290.15
42169,1890,5574,5632,5174,20240314,5220,2,4306632.99,8613265.98
42170,1025,3051,5260,5174,20230622,5087,2,4306632.99,8613265.98
42171,1389,4068,5721,5174,20241116,5715,4,4306632.99,17226531.96
42172,1281,3786,5943,5174,20230122,5011,4,4306632.99,17226531.96
42173,1772,5211,5235,5174,20241105,5710,1,4306632.99,4306632.99
42174,1122,3327,5841,5174,20240227,5212,1,4306632.99,4306632.99
42175,383,1102,5147,5174,20240409,5233,1,4306632.99,4306632.99
42176,4,14,5252,5185,20230913,5128,4,3510118.37,14040473.48
42177,1718,5034,5285,5185,20230621,5086,4,3510118.37,14040473.48
42178,1027,3057,5902,5185,20240901,5305,3,3510118.37,10530355.11
42179,94,275,5485,5192,20240110,5188,2,3476571.04,6953142.08
42180,1666,4896,5059,5761,20241104,5709,4,4832876.25,19331505.0
42181,192,538,5051,5761,20240827,5303,1,4832876.25,4832876.25
42182,1245,3691,5815,5761,20241104,5709,2,4832876.25,9665752.5
42183,670,2008,5652,5763,20240423,5240,1,854635.9,854635.9
42184,692,2077,5377,5763,20240611,5264,1,854635.9,854635.9
42185,1192,3533,5264,5763,20230328,5044,5,854635.9,4273179.5
42186,359,1029,5389,5763,20240325,5225,1,854635.9,854635.9
42187,499,1461,5789,5763,20240629,5273,3,854635.9,2563907.7
42188,1788,5264,5388,5786,20230202,5017,4,1506873.46,6027493.84
42189,545,1613,5676,5786,20230830,5121,3,1506873.46,4520620.38
42190,1328,3895,5631,5786,20240513,5250,5,1506873.46,7534367.3
42191,630,1873,5768,5786,20230607,5079,4,1506873.46,6027493.84
42192,1707,5001,5649,5786,20240905,5307,3,1506873.46,4520620.38
42193,590,1753,5967,5786,20231230,5182,3,1506873.46,4520620.38
42194,21,59,5552,5786,20240817,5298,1,1506873.46,1506873.46
42195,1158,3443,5022,5788,20240112,5189,1,476567.52,476567.52
42196,1935,5705,5391,5788,20240527,5257,3,476567.52,1429702.56
42197,955,2856,5549,5788,20230621,5086,3,476567.52,1429702.56
42198,1413,4133,5195,5788,20240612,5265,4,476567.52,1906270.08
42199,1001,2981,5263,5788,20240531,5259,5,476567.52,2382837.6
42200,509,1491,5142,5793,20231115,5160,2,3228087.14,6456174.28
42201,1566,4594,5498,5793,20230925,5134,5,3228087.14,16140435.7
42202,1898,5599,5808,5793,20230210,5021,2,3228087.14,6456174.28
42203,1760,5166,5373,5793,20230821,5117,1,3228087.14,3228087.14
42204,297,854,5062,5793,20230919,5131,3,3228087.14,9684261.42
42205,261,740,5912,5793,20240208,5202,3,3228087.14,9684261.42
42206,1565,4590,5648,5795,20241129,5722,5,4475008.15,22375040.75
42207,175,486,5276,5795,20241015,5699,2,4475008.15,8950016.3
42208,1130,3353,5940,5795,20230207,5019,2,4475008.15,8950016.3
42209,121,337,5742,5795,20230509,5065,1,4475008.15,4475008.15
42210,860,2574,5023,5795,20230713,5097,5,4475008.15,22375040.75
42211,26,74,5398,5795,20240110,5188,3,4475008.15,13425024.45
42212,1631,4795,5337,5795,20240906,5308,5,4475008.15,22375040.75
42213,232,651,5170,5795,20241207,5726,5,4475008.15,22375040.75
42214,1049,3117,5443,5795,20240531,5259,3,4475008.15,13425024.45
42215,548,1622,5604,5797,20240513,5250,4,1362764.31,5451057.24
42216,738,2200,5605,5797,20230807,5110,4,1362764.31,5451057.24
42217,316,904,5460,5797,20241002,5693,4,1362764.31,5451057.24
42218,861,2576,5658,5797,20230826,5119,2,1362764.31,2725528.62
42219,1797,5293,5377,5818,20240703,5275,2,2164921.25,4329842.5
42220,1173,3488,5732,5818,20240227,5212,3,2164921.25,6494763.75
42221,1305,3841,5580,5818,20240313,5219,2,2164921.25,4329842.5
42222,1680,4928,5447,5818,20230104,5002,3,2164921.25,6494763.75
42223,1476,4335,5195,5818,20230203,5017,3,2164921.25,6494763.75
42224,690,2071,5155,5818,20230605,5078,3,2164921.25,6494763.75
42225,724,2165,5667,5818,20230525,5073,5,2164921.25,10824606.25
42226,238,667,5457,5818,20240819,5299,3,2164921.25,6494763.75
42227,700,2104,5093,5818,20241009,5696,2,2164921.25,4329842.5
42228,998,2968,5152,5820,20231016,5145,1,3992295.32,3992295.32
42229,1514,4456,5847,5820,20230730,5106,1,3992295.32,3992295.32
42230,965,2882,5864,5820,20241207,5726,3,3992295.32,11976885.96
42231,1888,5567,5775,5820,20230122,5011,2,3992295.32,7984590.64
42232,657,1967,5013,5822,20230109,5005,4,1906199.97,7624799.88
42233,421,1223,5584,5822,20241107,5711,1,1906199.97,1906199.97
42234,1867,5510,5016,5822,20231128,5166,3,1906199.97,5718599.91
42235,256,729,5933,5827,20241215,5730,4,520134.76,2080539.04
42236,848,2531,5969,5827,20241120,5717,3,520134.76,1560404.28
42237,1104,3275,5821,5827,20231106,5155,1,520134.76,520134.76
42238,879,2632,5266,5827,20240327,5226,1,520134.76,520134.76
42239,169,464,5117,5829,20240424,5240,3,2789355.31,8368065.93
42240,178,493,5672,5829,20231125,5165,3,2789355.31,8368065.93
42241,1177,3497,5753,5829,20240908,5309,4,2789355.31,11157421.24
42242,220,611,5843,5829,20241010,5697,1,2789355.31,2789355.31
42243,1010,3009,5737,5829,20231023,5148,1,2789355.31,2789355.31
42244,289,826,5024,5829,20240405,5231,3,2789355.31,8368065.93
42245,1302,3835,5526,5829,20230323,5041,2,2789355.31,5578710.62
42246,1353,3959,5456,5829,20240918,5314,2,2789355.31,5578710.62
42247,317,907,5829,5829,20240528,5257,5,2789355.31,13946776.55
42248,832,2491,5263,5852,20230211,5021,5,1509172.07,7545860.35
42249,549,1627,5552,5852,20240902,5306,2,1509172.07,3018344.14
42250,1506,4435,5657,5852,20241022,5703,5,1509172.07,7545860.35
42251,277,787,5606,5852,20231125,5165,3,1509172.07,4527516.21
42252,1959,5779,5946,5852,20230713,5097,5,1509172.07,7545860.35
42253,1397,4090,5778,5852,20231027,5150,5,1509172.07,7545860.35
42254,369,1060,5750,5852,20240704,5276,4,1509172.07,6036688.28
42255,403,1170,5013,5854,20240929,5691,2,4823227.37,9646454.74
42256,912,2732,5124,5854,20231112,5158,3,4823227.37,14469682.11
42257,1420,4152,5153,5854,20241018,5701,3,4823227.37,14469682.11
42258,1932,5699,5730,5854,20231208,5171,2,4823227.37,9646454.74
42259,570,1693,5113,5854,20240727,5287,4,4823227.37,19292909.48
42260,1442,4215,5850,5854,20230922,5133,3,4823227.37,14469682.11
42261,70,194,5992,5854,20241218,5731,2,4823227.37,9646454.74
42262,1202,3564,5951,5854,20230402,5046,2,4823227.37,9646454.74
42263,180,503,5782,5861,20240620,5269,1,3411746.04,3411746.04
42264,883,2640,5440,5861,20240117,5191,3,3411746.04,10235238.12
42265,495,1451,5024,5861,20241105,5710,3,3411746.04,10235238.12
42266,45,130,5257,5861,20231209,5172,4,3411746.04,13646984.16
42267,1362,3982,5240,5861,20230716,5099,2,3411746.04,6823492.08
42268,128,354,5074,5861,20230930,5137,1,3411746.04,3411746.04
42269,160,440,5822,5861,20241022,5703,1,3411746.04,3411746.04
42270,1022,3043,5923,5861,20230329,5044,2,3411746.04,6823492.08
42271,1483,4364,5520,5861,20240119,5192,5,3411746.04,17058730.2
42272,1861,5489,5833,5811,20240608,5263,5,1168398.58,5841992.9
42273,928,2774,5530,5811,20231106,5155,4,1168398.58,4673594.32
42274,508,1485,5073,5811,20230908,5126,3,1168398.58,3505195.74
42275,979,2910,5080,5811,20240311,5218,3,1168398.58,3505195.74
42276,972,2901,5423,5813,20240328,5227,1,4844913.43,4844913.43
42277,454,1318,5293,5813,20231208,5171,5,4844913.43,24224567.15
42278,647,1933,5169,5813,20240318,5222,3,4844913.43,14534740.29
42279,1144,3397,5462,5813,20240523,5255,1,4844913.43,4844913.43
42280,1464,4293,5266,5813,20240401,5229,4,4844913.43,19379653.72
42281,1662,4882,5927,5813,20240708,5278,2,4844913.43,9689826.86
42282,943,2821,5270,5813,20240502,5244,3,4844913.43,14534740.29
42283,1894,5588,5039,5813,20230729,5105,2,4844913.43,9689826.86
42284,641,1910,5431,5813,20230926,5135,3,4844913.43,14534740.29
42285,303,869,5883,5813,20241106,5710,1,4844913.43,4844913.43
42286,1913,5642,5324,5813,20240603,5260,2,4844913.43,9689826.86
42287,637,1900,5375,5813,20240420,5238,5,4844913.43,24224567.15
42288,1759,5161,5452,5836,20230602,5077,3,2864082.55,8592247.65
42289,771,2311,5045,5836,20240923,5316,4,2864082.55,11456330.2
42290,1181,3506,5916,5836,20240330,5228,4,2864082.55,11456330.2
42291,1087,3221,5705,5836,20240515,5251,4,2864082.55,11456330.2
42292,353,1004,5944,5836,20240430,5243,2,2864082.55,5728165.1
42293,214,597,5299,5836,20230704,5093,5,2864082.55,14320412.75
42294,1987,5851,5010,5838,20241119,5717,3,702811.89,2108435.67
42295,1800,5306,5330,5838,20230730,5106,3,702811.89,2108435.67
42296,1421,4154,5644,5838,20240811,5295,5,702811.89,3514059.45
42297,477,1395,5350,5838,20230901,5122,1,702811.89,702811.89
42298,35,103,5823,5838,20230603,5077,5,702811.89,3514059.45
42299,1295,3820,5413,5838,20230406,5048,1,702811.89,702811.89
42300,470,1367,5272,5845,20230201,5016,1,2973093.93,2973093.93
42301,152,424,5938,5845,20230402,5046,2,2973093.93,5946187.86
42302,2,6,5988,5845,20230905,5124,4,2973093.93,11892375.72
42303,1443,4222,5405,5845,20231108,5156,2,2973093.93,5946187.86
42304,625,1862,5799,5845,20230629,5090,3,2973093.93,8919281.79
42305,1032,3071,5375,5845,20240214,5205,4,2973093.93,11892375.72
42306,1567,4597,5237,5845,20230909,5126,1,2973093.93,2973093.93
42307,1685,4939,5259,5847,20230708,5095,4,1530243.4,6120973.6
42308,933,2786,5904,5847,20241013,5698,1,1530243.4,1530243.4
42309,248,697,5181,5847,20240320,5223,3,1530243.4,4590730.2
42310,922,2758,5165,5847,20240224,5210,4,1530243.4,6120973.6
42311,731,2186,5066,5847,20230624,5088,2,1530243.4,3060486.8
42312,860,2572,5023,5847,20230713,5097,3,1530243.4,4590730.2
42313,1941,5726,5975,5870,20240802,5290,4,3579029.59,14316118.36
42314,1156,3431,5129,5870,20230910,5127,1,3579029.59,3579029.59
42315,1571,4609,5375,5870,20230103,5002,4,3579029.59,14316118.36
42316,339,958,5781,5870,20230530,5075,1,3579029.59,3579029.59
42317,1055,3139,5673,5870,20230701,5091,1,3579029.59,3579029.59
42318,1900,5607,5453,5870,20231023,5148,3,3579029.59,10737088.77
42319,732,2191,5397,5870,20230419,5055,4,3579029.59,14316118.36
42320,1752,5139,5918,5872,20241223,5734,4,2915397.66,11661590.64
42321,996,2958,5429,5872,20240815,5297,5,2915397.66,14576988.3
42322,454,1319,5293,5872,20231208,5171,1,2915397.66,2915397.66
42323,95,282,5011,5872,20230609,5080,3,2915397.66,8746192.98
42324,1945,5740,5664,5872,20240113,5189,1,2915397.66,2915397.66
42325,23,66,5559,5872,20230923,5133,1,2915397.66,2915397.66
42326,1448,4236,5524,5872,20230508,5064,2,2915397.66,5830795.32
42327,305,874,5455,5877,20241026,5705,1,840029.08,840029.08
42328,859,2567,5517,5877,20241022,5703,5,840029.08,4200145.4
42329,61,173,5540,5877,20231218,5176,4,840029.08,3360116.32
42330,622,1854,5955,5877,20230425,5058,3,840029.08,2520087.24
42331,1751,5135,5972,5877,20241130,5722,5,840029.08,4200145.4
42332,93,273,5534,5879,20230402,5046,3,4834387.56,14503162.68
42333,1561,4575,5848,5879,20240209,5203,4,4834387.56,19337550.24
42334,1598,4684,5600,5879,20230629,5090,2,4834387.56,9668775.12
42335,941,2814,5118,5879,20240802,5290,2,4834387.56,9668775.12
42336,488,1424,5739,5879,20230516,5068,5,4834387.56,24171937.8
42337,1673,4908,5612,5902,20241209,5727,3,3990801.38,11972404.14
42338,764,2291,5055,5902,20230802,5107,3,3990801.38,11972404.14
42339,1472,4327,5909,5902,20241229,5737,5,3990801.38,19954006.9
42340,1149,3411,5956,5902,20230528,5074,2,3990801.38,7981602.76
42341,115,325,5351,5904,20240411,5234,1,1983956.07,1983956.07
42342,117,331,5020,5904,20230712,5097,4,1983956.07,7935824.28
42343,251,704,5794,5904,20230112,5006,5,1983956.07,9919780.35
42344,1010,3006,5737,5911,20231023,5148,4,3356800.13,13427200.52
42345,288,819,5531,5911,20241211,5728,4,3356800.13,13427200.52
42346,1555,4561,5857,5911,20240904,5307,5,3356800.13,16784000.65
42347,1223,3625,5228,5911,20230302,5031,5,3356800.13,16784000.65
42348,334,949,5159,5911,20230519,5070,1,3356800.13,3356800.13
42349,1853,5463,5783,5911,20230219,5025,5,3356800.13,16784000.65
42350,1418,4148,5063,5913,20230618,5085,4,2988884.44,11955537.76
42351,629,1869,5185,5913,20230529,5075,1,2988884.44,2988884.44
42352,897,2685,5630,5913,20230126,5013,4,2988884.44,11955537.76
42353,1265,3742,5291,5913,20241128,5721,4,2988884.44,11955537.76
42354,1392,4075,5622,5913,20230419,5055,2,2988884.44,5977768.88
42355,10,34,5390,5913,20240811,5295,1,2988884.44,2988884.44
42356,1896,5591,5914,5913,20240330,5228,1,2988884.44,2988884.44
42357,1946,5745,5751,5936,20240130,5198,3,1467528.65,4402585.95
42358,677,2029,5179,5936,20230313,5036,3,1467528.65,4402585.95
42359,1488,4382,5003,5936,20230707,5094,4,1467528.65,5870114.6
42360,1625,4775,5858,5936,20241003,5693,2,1467528.65,2935057.3
42361,1843,5428,5949,5936,20240701,5274,4,1467528.65,5870114.6
42362,33,97,5330,5936,20230830,5121,2,1467528.65,2935057.3
42363,1852,5461,5005,5159,20230223,5027,1,849362.8,849362.8
42364,188,529,5102,5842,20240512,5249,2,2426314.26,4852628.52
42365,1424,4162,5123,5842,20241128,5721,3,2426314.26,7278942.78
42366,1006,2993,5777,5842,20240222,5209,1,2426314.26,2426314.26
42367,1581,4636,5857,5842,20240201,5199,1,2426314.26,2426314.26
42368,1674,4910,5870,5843,20241210,5727,4,1812013.31,7248053.24
42369,1612,4733,5417,5843,20240522,5254,5,1812013.31,9060066.55
42370,1182,3512,5981,5843,20230104,5002,3,1812013.31,5436039.93
42371,223,622,5177,5843,20240120,5193,5,1812013.31,9060066.55
42372,1845,5432,5339,5856,20231007,5140,4,4839137.8,19356551.2
42373,1178,3500,5709,5856,20231201,5168,5,4839137.8,24195689.0
42374,65,183,5763,5856,20240331,5228,1,4839137.8,4839137.8
42375,446,1295,5311,5856,20240922,5316,2,4839137.8,9678275.6
42376,1622,4762,5100,5856,20241003,5693,2,4839137.8,9678275.6
42377,1524,4478,5964,5856,20231020,5147,1,4839137.8,4839137.8
42378,771,2315,5045,5857,20240923,5316,4,1636172.32,6544689.28
42379,1859,5482,5739,5857,20230409,5050,1,1636172.32,1636172.32
42380,977,2908,5905,5857,20230821,5117,4,1636172.32,6544689.28
42381,515,1509,5141,5857,20241222,5733,5,1636172.32,8180861.6
42382,1051,3130,5328,5874,20230119,5010,2,3511155.09,7022310.18
42383,1785,5254,5145,5874,20240407,5232,3,3511155.09,10533465.27
42384,1642,4822,5768,5874,20230409,5050,1,3511155.09,3511155.09
42385,331,938,5881,5874,20240708,5278,5,3511155.09,17555775.45
42386,1286,3798,5911,5874,20241202,5723,1,3511155.09,3511155.09
42387,853,2547,5931,5874,20230601,5076,2,3511155.09,7022310.18
42388,542,1598,5329,5874,20241211,5728,2,3511155.09,7022310.18
42389,1461,4283,5095,5874,20240226,5211,5,3511155.09,17555775.45
42390,1076,3191,5161,5875,20240829,5304,4,555753.43,2223013.72
42391,807,2415,5323,5875,20240531,5259,5,555753.43,2778767.15
42392,580,1722,5914,5875,20241117,5716,1,555753.43,555753.43
42393,1532,4499,5272,5875,20231128,5166,4,555753.43,2223013.72
42394,1469,4313,5747,5875,20240326,5226,5,555753.43,2778767.15
42395,631,1877,5462,5875,20240227,5212,5,555753.43,2778767.15
42396,1654,4861,5481,5875,20241014,5699,1,555753.43,555753.43
42397,1928,5685,5277,5875,20230629,5090,5,555753.43,2778767.15
42398,532,1564,5586,5875,20231223,5179,4,555753.43,2223013.72
42399,1976,5822,5578,5875,20230423,5057,5,555753.43,2778767.15
42400,436,1259,5484,5875,20240915,5312,4,555753.43,2223013.72
42401,522,1528,5698,5889,20240411,5234,2,1748159.98,3496319.96
42402,1442,4216,5850,5889,20230922,5133,3,1748159.98,5244479.94
42403,523,1534,5369,5889,20241021,5702,4,1748159.98,6992639.92
42404,1343,3929,5021,5889,20240511,5249,5,1748159.98,8740799.9
42405,858,2563,5753,5892,20240306,5216,5,2386051.03,11930255.15
42406,1243,3683,5542,5892,20240322,5224,4,2386051.03,9544204.12
42407,779,2333,5452,5892,20230423,5057,2,2386051.03,4772102.06
42408,1314,3859,5047,5893,20230706,5094,1,3612749.78,3612749.78
42409,770,2309,5230,5893,20240321,5223,2,3612749.78,7225499.56
42410,662,1985,5059,5893,20240926,5690,1,3612749.78,3612749.78
42411,789,2354,5033,5893,20231210,5172,5,3612749.78,18063748.9
42412,959,2866,5917,5893,20230528,5074,1,3612749.78,3612749.78
42413,1978,5828,5826,5893,20230302,5031,1,3612749.78,3612749.78
42414,5,17,5899,5906,20230609,5080,4,1950290.54,7801162.16
42415,1928,5686,5277,5906,20230629,5090,5,1950290.54,9751452.7
42416,1923,5665,5837,5906,20240319,5222,1,1950290.54,1950290.54
42417,1467,4303,5596,5906,20240209,5203,4,1950290.54,7801162.16
42418,686,2058,5147,5906,20240401,5229,1,1950290.54,1950290.54
42419,1747,5121,5256,5907,20230502,5061,1,1036864.55,1036864.55
42420,262,747,5375,5907,20231211,5173,2,1036864.55,2073729.1
42421,291,836,5985,5907,20240704,5276,2,1036864.55,2073729.1
42422,1014,3019,5450,5907,20231116,5160,5,1036864.55,5184322.75
42423,107,306,5488,5907,20240123,5194,5,1036864.55,5184322.75
42424,1793,5285,5265,5924,20240410,5233,2,936910.96,1873821.92
42425,1170,3479,5304,5924,20231121,5163,2,936910.96,1873821.92
42426,1056,3141,5391,5924,20231107,5156,5,936910.96,4684554.8
42427,706,2120,5710,5925,20230715,5098,5,2779013.75,13895068.75
42428,176,487,5632,5925,20230709,5095,4,2779013.75,11116055.0
42429,642,1915,5514,5925,20240321,5223,3,2779013.75,8337041.25
42430,50,144,5663,5925,20240813,5296,3,2779013.75,8337041.25
42431,1701,4981,5192,5925,20240117,5191,4,2779013.75,11116055.0
42432,1033,3072,5201,5925,20241113,5714,4,2779013.75,11116055.0
42433,542,1599,5329,5925,20241211,5728,3,2779013.75,8337041.25
42434,1355,3964,5542,5163,20240308,5217,2,3877814.01,7755628.02
42435,1618,4751,5704,5163,20230126,5013,3,3877814.01,11633442.03
42436,1918,5651,5983,5163,20240404,5230,5,3877814.01,19389070.05
42437,1060,3151,5699,5163,20240517,5252,1,3877814.01,3877814.01
42438,1739,5096,5498,5163,20240524,5255,4,3877814.01,15511256.04
42439,943,2820,5270,5163,20240502,5244,3,3877814.01,11633442.03
42440,1693,4964,5235,5163,20230926,5135,1,3877814.01,3877814.01
42441,1268,3752,5359,5163,20230130,5015,4,3877814.01,15511256.04
42442,451,1310,5526,5163,20230311,5035,4,3877814.01,15511256.04
42443,388,1122,5893,5164,20230507,5064,4,2714796.46,10859185.84
42444,1238,3671,5399,5164,20230215,5023,2,2714796.46,5429592.92
42445,1521,4474,5279,5164,20240624,5271,1,2714796.46,2714796.46
42446,519,1524,5081,5164,20230722,5102,3,2714796.46,8144389.38
42447,962,2876,6000,5177,20230616,5084,2,4029148.06,8058296.12
42448,542,1600,5329,5177,20241211,5728,5,4029148.06,20145740.3
42449,619,1844,5912,5177,20231012,5143,2,4029148.06,8058296.12
42450,74,210,5424,5177,20230127,5014,5,4029148.06,20145740.3
42451,342,966,5932,5177,20241014,5699,3,4029148.06,12087444.18
42452,197,556,5257,5177,20241016,5700,3,4029148.06,12087444.18
42453,710,2135,5037,5177,20230714,5098,4,4029148.06,16116592.24
42454,867,2594,5912,5177,20231108,5156,2,4029148.06,8058296.12
42455,209,586,5762,5177,20240725,5286,5,4029148.06,20145740.3
42456,1266,3747,5180,5840,20240118,5192,2,325703.08,651406.16
42457,685,2056,5793,5840,20240808,5293,4,325703.08,1302812.32
42458,1543,4532,5779,5841,20230414,5052,1,1387049.74,1387049.74
42459,2000,5893,5004,5841,20231205,5170,5,1387049.74,6935248.7
42460,96,283,5832,5841,20230101,5001,4,1387049.74,5548198.96
42461,781,2337,5272,5841,20240227,5212,1,1387049.74,1387049.74
42462,252,711,5056,5858,20241009,5696,3,4084307.63,12252922.89
42463,824,2467,5324,5858,20230203,5017,3,4084307.63,12252922.89
42464,877,2623,5043,5858,20230901,5122,4,4084307.63,16337230.52
42465,472,1378,5618,5858,20230619,5085,1,4084307.63,4084307.63
42466,1005,2992,5452,5858,20230808,5110,2,4084307.63,8168615.26
42467,1184,3518,5114,5858,20240812,5295,3,4084307.63,12252922.89
42468,540,1592,5068,5859,20240508,5247,1,1831427.53,1831427.53
42469,1207,3583,5762,5859,20230930,5137,4,1831427.53,7325710.12
42470,1496,4405,5681,5859,20240416,5236,5,1831427.53,9157137.65
42471,1898,5600,5808,5859,20230210,5021,3,1831427.53,5494282.59
42472,194,542,5181,5873,20230314,5037,4,2722789.56,10891158.24
42473,664,1992,5651,5873,20230811,5112,2,2722789.56,5445579.12
42474,1038,3087,5194,5873,20230825,5119,2,2722789.56,5445579.12
42475,1211,3590,5316,5873,20241124,5719,2,2722789.56,5445579.12
42476,1974,5817,5386,5873,20230518,5069,2,2722789.56,5445579.12
42477,529,1557,5374,5873,20230131,5016,2,2722789.56,5445579.12
42478,868,2601,5806,5873,20231110,5157,2,2722789.56,5445579.12
42479,1768,5195,5271,5873,20240725,5286,5,2722789.56,13613947.8
42480,366,1047,5421,5876,20241222,5733,1,3291432.21,3291432.21
42481,416,1210,5856,5876,20230203,5017,5,3291432.21,16457161.05
42482,1212,3594,5809,5876,20230704,5093,4,3291432.21,13165728.84
42483,524,1536,5924,5876,20230826,5119,3,3291432.21,9874296.63
42484,652,1949,5749,5876,20241122,5718,2,3291432.21,6582864.42
42485,225,634,5211,5876,20240408,5232,1,3291432.21,3291432.21
42486,688,2063,5184,5890,20241017,5700,3,2282109.85,6846329.55
42487,1423,4158,5299,5890,20231030,5152,2,2282109.85,4564219.7
42488,1043,3100,5933,5890,20241126,5720,3,2282109.85,6846329.55
42489,256,730,5933,5890,20241215,5730,4,2282109.85,9128439.4
42490,1077,3194,5118,5890,20241205,5725,2,2282109.85,4564219.7
42491,947,2833,5253,5890,20240417,5237,1,2282109.85,2282109.85
42492,431,1250,5624,5890,20230803,5108,5,2282109.85,11410549.25
42493,250,702,5179,5891,20241030,5707,4,2610363.0,10441452.0
42494,3,8,5852,5891,20230823,5118,2,2610363.0,5220726.0
42495,1127,3342,5363,5891,20230909,5126,1,2610363.0,2610363.0
42496,1889,5571,5461,5891,20230508,5064,1,2610363.0,2610363.0
42497,596,1773,5719,5891,20240804,5291,2,2610363.0,5220726.0
42498,427,1241,5067,5908,20240313,5219,4,2890966.05,11563864.2
42499,261,742,5912,5908,20240208,5202,2,2890966.05,5781932.1
42500,1797,5294,5377,5908,20240703,5275,3,2890966.05,8672898.15
42501,1286,3799,5911,5908,20241202,5723,1,2890966.05,2890966.05
42502,1851,5453,5342,5908,20241207,5726,4,2890966.05,11563864.2
42503,1436,4200,5420,5909,20240204,5200,2,1835307.22,3670614.44
42504,331,939,5881,5909,20240708,5278,5,1835307.22,9176536.1
42505,1951,5755,5354,5909,20230925,5134,2,1835307.22,3670614.44
42506,1858,5479,5444,5909,20230716,5099,3,1835307.22,5505921.66
42507,1778,5233,5204,5909,20230523,5072,4,1835307.22,7341228.88
42508,424,1232,5784,5909,20230206,5019,4,1835307.22,7341228.88
42509,124,342,5318,5909,20230811,5112,2,1835307.22,3670614.44
42510,645,1923,5168,5909,20230212,5022,3,1835307.22,5505921.66
42511,330,937,5592,5909,20241030,5707,2,1835307.22,3670614.44
42512,1662,4881,5927,5909,20240708,5278,4,1835307.22,7341228.88
42513,1679,4923,5115,5909,20230213,5022,4,1835307.22,7341228.88
42514,390,1129,5424,5923,20240107,5186,1,2878282.16,2878282.16
42515,55,157,5362,5923,20240920,5315,2,2878282.16,5756564.32
42516,504,1478,5443,5923,20230415,5053,4,2878282.16,11513128.64
42517,1547,4541,5985,5926,20241013,5698,1,1451285.52,1451285.52
42518,1896,5593,5914,5926,20240330,5228,2,1451285.52,2902571.04
42519,1692,4960,5115,5926,20231018,5146,1,1451285.52,1451285.52
42520,896,2683,5534,5926,20240718,5283,2,1451285.52,2902571.04
42521,214,595,5299,5926,20230704,5093,2,1451285.52,2902571.04
42522,1455,4253,5729,5161,20240809,5294,5,2753133.66,13765668.3
42523,372,1067,5517,5161,20230220,5026,1,2753133.66,2753133.66
42524,1261,3733,5314,5161,20240807,5293,2,2753133.66,5506267.32
42525,375,1080,5520,5162,20230620,5086,5,2867843.13,14339215.65
42526,926,2768,5515,5162,20230710,5096,2,2867843.13,5735686.26
42527,653,1955,5786,5162,20241119,5717,5,2867843.13,14339215.65
42528,1947,5748,5377,5162,20230910,5127,4,2867843.13,11471372.52
42529,457,1327,5173,5162,20231205,5170,1,2867843.13,2867843.13
42530,1257,3718,5840,5162,20230622,5087,5,2867843.13,14339215.65
42531,1905,5622,5548,5162,20240126,5196,5,2867843.13,14339215.65
42532,682,2043,5163,5162,20241020,5702,1,2867843.13,2867843.13
42533,1200,3558,5327,5162,20240215,5206,2,2867843.13,5735686.26
42534,422,1227,5218,5179,20240729,5288,2,1625031.54,3250063.08
42535,1677,4918,5943,5179,20240304,5215,2,1625031.54,3250063.08
42536,1929,5691,5352,5179,20240419,5238,5,1625031.54,8125157.7
42537,1138,3376,5685,5179,20240221,5209,5,1625031.54,8125157.7
42538,938,2803,5222,5179,20231011,5142,2,1625031.54,3250063.08
42539,1306,3843,5079,5179,20230218,5025,3,1625031.54,4875094.62
42540,920,2753,5772,5179,20230309,5034,1,1625031.54,1625031.54
42541,1064,3163,5394,5180,20240205,5201,5,1453772.88,7268864.4
42542,387,1116,5733,5180,20241229,5737,3,1453772.88,4361318.64
42543,1360,3979,5022,5180,20240404,5230,2,1453772.88,2907545.76
42544,1960,5781,5706,5180,20240313,5219,2,1453772.88,2907545.76
42545,1621,4757,5065,5180,20231204,5169,4,1453772.88,5815091.52
42546,334,948,5159,5194,20230519,5070,5,1643173.51,8215867.55
42547,306,876,5724,5194,20240125,5195,5,1643173.51,8215867.55
42548,1697,4974,5276,5192,20241124,5719,3,3476571.04,10429713.12
42549,1051,3126,5328,5192,20230119,5010,1,3476571.04,3476571.04
42550,751,2250,5988,5192,20240502,5244,3,3476571.04,10429713.12
42551,885,2645,5302,5199,20230505,5063,2,1096971.38,2193942.76
42552,358,1023,5958,5199,20230729,5105,2,1096971.38,2193942.76
42553,412,1198,5568,5199,20240926,5690,2,1096971.38,2193942.76
42554,1362,3984,5240,5210,20230716,5099,2,4411917.34,8823834.68
42555,1220,3614,5723,5210,20230806,5109,2,4411917.34,8823834.68
42556,1051,3129,5328,5210,20230119,5010,2,4411917.34,8823834.68
42557,379,1091,5961,5217,20240527,5257,2,2151862.39,4303724.78
42558,213,593,5809,5217,20230417,5054,5,2151862.39,10759311.95
42559,1792,5277,5072,5217,20241106,5710,4,2151862.39,8607449.56
42560,588,1743,5322,5217,20240410,5233,1,2151862.39,2151862.39
42561,1432,4186,5137,5217,20241215,5730,2,2151862.39,4303724.78
42562,553,1640,5787,5224,20230422,5056,3,3473214.7,10419644.1
42563,1093,3245,5858,5224,20241012,5698,4,3473214.7,13892858.8
42564,1850,5450,5287,5224,20241109,5712,5,3473214.7,17366073.5
42565,706,2121,5710,5224,20230715,5098,2,3473214.7,6946429.4
42566,56,159,5118,5224,20241008,5696,3,3473214.7,10419644.1
42567,1547,4545,5985,5224,20241013,5698,2,3473214.7,6946429.4
42568,554,1644,5394,5224,20240124,5195,2,3473214.7,6946429.4
42569,133,363,5753,5235,20240329,5227,2,4600271.68,9200543.36
42570,180,500,5782,5235,20240620,5269,4,4600271.68,18401086.72
42571,1790,5272,5509,5235,20230313,5036,5,4600271.68,23001358.4
42572,1195,3540,5174,5235,20230122,5011,1,4600271.68,4600271.68
42573,1290,3807,5493,5235,20240202,5199,5,4600271.68,23001358.4
42574,623,1857,5672,5235,20240828,5303,1,4600271.68,4600271.68
42575,142,397,5882,5235,20240105,5185,2,4600271.68,9200543.36
42576,1089,3230,5828,5242,20240523,5255,2,1248353.47,2496706.94
42577,762,2286,5115,5242,20240706,5277,3,1248353.47,3745060.41
42578,812,2429,5912,5242,20240221,5209,5,1248353.47,6241767.35
42579,1544,4533,5802,5242,20240722,5285,2,1248353.47,2496706.94
42580,1899,5602,5830,5242,20240229,5213,1,1248353.47,1248353.47
42581,464,1351,5576,5242,20240617,5267,1,1248353.47,1248353.47
42582,1902,5614,5056,5242,20230730,5106,3,1248353.47,3745060.41
42583,1836,5411,5085,5249,20240417,5237,1,1212997.96,1212997.96
42584,218,605,5551,5249,20231119,5162,1,1212997.96,1212997.96
42585,1431,4184,5340,5249,20240925,5689,4,1212997.96,4851991.84
42586,1278,3782,5095,5249,20240908,5309,3,1212997.96,3638993.88
42587,1897,5598,5657,5249,20231012,5143,3,1212997.96,3638993.88
42588,573,1705,5726,5260,20241002,5693,4,2123640.42,8494561.68
42589,1233,3653,5181,5260,20240530,5258,5,2123640.42,10618202.1
42590,514,1505,5960,5260,20240312,5219,5,2123640.42,10618202.1
42591,1487,4380,5997,5260,20231109,5157,4,2123640.42,8494561.68
42592,183,510,5114,5260,20241018,5701,4,2123640.42,8494561.68
42593,1699,4978,5355,5267,20230804,5108,4,1557745.77,6230983.08
42594,752,2253,5496,5267,20230527,5074,1,1557745.77,1557745.77
42595,1852,5458,5005,5267,20230223,5027,5,1557745.77,7788728.85
42596,596,1772,5719,5267,20240804,5291,3,1557745.77,4673237.31
42597,473,1380,5607,5267,20240203,5200,5,1557745.77,7788728.85
42598,662,1984,5059,5267,20240926,5690,4,1557745.77,6230983.08
42599,1939,5717,5306,5274,20240825,5302,1,3510483.06,3510483.06
42600,140,388,5380,5274,20230506,5063,2,3510483.06,7020966.12
42601,1282,3788,5510,5274,20240202,5199,2,3510483.06,7020966.12
42602,269,763,5977,5274,20241029,5706,4,3510483.06,14041932.24
42603,1727,5058,5881,5274,20230727,5104,5,3510483.06,17552415.3
42604,1181,3505,5916,5274,20240330,5228,3,3510483.06,10531449.18
42605,46,132,5568,5274,20240104,5185,2,3510483.06,7020966.12
42606,986,2932,5770,5285,20231105,5155,4,286641.16,1146564.64
42607,1382,4047,5328,5285,20230307,5033,2,286641.16,573282.32
42608,1979,5832,5152,5285,20230716,5099,5,286641.16,1433205.8
42609,1480,4351,5515,5285,20240114,5190,2,286641.16,573282.32
42610,1253,3709,5892,5285,20240413,5235,1,286641.16,286641.16
42611,1936,5710,5191,5285,20240219,5208,1,286641.16,286641.16
42612,417,1212,5227,5285,20240909,5309,4,286641.16,1146564.64
42613,718,2146,5898,5292,20230213,5022,5,903015.06,4515075.3
42614,744,2222,5913,5292,20240818,5298,3,903015.06,2709045.18
42615,1839,5419,5859,5292,20240427,5242,5,903015.06,4515075.3
42616,356,1013,5446,5292,20231004,5139,4,903015.06,3612060.24
42617,1050,3124,5557,5292,20231218,5176,1,903015.06,903015.06
42618,1103,3270,5841,5292,20230320,5040,4,903015.06,3612060.24
42619,1669,4903,5890,5299,20231219,5177,3,904928.31,2714784.93
42620,1701,4983,5192,5299,20240117,5191,3,904928.31,2714784.93
42621,778,2331,5454,5299,20230723,5102,2,904928.31,1809856.62
42622,1514,4455,5847,5299,20230730,5106,2,904928.31,1809856.62
42623,1175,3491,5406,5310,20230614,5083,2,761326.22,1522652.44
42624,474,1385,5720,5310,20230430,5060,4,761326.22,3045304.88
42625,663,1991,5144,5310,20240831,5305,1,761326.22,761326.22
42626,1463,4289,5996,5310,20230514,5067,5,761326.22,3806631.1
42627,402,1167,5004,5310,20230515,5068,1,761326.22,761326.22
42628,741,2213,5711,5310,20240301,5213,5,761326.22,3806631.1
42629,1450,4242,5822,5310,20231214,5174,2,761326.22,1522652.44
42630,216,601,5612,5310,20230611,5081,1,761326.22,761326.22
42631,6,20,5626,5310,20230322,5041,2,761326.22,1522652.44
42632,832,2490,5263,5310,20230211,5021,5,761326.22,3806631.1
42633,579,1720,5514,5310,20240303,5214,3,761326.22,2283978.66
42634,1770,5204,5194,5317,20230512,5066,2,2104881.05,4209762.1
42635,1778,5232,5204,5317,20230523,5072,4,2104881.05,8419524.2
42636,1677,4917,5943,5317,20240304,5215,2,2104881.05,4209762.1
42637,279,795,5246,5317,20231109,5157,5,2104881.05,10524405.25
42638,854,2549,5203,5317,20230729,5105,5,2104881.05,10524405.25
42639,872,2612,5208,5317,20231019,5146,1,2104881.05,2104881.05
42640,1940,5719,5282,5832,20230209,5020,2,2988653.53,5977307.06
42641,1302,3834,5526,5832,20230323,5041,1,2988653.53,2988653.53
42642,1519,4470,5335,5834,20230124,5012,2,1466318.28,2932636.56
42643,893,2673,5703,5834,20240328,5227,1,1466318.28,1466318.28
42644,1775,5220,5525,5849,20241208,5726,5,4022341.55,20111707.75
42645,646,1929,5250,5849,20240628,5273,1,4022341.55,4022341.55
42646,441,1281,5457,5849,20230704,5093,2,4022341.55,8044683.1
42647,1275,3770,5508,5849,20230219,5025,3,4022341.55,12067024.65
42648,1837,5413,5467,5849,20240715,5281,4,4022341.55,16089366.2
42649,1085,3217,5549,5849,20240807,5293,4,4022341.55,16089366.2
42650,636,1892,5948,5849,20230429,5060,4,4022341.55,16089366.2
42651,1605,4711,5133,5849,20230916,5130,2,4022341.55,8044683.1
42652,1175,3492,5406,5849,20230614,5083,2,4022341.55,8044683.1
42653,1102,3268,5812,5851,20230803,5108,2,4079222.6,8158445.2
42654,1153,3423,5714,5851,20240630,5274,2,4079222.6,8158445.2
42655,699,2098,5057,5851,20231107,5156,4,4079222.6,16316890.4
42656,650,1943,5668,5851,20230411,5051,5,4079222.6,20396113.0
42657,1053,3134,5341,5851,20231119,5162,5,4079222.6,20396113.0
42658,796,2380,5222,5851,20230624,5088,2,4079222.6,8158445.2
42659,1214,3601,5630,5851,20230926,5135,1,4079222.6,4079222.6
42660,945,2828,5593,5851,20230923,5133,3,4079222.6,12237667.8
42661,576,1712,5374,5851,20241109,5712,2,4079222.6,8158445.2
42662,1929,5688,5352,5864,20240419,5238,4,2197890.22,8791560.88
42663,1981,5837,5118,5864,20241001,5692,4,2197890.22,8791560.88
42664,937,2798,5781,5864,20230130,5015,4,2197890.22,8791560.88
42665,1057,3145,5538,5864,20240317,5221,1,2197890.22,2197890.22
42666,1310,3853,5251,5864,20240805,5292,3,2197890.22,6593670.66
42667,1116,3312,5062,5864,20240802,5290,2,2197890.22,4395780.44
42668,1049,3118,5443,5864,20240531,5259,4,2197890.22,8791560.88
42669,656,1964,5686,5866,20240714,5281,4,4096638.18,16386552.72
42670,1878,5535,5692,5866,20241008,5696,5,4096638.18,20483190.9
42671,1455,4252,5729,5866,20240809,5294,1,4096638.18,4096638.18
42672,1024,3048,5757,5866,20240827,5303,2,4096638.18,8193276.36
42673,898,2690,5253,5866,20230814,5113,3,4096638.18,12289914.54
42674,389,1126,5647,5866,20241224,5734,1,4096638.18,4096638.18
42675,1577,4628,5142,5866,20240705,5276,2,4096638.18,8193276.36
42676,1007,2998,5365,5868,20231118,5161,4,3170346.84,12681387.36
42677,926,2770,5515,5868,20230710,5096,4,3170346.84,12681387.36
42678,276,782,5972,5868,20240110,5188,1,3170346.84,3170346.84
42679,388,1120,5893,5868,20230507,5064,4,3170346.84,12681387.36
42680,1064,3160,5394,5868,20240205,5201,5,3170346.84,15851734.2
42681,1988,5857,5767,5868,20230304,5032,2,3170346.84,6340693.68
42682,30,90,5911,5868,20230704,5093,1,3170346.84,3170346.84
42683,1266,3748,5180,5868,20240118,5192,2,3170346.84,6340693.68
42684,817,2449,5025,5868,20240807,5293,5,3170346.84,15851734.2
42685,783,2340,5056,5881,20240822,5300,3,538663.31,1615989.93
42686,1486,4376,5050,5881,20240826,5302,5,538663.31,2693316.55
42687,1620,4753,5945,5881,20230913,5128,5,538663.31,2693316.55
42688,1221,3617,5481,5881,20240309,5217,3,538663.31,1615989.93
42689,799,2391,5372,5883,20230810,5111,4,2234434.97,8937739.88
42690,1495,4400,5649,5883,20230522,5071,5,2234434.97,11172174.85
42691,1895,5590,5197,5883,20230901,5122,3,2234434.97,6703304.91
42692,1245,3689,5815,5883,20241104,5709,4,2234434.97,8937739.88
42693,84,240,5559,5883,20240707,5277,1,2234434.97,2234434.97
42694,1907,5630,5119,5883,20230107,5004,5,2234434.97,11172174.85
42695,698,2092,5696,5883,20240103,5184,4,2234434.97,8937739.88
42696,47,135,5021,5883,20230921,5132,1,2234434.97,2234434.97
42697,1984,5843,5066,5883,20230508,5064,5,2234434.97,11172174.85
42698,1894,5589,5039,5898,20230729,5105,5,4650313.01,23251565.05
42699,245,692,5746,5898,20231104,5154,5,4650313.01,23251565.05
42700,1157,3438,5374,5898,20230529,5075,2,4650313.01,9300626.02
42701,1101,3264,5325,5900,20240627,5272,3,1661638.38,4984915.14
42702,1676,4916,5525,5900,20231210,5172,1,1661638.38,1661638.38
42703,1105,3279,5677,5900,20231104,5154,5,1661638.38,8308191.9
42704,1406,4117,5730,5900,20230930,5137,5,1661638.38,8308191.9
42705,61,169,5540,5900,20231218,5176,1,1661638.38,1661638.38
42706,647,1934,5169,5900,20240318,5222,4,1661638.38,6646553.52
42707,1772,5212,5235,5900,20241105,5710,1,1661638.38,1661638.38
42708,634,1888,5056,5900,20240814,5296,1,1661638.38,1661638.38
42709,1602,4699,5866,5900,20231008,5141,3,1661638.38,4984915.14
42710,751,2246,5988,5915,20240502,5244,1,1766404.77,1766404.77
42711,617,1840,5906,5915,20240511,5249,1,1766404.77,1766404.77
42712,1719,5038,5271,5915,20241022,5703,2,1766404.77,3532809.54
42713,1173,3487,5732,5915,20240227,5212,5,1766404.77,8832023.85
42714,1158,3442,5022,5915,20240112,5189,4,1766404.77,7065619.08
42715,606,1811,5435,5917,20230224,5028,5,4594226.07,22971130.35
42716,78,219,5753,5917,20230823,5118,3,4594226.07,13782678.21
42717,97,286,5512,5917,20230520,5070,4,4594226.07,18376904.28
42718,684,2052,5073,5917,20230205,5018,4,4594226.07,18376904.28
42719,767,2298,5684,5917,20230630,5091,4,4594226.07,18376904.28
42720,1410,4129,5819,5917,20230822,5117,5,4594226.07,22971130.35
42721,410,1193,5007,5917,20240907,5308,4,4594226.07,18376904.28
42722,434,1254,5185,5917,20240510,5248,2,4594226.07,9188452.14
42723,1517,4468,5601,5932,20231125,5165,2,2051580.4,4103160.8
42724,1034,3078,5411,5932,20240219,5208,3,2051580.4,6154741.2
42725,1855,5473,5094,5932,20230902,5123,1,2051580.4,2051580.4
42726,1540,4528,5646,5932,20230130,5015,4,2051580.4,8206321.6
42727,1509,4440,5422,5932,20230224,5028,4,2051580.4,8206321.6
42728,756,2266,5624,5932,20230704,5093,5,2051580.4,10257902.0
42729,508,1486,5073,5932,20230908,5126,5,2051580.4,10257902.0
42730,141,390,5980,5934,20241015,5699,5,2448610.56,12243052.8
42731,1663,4884,5615,5934,20240425,5241,3,2448610.56,7345831.68
42732,1862,5494,5573,5188,20231201,5168,3,2452399.04,7357197.12
42733,579,1719,5514,5203,20240303,5214,1,2835049.13,2835049.13
42734,26,75,5398,5203,20240110,5188,1,2835049.13,2835049.13
42735,668,2002,5710,5203,20230709,5095,5,2835049.13,14175245.65
42736,1602,4703,5866,5203,20231008,5141,2,2835049.13,5670098.26
42737,264,753,5088,5205,20240213,5205,1,239255.2,239255.2
42738,1198,3550,5980,5205,20230402,5046,1,239255.2,239255.2
42739,497,1454,5982,5220,20230803,5108,3,672171.96,2016515.88
42740,1012,3013,5282,5220,20240520,5253,4,672171.96,2688687.84
42741,1581,4638,5857,5220,20240201,5199,3,672171.96,2016515.88
42742,832,2492,5263,5220,20230211,5021,4,672171.96,2688687.84
42743,1467,4305,5596,5220,20240209,5203,1,672171.96,672171.96
42744,48,139,5247,5220,20240226,5211,5,672171.96,3360859.8
42745,1947,5746,5377,5222,20230910,5127,2,56341.87,112683.74
42746,821,2458,5002,5222,20241221,5733,3,56341.87,169025.61
42747,503,1475,5414,5222,20240929,5691,2,56341.87,112683.74
42748,79,223,5639,5222,20231018,5146,2,56341.87,112683.74
42749,1316,3863,5540,5222,20241222,5733,5,56341.87,281709.35
42750,1139,3380,5294,5222,20241104,5709,3,56341.87,169025.61
42751,526,1544,5964,5237,20240108,5187,2,4483998.8,8967997.6
42752,862,2581,5590,5237,20231210,5172,3,4483998.8,13451996.4
42753,529,1555,5374,5237,20230131,5016,2,4483998.8,8967997.6
42754,1482,4363,5531,5237,20230501,5061,3,4483998.8,13451996.4
42755,1160,3448,5705,5237,20241109,5712,3,4483998.8,13451996.4
42756,1956,5765,5295,5237,20241229,5737,3,4483998.8,13451996.4
42757,63,176,5617,5237,20241228,5736,2,4483998.8,8967997.6
42758,281,800,5046,5237,20230530,5075,1,4483998.8,4483998.8
42759,148,415,5221,5239,20230906,5125,5,1764162.85,8820814.25
42760,502,1469,5210,5239,20230428,5059,2,1764162.85,3528325.7
42761,1773,5214,5323,5239,20230819,5116,5,1764162.85,8820814.25
42762,1976,5824,5578,5239,20230423,5057,2,1764162.85,3528325.7
42763,557,1658,5827,5239,20240817,5298,4,1764162.85,7056651.4
42764,677,2026,5179,5254,20230313,5036,5,3816002.43,19080012.15
42765,960,2869,5269,5254,20240614,5266,4,3816002.43,15264009.72
42766,426,1238,5774,5254,20240124,5195,4,3816002.43,15264009.72
42767,1425,4166,5160,5254,20231108,5156,1,3816002.43,3816002.43
42768,1403,4105,5470,5254,20240301,5213,1,3816002.43,3816002.43
42769,194,544,5181,5256,20230314,5037,3,78829.19,236487.57
42770,1798,5298,5207,5256,20230312,5036,3,78829.19,236487.57
42771,1689,4953,5597,5256,20230719,5100,2,78829.19,157658.38
42772,1364,3991,5159,5269,20230813,5113,1,298950.66,298950.66
42773,369,1058,5750,5269,20240704,5276,4,298950.66,1195802.64
42774,357,1021,5773,5269,20241118,5716,3,298950.66,896851.98
42775,1060,3153,5699,5269,20240517,5252,3,298950.66,896851.98
42776,1769,5198,5123,5269,20230523,5072,3,298950.66,896851.98
42777,217,602,5153,5269,20240329,5227,4,298950.66,1195802.64
42778,600,1784,5423,5271,20240613,5265,2,2272325.49,4544650.98
42779,1569,4603,5017,5271,20240905,5307,1,2272325.49,2272325.49
42780,1000,2975,5171,5271,20230412,5051,3,2272325.49,6816976.47
42781,1721,5042,5727,5271,20230703,5092,1,2272325.49,2272325.49
42782,456,1324,5975,5271,20230130,5015,3,2272325.49,6816976.47
42783,944,2825,5018,5271,20240608,5263,2,2272325.49,4544650.98
42784,190,531,5389,5271,20240202,5199,4,2272325.49,9089301.96
42785,924,2765,5725,5271,20240723,5285,1,2272325.49,2272325.49
42786,674,2023,5285,5271,20230305,5032,4,2272325.49,9089301.96
42787,411,1195,5503,5271,20230908,5126,1,2272325.49,2272325.49
42788,1957,5769,5888,5271,20241224,5734,4,2272325.49,9089301.96
42789,696,2088,5901,5286,20241206,5725,3,1844762.01,5534286.03
42790,957,2860,5099,5286,20241202,5723,4,1844762.01,7379048.04
42791,313,895,5290,5286,20231208,5171,4,1844762.01,7379048.04
42792,345,979,5492,5286,20240918,5314,1,1844762.01,1844762.01
42793,1709,5009,5970,5288,20240922,5316,2,1149738.07,2299476.14
42794,825,2469,5443,5288,20231004,5139,2,1149738.07,2299476.14
42795,1129,3351,5156,5288,20240308,5217,5,1149738.07,5748690.35
42796,1704,4995,5811,5288,20230528,5074,1,1149738.07,1149738.07
42797,1738,5094,5264,5303,20240318,5222,4,1643231.6,6572926.4
42798,464,1352,5576,5303,20240617,5267,2,1643231.6,3286463.2
42799,1140,3382,5891,5303,20230524,5072,1,1643231.6,1643231.6
42800,1415,4139,5195,5303,20230111,5006,5,1643231.6,8216158.0
42801,886,2648,5199,5303,20240526,5256,3,1643231.6,4929694.8
42802,913,2735,5997,5303,20240728,5288,1,1643231.6,1643231.6
42803,59,166,5302,5305,20240919,5314,5,1465059.5,7325297.5
42804,1426,4170,5844,5305,20231219,5177,5,1465059.5,7325297.5
42805,178,496,5672,5305,20231125,5165,3,1465059.5,4395178.5
42806,1753,5141,5009,5305,20240710,5279,5,1465059.5,7325297.5
42807,1969,5800,5100,5305,20240518,5252,2,1465059.5,2930119.0
42808,115,326,5351,5320,20240411,5234,2,229062.33,458124.66
42809,1164,3466,5435,5320,20241202,5723,1,229062.33,229062.33
42810,1232,3650,5950,5320,20230703,5092,3,229062.33,687186.99
42811,1145,3400,5789,5320,20240906,5308,1,229062.33,229062.33
42812,253,717,5043,5320,20231109,5157,4,229062.33,916249.32
42813,1344,3931,5467,5320,20240405,5231,1,229062.33,229062.33
42814,1610,4724,5901,5320,20240221,5209,4,229062.33,916249.32
42815,1767,5192,5871,5320,20240325,5225,5,229062.33,1145311.65
42816,1942,5728,5787,5320,20240322,5224,1,229062.33,229062.33
42817,845,2522,5692,5320,20241227,5736,5,229062.33,1145311.65
42818,2,7,5988,5322,20230905,5124,4,3507226.08,14028904.32
42819,1433,4192,5792,5322,20241026,5705,3,3507226.08,10521678.24
42820,672,2016,5482,5322,20240313,5219,2,3507226.08,7014452.16
42821,698,2093,5696,5322,20240103,5184,2,3507226.08,7014452.16
42822,852,2541,5711,5322,20231010,5142,1,3507226.08,3507226.08
42823,865,2587,5860,5322,20241112,5713,4,3507226.08,14028904.32
42824,444,1287,5813,5861,20240421,5239,3,3411746.04,10235238.12
42825,444,1291,5813,5861,20240421,5239,4,3411746.04,13646984.16
42826,139,383,5421,5861,20230213,5022,5,3411746.04,17058730.2
42827,1225,3634,5190,5861,20231229,5182,3,3411746.04,10235238.12
42828,1143,3393,5476,5863,20240817,5298,5,4715444.83,23577224.15
42829,1835,5403,5384,5863,20241117,5716,4,4715444.83,18861779.32
42830,1810,5336,5041,5863,20240418,5237,5,4715444.83,23577224.15
42831,1610,4725,5901,5863,20240221,5209,5,4715444.83,23577224.15
42832,949,2840,5649,5863,20240105,5185,5,4715444.83,23577224.15
42833,1469,4315,5747,5863,20240326,5226,2,4715444.83,9430889.66
42834,1842,5424,5904,5886,20230701,5091,5,2419027.71,12095138.55
42835,145,409,5016,5886,20240320,5223,5,2419027.71,12095138.55
42836,1538,4521,5564,5886,20231122,5163,1,2419027.71,2419027.71
42837,1377,4031,5568,5886,20230829,5121,1,2419027.71,2419027.71
42838,1171,3481,5885,5886,20230204,5018,4,2419027.71,9676110.84
42839,1694,4966,5959,5886,20240721,5284,4,2419027.71,9676110.84
42840,672,2014,5482,5888,20240313,5219,2,589186.0,1178372.0
42841,941,2812,5118,5888,20240802,5290,5,589186.0,2945930.0
42842,94,278,5485,5888,20240110,5188,1,589186.0,589186.0
42843,1725,5052,5663,5888,20241015,5699,1,589186.0,589186.0
42844,1774,5217,5779,5888,20241203,5724,2,589186.0,1178372.0
42845,642,1914,5514,5895,20240321,5223,1,232968.43,232968.43
42846,1632,4797,5345,5895,20230408,5049,1,232968.43,232968.43
42847,1140,3383,5891,5895,20230524,5072,1,232968.43,232968.43
42848,1273,3767,5199,5895,20240408,5232,1,232968.43,232968.43
42849,1017,3027,5190,5895,20230313,5036,2,232968.43,465936.86
42850,64,181,5496,5897,20241022,5703,2,3243369.89,6486739.78
42851,1004,2990,5322,5897,20231230,5182,1,3243369.89,3243369.89
42852,518,1521,5228,5897,20231231,5183,4,3243369.89,12973479.56
42853,829,2482,5138,5897,20241121,5718,3,3243369.89,9730109.67
42854,1982,5841,5082,5897,20241013,5698,4,3243369.89,12973479.56
42855,779,2334,5452,5897,20230423,5057,2,3243369.89,6486739.78
42856,1240,3675,5153,5897,20240316,5221,5,3243369.89,16216849.45
42857,922,2760,5165,5920,20240224,5210,5,593575.03,2967875.15
42858,1406,4116,5730,5920,20230930,5137,1,593575.03,593575.03
42859,33,99,5330,5920,20230830,5121,4,593575.03,2374300.12
42860,1034,3074,5411,5922,20240219,5208,3,2097013.14,6291039.42
42861,766,2296,5397,5922,20230602,5077,2,2097013.14,4194026.28
42862,589,1749,5281,5922,20240719,5283,1,2097013.14,2097013.14
42863,192,537,5051,5922,20240827,5303,1,2097013.14,2097013.14
42864,680,2037,5441,5922,20230422,5056,2,2097013.14,4194026.28
42865,384,1103,5132,5922,20241230,5737,4,2097013.14,8388052.56
42866,446,1293,5311,5922,20240922,5316,1,2097013.14,2097013.14
42867,1793,5283,5265,5922,20240410,5233,1,2097013.14,2097013.14
42868,943,2819,5270,5922,20240502,5244,4,2097013.14,8388052.56
42869,1611,4729,5365,5927,20241127,5721,4,1579754.27,6319017.08
42870,86,247,5958,5927,20241215,5730,2,1579754.27,3159508.54
42871,478,1400,5425,5927,20231106,5155,4,1579754.27,6319017.08
42872,135,369,5679,5927,20230407,5049,1,1579754.27,1579754.27
42873,972,2900,5423,5927,20240328,5227,4,1579754.27,6319017.08
42874,1727,5061,5881,5927,20230727,5104,2,1579754.27,3159508.54
42875,1900,5608,5453,5927,20231023,5148,5,1579754.27,7898771.35
42876,1045,3108,5674,5927,20230409,5050,2,1579754.27,3159508.54
42877,1088,3225,5232,5929,20241122,5718,5,4759691.33,23798456.65
42878,1944,5733,5703,5929,20240515,5251,3,4759691.33,14279073.99
42879,1000,2977,5171,5929,20230412,5051,3,4759691.33,14279073.99
42880,1804,5319,5501,5929,20240529,5258,4,4759691.33,19038765.32
42881,1735,5084,5364,5173,20240820,5299,1,1057292.06,1057292.06
42882,650,1944,5668,5173,20230411,5051,2,1057292.06,2114584.12
42883,607,1815,5352,5173,20230112,5006,2,1057292.06,2114584.12
42884,1316,3866,5540,5173,20241222,5733,4,1057292.06,4229168.24
42885,235,654,5359,5173,20230407,5049,2,1057292.06,2114584.12
42886,365,1045,5654,5173,20240703,5275,3,1057292.06,3171876.18
42887,582,1729,5736,5173,20230117,5009,5,1057292.06,5286460.3
42888,1596,4676,5686,5173,20230718,5100,5,1057292.06,5286460.3
42889,1357,3972,5139,5173,20241025,5704,5,1057292.06,5286460.3
42890,962,2875,6000,5173,20230616,5084,4,1057292.06,4229168.24
42891,694,2082,5450,5175,20230313,5036,4,838248.27,3352993.08
42892,1817,5355,5964,5175,20240129,5197,5,838248.27,4191241.35
42893,1107,3284,5476,5175,20240229,5213,3,838248.27,2514744.81
42894,603,1796,5698,5175,20241110,5712,2,838248.27,1676496.54
42895,240,670,5580,5175,20240807,5293,5,838248.27,4191241.35
42896,957,2861,5099,5175,20241202,5723,3,838248.27,2514744.81
42897,567,1685,5064,5175,20230511,5066,1,838248.27,838248.27
42898,700,2101,5093,5182,20241009,5696,2,686588.64,1373177.28
42899,378,1086,5093,5182,20241023,5703,3,686588.64,2059765.92
42900,1497,4410,5885,5182,20240404,5230,4,686588.64,2746354.56
42901,1154,3424,5556,5184,20230426,5058,3,4336567.48,13009702.44
42902,384,1106,5132,5184,20241230,5737,2,4336567.48,8673134.96
42903,1622,4761,5100,5184,20241003,5693,2,4336567.48,8673134.96
42904,898,2689,5253,5184,20230814,5113,5,4336567.48,21682837.4
42905,700,2102,5093,5184,20241009,5696,4,4336567.48,17346269.92
42906,515,1511,5141,5184,20241222,5733,5,4336567.48,21682837.4
42907,768,2303,5658,5207,20230214,5023,5,2212016.88,11060084.4
42908,224,626,5213,5207,20230918,5131,4,2212016.88,8848067.52
42909,52,150,5551,5207,20231019,5146,3,2212016.88,6636050.64
42910,1599,4691,5907,5207,20230512,5066,4,2212016.88,8848067.52
42911,540,1591,5068,5207,20240508,5247,2,2212016.88,4424033.76
42912,997,2960,5216,5207,20230811,5112,3,2212016.88,6636050.64
42913,1835,5407,5384,5209,20241117,5716,5,1019567.85,5097839.25
42914,1960,5780,5706,5209,20240313,5219,5,1019567.85,5097839.25
42915,902,2706,5024,5209,20231012,5143,3,1019567.85,3058703.55
42916,680,2035,5441,5159,20230422,5056,2,849362.8,1698725.6
42917,1154,3426,5556,5159,20230426,5058,5,849362.8,4246814.0
42918,702,2109,5859,5159,20231215,5175,5,849362.8,4246814.0
42919,1873,5522,5308,5159,20230310,5035,2,849362.8,1698725.6
42920,227,637,5608,5166,20230205,5018,4,2736302.84,10945211.36
42921,457,1329,5173,5166,20231205,5170,1,2736302.84,2736302.84
42922,358,1024,5958,5166,20230729,5105,2,2736302.84,5472605.68
42923,1450,4240,5822,5166,20231214,5174,1,2736302.84,2736302.84
42924,321,912,5147,5168,20230605,5078,4,1495567.59,5982270.36
42925,747,2235,5007,5168,20240513,5250,2,1495567.59,2991135.18
42926,1638,4813,5330,5168,20240917,5313,5,1495567.59,7477837.95
42927,814,2436,5017,5168,20241025,5704,3,1495567.59,4486702.77
42928,371,1064,5214,5168,20240612,5265,3,1495567.59,4486702.77
42929,1416,4141,5234,5191,20230313,5036,5,2020225.36,10101126.8
42930,276,783,5972,5191,20240110,5188,1,2020225.36,2020225.36
42931,1013,3015,5612,5191,20231018,5146,1,2020225.36,2020225.36
42932,1932,5698,5730,5191,20231208,5171,4,2020225.36,8080901.44
42933,582,1728,5736,5191,20230117,5009,2,2020225.36,4040450.72
42934,348,989,5255,5191,20230825,5119,3,2020225.36,6060676.08
42935,154,429,5182,5191,20240925,5689,2,2020225.36,4040450.72
42936,868,2599,5806,5191,20231110,5157,4,2020225.36,8080901.44
42937,1049,3121,5443,5193,20240531,5259,1,2278931.29,2278931.29
42938,1564,4584,5134,5193,20240531,5259,4,2278931.29,9115725.16
42939,387,1119,5733,5193,20241229,5737,3,2278931.29,6836793.87
42940,1249,3699,5720,5193,20230924,5134,1,2278931.29,2278931.29
42941,1341,3922,5754,5193,20230620,5086,5,2278931.29,11394656.45
42942,1345,3934,5581,5198,20230726,5104,1,4252030.14,4252030.14
42943,84,237,5559,5198,20240707,5277,5,4252030.14,21260150.7
42944,898,2691,5253,5198,20230814,5113,3,4252030.14,12756090.42
42945,7,25,5209,5198,20230107,5004,1,4252030.14,4252030.14
42946,890,2661,5373,5198,20241223,5734,2,4252030.14,8504060.28
42947,1139,3381,5294,5198,20241104,5709,1,4252030.14,4252030.14
42948,180,499,5782,5198,20240620,5269,5,4252030.14,21260150.7
42949,865,2588,5860,5198,20241112,5713,5,4252030.14,21260150.7
42950,782,2339,5370,5198,20230814,5113,2,4252030.14,8504060.28
42951,1001,2979,5263,5200,20240531,5259,3,4125989.76,12377969.28
42952,1653,4859,5906,5200,20230718,5100,1,4125989.76,4125989.76
42953,628,1867,5087,5200,20230203,5017,2,4125989.76,8251979.52
42954,1063,3158,5058,5200,20230610,5081,4,4125989.76,16503959.04
42955,1174,3489,5842,5200,20240308,5217,5,4125989.76,20629948.8
42956,24,71,5494,5200,20230927,5135,4,4125989.76,16503959.04
42957,1363,3986,5407,5223,20240324,5225,3,4087374.04,12262122.12
42958,195,549,5391,5223,20230802,5107,4,4087374.04,16349496.16
42959,895,2679,5692,5223,20230211,5021,4,4087374.04,16349496.16
42960,1305,3842,5580,5223,20240313,5219,5,4087374.04,20436870.2
42961,1732,5075,5767,5223,20230328,5044,5,4087374.04,20436870.2
42962,1608,4719,5872,5223,20241027,5705,2,4087374.04,8174748.08
42963,1887,5563,5457,5223,20241222,5733,4,4087374.04,16349496.16
42964,1585,4652,5774,5223,20230815,5114,3,4087374.04,12262122.12
42965,280,797,5636,5223,20240923,5316,3,4087374.04,12262122.12
42966,1953,5759,5590,5223,20230911,5127,5,4087374.04,20436870.2
42967,315,901,5251,5223,20241201,5723,5,4087374.04,20436870.2
42968,1434,4193,5087,5223,20230722,5102,5,4087374.04,20436870.2
42969,136,372,5286,5225,20230802,5107,5,363433.24,1817166.2
42970,1029,3064,5781,5225,20240526,5256,5,363433.24,1817166.2
42971,880,2634,5573,5225,20230708,5095,3,363433.24,1090299.72
42972,821,2459,5002,5225,20241221,5733,1,363433.24,363433.24
42973,1356,3966,5493,5225,20240720,5284,3,363433.24,1090299.72
42974,746,2228,5017,5232,20240121,5193,3,3055493.0,9166479.0
42975,571,1697,5459,5232,20231016,5145,1,3055493.0,3055493.0
42976,1680,4927,5447,5232,20230104,5002,1,3055493.0,3055493.0
42977,1277,3776,5203,5232,20230314,5037,4,3055493.0,12221972.0
42978,952,2851,5975,5232,20230320,5040,1,3055493.0,3055493.0
42979,180,501,5782,5234,20240620,5269,5,3144119.39,15720596.95
42980,1619,4752,5168,5234,20240309,5217,2,3144119.39,6288238.78
42981,759,2276,5460,5234,20230105,5003,4,3144119.39,12576477.56
42982,1371,4016,5989,5234,20230615,5083,3,3144119.39,9432358.17
42983,959,2867,5917,5234,20230528,5074,5,3144119.39,15720596.95
42984,1145,3399,5789,5234,20240906,5308,5,3144119.39,15720596.95
42985,670,2009,5652,5234,20240423,5240,3,3144119.39,9432358.17
42986,658,1970,5425,5234,20240226,5211,2,3144119.39,6288238.78
42987,1576,4625,5080,5234,20241026,5705,3,3144119.39,9432358.17
42988,853,2546,5931,5234,20230601,5076,3,3144119.39,9432358.17
42989,1394,4082,5948,5234,20240603,5260,5,3144119.39,15720596.95
42990,1688,4948,5338,5257,20230526,5073,1,208736.04,208736.04
42991,1609,4720,5862,5257,20231127,5166,2,208736.04,417472.08
42992,1237,3669,5539,5257,20230924,5134,2,208736.04,417472.08
42993,1514,4457,5847,5257,20230730,5106,1,208736.04,208736.04
42994,549,1624,5552,5257,20240902,5306,1,208736.04,208736.04
42995,1033,3073,5201,5257,20241113,5714,2,208736.04,417472.08
42996,1853,5464,5783,5257,20230219,5025,5,208736.04,1043680.2
42997,919,2750,5231,5257,20240501,5244,4,208736.04,834944.16
42998,1018,3032,5960,5257,20241126,5720,3,208736.04,626208.12
42999,1550,4550,5350,5259,20240309,5217,5,2537986.92,12689934.6
43000,1677,4919,5943,5259,20240304,5215,4,2537986.92,10151947.68
43001,1310,3852,5251,5259,20240805,5292,4,2537986.92,10151947.68
43002,881,2636,5679,5259,20241225,5735,1,2537986.92,2537986.92
43003,1831,5397,5874,5259,20231218,5176,2,2537986.92,5075973.84
43004,931,2778,5487,5259,20230103,5002,2,2537986.92,5075973.84
43005,1122,3329,5841,5259,20240227,5212,4,2537986.92,10151947.68
43006,936,2793,5469,5266,20241205,5725,5,2936321.44,14681607.2
43007,693,2079,5862,5266,20240322,5224,3,2936321.44,8808964.32
43008,1929,5689,5352,5177,20240419,5238,3,4029148.06,12087444.18
43009,1037,3082,5397,5177,20230914,5129,3,4029148.06,12087444.18
43010,1650,4852,5106,5178,20230717,5099,3,2666081.18,7998243.54
43011,1562,4576,5505,5178,20230524,5072,2,2666081.18,5332162.36
43012,1131,3356,5030,5178,20231007,5140,4,2666081.18,10664324.72
43013,791,2363,5114,5178,20231015,5144,4,2666081.18,10664324.72
43014,26,77,5398,5178,20240110,5188,2,2666081.18,5332162.36
43015,1133,3363,5657,5178,20240717,5282,5,2666081.18,13330405.9
43016,315,903,5251,5178,20241201,5723,4,2666081.18,10664324.72
43017,1410,4128,5819,5181,20230822,5117,1,4762462.75,4762462.75
43018,1301,3832,5335,5181,20231025,5149,5,4762462.75,23812313.75
43019,799,2388,5372,5181,20230810,5111,4,4762462.75,19049851.0
43020,816,2445,5876,5181,20241221,5733,2,4762462.75,9524925.5
43021,1792,5278,5072,5181,20241106,5710,4,4762462.75,19049851.0
43022,178,495,5672,5181,20231125,5165,4,4762462.75,19049851.0
43023,178,494,5672,5195,20231125,5165,4,4345849.74,17383398.96
43024,437,1264,5636,5195,20240622,5270,3,4345849.74,13037549.22
43025,669,2005,5520,5195,20230708,5095,4,4345849.74,17383398.96
43026,1742,5105,5255,5195,20241022,5703,5,4345849.74,21729248.7
43027,1563,4583,5623,5195,20240318,5222,5,4345849.74,21729248.7
43028,275,781,5321,5195,20241118,5716,3,4345849.74,13037549.22
43029,830,2486,5280,5195,20230222,5027,2,4345849.74,8691699.48
43030,26,78,5398,5195,20240110,5188,3,4345849.74,13037549.22
43031,153,426,5700,5196,20240526,5256,2,3657350.37,7314700.74
43032,88,254,5127,5196,20241008,5696,4,3657350.37,14629401.48
43033,339,960,5781,5196,20230530,5075,2,3657350.37,7314700.74
43034,103,298,5309,5196,20240118,5192,2,3657350.37,7314700.74
43035,1272,3765,5635,5196,20230214,5023,3,3657350.37,10972051.11
43036,1526,4482,5692,5196,20231111,5158,5,3657350.37,18286751.85
43037,1097,3252,5758,5196,20230820,5116,2,3657350.37,7314700.74
43038,551,1633,5534,5196,20240331,5228,2,3657350.37,7314700.74
43039,647,1932,5169,5213,20240318,5222,1,1259442.5,1259442.5
43040,282,801,5699,5213,20230828,5120,2,1259442.5,2518885.0
43041,1557,4566,5597,5213,20241009,5696,5,1259442.5,6297212.5
43042,1866,5505,5253,5213,20230807,5110,5,1259442.5,6297212.5
43043,1820,5363,5132,5213,20230611,5081,3,1259442.5,3778327.5
43044,1442,4218,5850,5214,20230922,5133,5,3325898.97,16629494.85
43045,324,924,5122,5214,20241125,5720,2,3325898.97,6651797.94
43046,1272,3764,5635,5214,20230214,5023,5,3325898.97,16629494.85
43047,1197,3549,5157,5214,20241003,5693,1,3325898.97,3325898.97
43048,1613,4737,5049,5227,20230214,5023,2,524975.65,1049951.3
43049,1233,3656,5181,5228,20240530,5258,2,4406135.08,8812270.16
43050,1597,4683,5576,5228,20241129,5722,5,4406135.08,22030675.4
43051,181,505,5625,5228,20240718,5283,5,4406135.08,22030675.4
43052,334,947,5159,5231,20230519,5070,5,351373.92,1756869.6
43053,872,2613,5208,5231,20231019,5146,4,351373.92,1405495.68
43054,1422,4155,5887,5231,20241231,5738,2,351373.92,702747.84
43055,1403,4103,5470,5245,20240301,5213,1,1035174.13,1035174.13
43056,517,1518,5629,5245,20241207,5726,4,1035174.13,4140696.52
43057,166,459,5971,5246,20240709,5278,3,3741739.77,11225219.31
43058,1540,4526,5646,5246,20230130,5015,4,3741739.77,14966959.08
43059,1450,4241,5822,5246,20231214,5174,1,3741739.77,3741739.77
43060,1084,3210,5274,5246,20230123,5012,2,3741739.77,7483479.54
43061,1291,3810,5321,5263,20240730,5289,3,404317.59,1212952.77
43062,296,849,5045,5263,20240819,5299,3,404317.59,1212952.77
43063,562,1669,5525,5263,20230730,5106,5,404317.59,2021587.95
43064,660,1975,5476,5263,20230813,5113,3,404317.59,1212952.77
43065,241,675,5738,5263,20230811,5112,5,404317.59,2021587.95
43066,1748,5126,5982,5263,20230209,5020,3,404317.59,1212952.77
43067,590,1754,5967,5263,20231230,5182,3,404317.59,1212952.77
43068,379,1092,5961,5264,20240527,5257,4,4871823.79,19487295.16
43069,295,845,5273,5264,20241216,5730,1,4871823.79,4871823.79
43070,1140,3384,5891,5264,20230524,5072,1,4871823.79,4871823.79
43071,565,1677,5624,5278,20240819,5299,5,3751384.16,18756920.8
43072,483,1410,5934,5278,20240509,5248,4,3751384.16,15005536.64
43073,396,1147,5943,5278,20241106,5710,5,3751384.16,18756920.8
43074,833,2495,5570,5278,20230629,5090,1,3751384.16,3751384.16
43075,993,2954,5797,5278,20230614,5083,2,3751384.16,7502768.32
43076,1739,5097,5498,5281,20240524,5255,4,1681705.02,6726820.08
43077,1823,5372,5309,5281,20230811,5112,2,1681705.02,3363410.04
43078,1528,4488,5028,5295,20231130,5167,1,2087120.43,2087120.43
43079,1827,5384,5989,5295,20230618,5085,4,2087120.43,8348481.72
43080,140,389,5380,5295,20230506,5063,1,2087120.43,2087120.43
43081,1316,3865,5540,5296,20241222,5733,2,1363577.21,2727154.42
43082,1246,3695,5970,5296,20240326,5226,4,1363577.21,5454308.84
43083,544,1605,5708,5296,20231217,5176,2,1363577.21,2727154.42
43084,1256,3714,5852,5296,20231018,5146,3,1363577.21,4090731.63
43085,38,112,5434,5296,20241007,5695,4,1363577.21,5454308.84
43086,1110,3296,5718,5296,20230120,5010,1,1363577.21,1363577.21
43087,492,1439,5121,5296,20230215,5023,5,1363577.21,6817886.05
43088,1888,5564,5775,5296,20230122,5011,5,1363577.21,6817886.05
43089,1103,3272,5841,5296,20230320,5040,1,1363577.21,1363577.21
43090,1167,3473,5093,5313,20230919,5131,2,4755441.41,9510882.82
43091,753,2259,5309,5313,20240619,5268,2,4755441.41,9510882.82
43092,673,2017,5502,5313,20230615,5083,5,4755441.41,23777207.05
43093,1020,3039,5336,5313,20230418,5054,2,4755441.41,9510882.82
43094,1582,4641,5904,5313,20241214,5729,3,4755441.41,14266324.23
43095,729,2179,5838,5313,20230221,5026,2,4755441.41,9510882.82
43096,1721,5043,5727,5314,20230703,5092,4,3797056.47,15188225.88
43097,112,319,5969,5314,20231003,5138,2,3797056.47,7594112.94
43098,526,1547,5964,5314,20240108,5187,3,3797056.47,11391169.41
43099,626,1864,5384,5314,20241218,5731,5,3797056.47,18985282.35
43100,1675,4915,5215,5145,20240815,5297,4,3283300.53,13133202.12
43101,1012,3012,5282,5145,20240520,5253,2,3283300.53,6566601.06
43102,945,2830,5593,5145,20230923,5133,4,3283300.53,13133202.12
43103,1356,3969,5493,5145,20240720,5284,3,3283300.53,9849901.59
43104,892,2670,5744,5145,20230531,5076,2,3283300.53,6566601.06
43105,589,1747,5281,5152,20240719,5283,3,3589616.7,10768850.1
43106,1464,4290,5266,5152,20240401,5229,1,3589616.7,3589616.7
43107,1263,3736,5137,5152,20240525,5256,1,3589616.7,3589616.7
43108,692,2076,5377,5152,20240611,5264,5,3589616.7,17948083.5
43109,1271,3762,5225,5152,20241104,5709,1,3589616.7,3589616.7
43110,1692,4961,5115,5152,20231018,5146,5,3589616.7,17948083.5
43111,1276,3774,5759,5152,20231127,5166,3,3589616.7,10768850.1
43112,389,1123,5647,5152,20241224,5734,1,3589616.7,3589616.7
43113,350,1000,5368,5152,20240529,5258,4,3589616.7,14358466.8
43114,1086,3219,5825,5152,20240809,5294,4,3589616.7,14358466.8
43115,364,1039,5606,5626,20240918,5314,1,4540605.42,4540605.42
43116,1487,4381,5997,5626,20231109,5157,4,4540605.42,18162421.68
43117,164,454,5721,5626,20230210,5021,2,4540605.42,9081210.84
43118,1433,4190,5792,5626,20241026,5705,1,4540605.42,4540605.42
43119,695,2083,5206,5626,20230104,5002,2,4540605.42,9081210.84
43120,855,2554,5519,5626,20241004,5694,3,4540605.42,13621816.26
43121,138,382,5642,5637,20231127,5166,4,4642989.68,18571958.72
43122,1218,3611,5888,5637,20230517,5069,1,4642989.68,4642989.68
43123,614,1835,5584,5637,20240815,5297,4,4642989.68,18571958.72
43124,81,230,5036,5637,20230624,5088,5,4642989.68,23214948.4
43125,1384,4056,5448,5644,20230504,5062,2,80280.14,160560.28
43126,1815,5348,5150,5644,20230913,5128,3,80280.14,240840.42
43127,1627,4781,5210,5644,20240429,5243,2,80280.14,160560.28
43128,723,2162,5751,5651,20230315,5037,1,44082.3,44082.3
43129,38,109,5434,5651,20241007,5695,1,44082.3,44082.3
43130,631,1876,5462,5651,20240227,5212,2,44082.3,88164.6
43131,1117,3314,5261,5655,20240618,5268,2,1315150.22,2630300.44
43132,1902,5612,5056,5655,20230730,5106,1,1315150.22,1315150.22
43133,877,2625,5043,5655,20230901,5122,1,1315150.22,1315150.22
43134,916,2741,5919,5655,20240310,5218,5,1315150.22,6575751.1
43135,1326,3892,5118,5655,20240416,5236,5,1315150.22,6575751.1
43136,1876,5531,5476,5655,20240805,5292,2,1315150.22,2630300.44
43137,21,61,5552,5662,20240817,5298,4,1103451.72,4413806.88
43138,850,2536,5514,5662,20240205,5201,5,1103451.72,5517258.6
43139,1615,4740,5006,5662,20240404,5230,1,1103451.72,1103451.72
43140,1009,3004,5719,5662,20240522,5254,4,1103451.72,4413806.88
43141,1991,5864,5272,5662,20240618,5268,2,1103451.72,2206903.44
43142,85,241,5221,5662,20240331,5228,1,1103451.72,1103451.72
43143,100,290,5010,5662,20240503,5245,3,1103451.72,3310355.16
43144,1150,3414,5338,5662,20230808,5110,3,1103451.72,3310355.16
43145,1278,3779,5095,5669,20240908,5309,4,399732.58,1598930.32
43146,712,2138,5388,5669,20240830,5304,4,399732.58,1598930.32
43147,265,758,5332,5676,20240213,5205,1,4045373.5,4045373.5
43148,182,509,5307,5676,20231017,5145,1,4045373.5,4045373.5
43149,1295,3819,5413,5676,20230406,5048,2,4045373.5,8090747.0
43150,1796,5291,5909,5676,20230610,5081,5,4045373.5,20226867.5
43151,1164,3465,5435,5676,20241202,5723,5,4045373.5,20226867.5
43152,151,421,5268,5676,20240902,5306,5,4045373.5,20226867.5
43153,1356,3967,5493,5676,20240720,5284,4,4045373.5,16181494.0
43154,1921,5661,5339,5676,20230621,5086,5,4045373.5,20226867.5
43155,600,1787,5423,5680,20240613,5265,3,3619167.6,10857502.8
43156,1774,5215,5779,5680,20241203,5724,4,3619167.6,14476670.4
43157,710,2132,5037,5680,20230714,5098,2,3619167.6,7238335.2
43158,1689,4951,5597,5680,20230719,5100,1,3619167.6,3619167.6
43159,1176,3496,5318,5680,20230309,5034,2,3619167.6,7238335.2
43160,799,2392,5372,5687,20230810,5111,4,168357.01,673428.04
43161,1723,5048,5373,5687,20240509,5248,4,168357.01,673428.04
43162,1396,4088,5937,5687,20230730,5106,1,168357.01,168357.01
43163,1628,4783,5839,5687,20231215,5175,4,168357.01,673428.04
43164,1639,4815,5691,5687,20230309,5034,4,168357.01,673428.04
43165,1578,4631,5686,5694,20241118,5716,2,601979.5,1203959.0
43166,1376,4027,5529,5694,20240301,5213,2,601979.5,1203959.0
43167,1146,3404,5850,5701,20231117,5161,3,784055.65,2352166.95
43168,1680,4925,5447,5701,20230104,5002,2,784055.65,1568111.3
43169,1752,5136,5918,5701,20241223,5734,5,784055.65,3920278.25
43170,1372,4017,5681,5701,20231017,5145,4,784055.65,3136222.6
43171,1424,4160,5123,5701,20241128,5721,3,784055.65,2352166.95
43172,1002,2982,5966,5701,20241215,5730,5,784055.65,3920278.25
43173,398,1155,5317,5705,20241230,5737,1,1210924.81,1210924.81
43174,1127,3344,5363,5705,20230909,5126,2,1210924.81,2421849.62
43175,1191,3530,5980,5705,20231202,5168,1,1210924.81,1210924.81
43176,1170,3480,5304,5705,20231121,5163,1,1210924.81,1210924.81
43177,152,423,5938,5705,20230402,5046,4,1210924.81,4843699.24
43178,1327,3894,5741,5705,20241104,5709,1,1210924.81,1210924.81
43179,1339,3919,5373,5712,20240419,5238,4,1178465.97,4713863.88
43180,1265,3741,5291,5712,20241128,5721,4,1178465.97,4713863.88
43181,1446,4230,5903,5712,20240603,5260,2,1178465.97,2356931.94
43182,1169,3476,5644,5712,20230614,5083,3,1178465.97,3535397.91
43183,951,2848,5652,5719,20231026,5150,2,2783694.82,5567389.64
43184,510,1494,5342,5719,20231213,5174,2,2783694.82,5567389.64
43185,1108,3286,5352,5719,20241001,5692,1,2783694.82,2783694.82
43186,1213,3599,5516,5719,20230530,5075,2,2783694.82,5567389.64
43187,745,2225,5625,5719,20230413,5052,3,2783694.82,8351084.46
43188,856,2557,5183,5719,20240302,5214,2,2783694.82,5567389.64
43189,292,837,5766,5719,20240713,5280,1,2783694.82,2783694.82
43190,1196,3546,5624,5719,20240725,5286,1,2783694.82,2783694.82
43191,855,2553,5519,5719,20241004,5694,5,2783694.82,13918474.1
43192,1105,3280,5677,5324,20231104,5154,3,2908045.43,8724136.29
43193,1308,3849,5310,5324,20240606,5262,4,2908045.43,11632181.72
43194,224,628,5213,5324,20230918,5131,1,2908045.43,2908045.43
43195,374,1075,5360,5324,20231108,5156,5,2908045.43,14540227.15
43196,1233,3655,5181,5335,20240530,5258,3,2253338.07,6760014.21
43197,1013,3017,5612,5335,20231018,5146,2,2253338.07,4506676.14
43198,720,2150,5191,5335,20240619,5268,2,2253338.07,4506676.14
43199,1274,3768,5993,5335,20240805,5292,3,2253338.07,6760014.21
43200,1451,4244,5729,5335,20240818,5298,2,2253338.07,4506676.14
43201,264,754,5088,5335,20240213,5205,5,2253338.07,11266690.35
43202,1572,4614,5686,5342,20230105,5003,2,1082953.74,2165907.48
43203,827,2478,5633,5342,20241202,5723,1,1082953.74,1082953.74
43204,273,775,5699,5342,20240316,5221,5,1082953.74,5414768.7
43205,458,1331,5167,5342,20241119,5717,5,1082953.74,5414768.7
43206,1794,5288,5952,5342,20240614,5266,4,1082953.74,4331814.96
43207,390,1128,5424,5349,20240107,5186,5,482679.13,2413395.65
43208,1046,3111,5809,5349,20240616,5267,5,482679.13,2413395.65
43209,937,2796,5781,5349,20230130,5015,4,482679.13,1930716.52
43210,1805,5322,5923,5349,20230726,5104,2,482679.13,965358.26
43211,1180,3503,5643,5349,20241018,5701,1,482679.13,482679.13
43212,1646,4840,5632,5349,20240314,5220,1,482679.13,482679.13
43213,1625,4773,5858,5349,20241003,5693,4,482679.13,1930716.52
43214,45,131,5257,5349,20231209,5172,4,482679.13,1930716.52
43215,1434,4194,5087,5349,20230722,5102,3,482679.13,1448037.39
43216,1183,3515,5540,5349,20241005,5694,5,482679.13,2413395.65
43217,534,1570,5552,5360,20240220,5208,4,4526339.07,18105356.28
43218,632,1881,5741,5360,20241107,5711,4,4526339.07,18105356.28
43219,1266,3746,5180,5360,20240118,5192,1,4526339.07,4526339.07
43220,800,2396,5015,5360,20240418,5237,5,4526339.07,22631695.35
43221,461,1343,5142,5360,20241004,5694,1,4526339.07,4526339.07
43222,670,2011,5652,5360,20240423,5240,2,4526339.07,9052678.14
43223,1988,5855,5767,5360,20230304,5032,1,4526339.07,4526339.07
43224,323,919,5421,5360,20230331,5045,2,4526339.07,9052678.14
43225,1776,5224,5024,5360,20231130,5167,5,4526339.07,22631695.35
43226,394,1139,5784,5360,20240125,5195,5,4526339.07,22631695.35
43227,1555,4560,5857,5367,20240904,5307,5,1382159.03,6910795.15
43228,1930,5693,5573,5367,20231018,5146,2,1382159.03,2764318.06
43229,57,162,5825,5367,20230621,5086,1,1382159.03,1382159.03
43230,914,2738,5820,5367,20240330,5228,2,1382159.03,2764318.06
43231,9,30,5392,5367,20240927,5690,5,1382159.03,6910795.15
43232,922,2762,5165,5367,20240224,5210,5,1382159.03,6910795.15
43233,1720,5040,5363,5374,20240525,5256,5,1005294.46,5026472.3
43234,838,2504,5769,5374,20240817,5298,1,1005294.46,1005294.46
43235,623,1859,5672,5374,20240828,5303,5,1005294.46,5026472.3
43236,1369,4008,5750,5374,20240302,5214,5,1005294.46,5026472.3
43237,226,636,5741,5374,20240211,5204,1,1005294.46,1005294.46
43238,126,346,5226,5374,20240419,5238,1,1005294.46,1005294.46
43239,194,543,5181,5385,20230314,5037,4,1246806.7,4987226.8
43240,1276,3775,5759,5385,20231127,5166,5,1246806.7,6234033.5
43241,346,983,5625,5385,20240912,5311,3,1246806.7,3740420.1
43242,1352,3955,5740,5385,20240609,5263,3,1246806.7,3740420.1
43243,1459,4272,5101,5385,20240105,5185,2,1246806.7,2493613.4
43244,910,2727,5013,5385,20240131,5198,5,1246806.7,6234033.5
43245,1906,5624,5642,5392,20230707,5094,1,4570760.22,4570760.22
43246,169,466,5117,5392,20240424,5240,1,4570760.22,4570760.22
43247,156,433,5934,5392,20231231,5183,5,4570760.22,22853801.1
43248,1547,4542,5985,5392,20241013,5698,3,4570760.22,13712280.66
43249,1653,4858,5906,5392,20230718,5100,5,4570760.22,22853801.1
43250,371,1062,5214,5399,20240612,5265,3,290278.2,870834.6
43251,1788,5263,5388,5399,20230202,5017,4,290278.2,1161112.8
43252,650,1942,5668,5399,20230411,5051,1,290278.2,290278.2
43253,810,2424,5086,5399,20240522,5254,5,290278.2,1451391.0
43254,1818,5357,5098,5410,20241216,5730,5,1515808.12,7579040.6
43255,1900,5606,5453,5410,20231023,5148,1,1515808.12,1515808.12
43256,1693,4963,5235,5410,20230926,5135,1,1515808.12,1515808.12
43257,1140,3385,5891,5410,20230524,5072,2,1515808.12,3031616.24
43258,868,2600,5806,5410,20231110,5157,2,1515808.12,3031616.24
43259,486,1415,5785,5417,20231202,5168,4,645468.34,2581873.36
43260,572,1701,5291,5417,20240318,5222,2,645468.34,1290936.68
43261,1887,5559,5457,5417,20241222,5733,3,645468.34,1936405.02
43262,1347,3941,5643,5417,20230109,5005,1,645468.34,645468.34
43263,134,366,5359,5417,20230204,5018,3,645468.34,1936405.02
43264,120,336,5494,5417,20230415,5053,4,645468.34,2581873.36
43265,1324,3884,5014,5417,20240209,5203,1,645468.34,645468.34
43266,1831,5396,5874,5417,20231218,5176,5,645468.34,3227341.7
43267,967,2889,5359,5417,20230427,5059,1,645468.34,645468.34
43268,835,2499,5918,5424,20241227,5736,1,1662530.45,1662530.45
43269,1376,4026,5529,5424,20240301,5213,2,1662530.45,3325060.9
43270,1793,5286,5265,5424,20240410,5233,4,1662530.45,6650121.8
43271,1972,5812,5957,5424,20240317,5221,2,1662530.45,3325060.9
43272,1068,3171,5047,5435,20230129,5015,5,1762643.53,8813217.65
43273,1265,3744,5291,5435,20241128,5721,5,1762643.53,8813217.65
43274,110,311,5510,5435,20240919,5314,5,1762643.53,8813217.65
43275,840,2509,5694,5435,20231001,5137,4,1762643.53,7050574.12
43276,1223,3627,5228,5435,20230302,5031,5,1762643.53,8813217.65
43277,1588,4662,5458,5435,20231107,5156,2,1762643.53,3525287.06
43278,1969,5803,5100,5442,20240518,5252,1,380260.0,380260.0
43279,1058,3148,5780,5442,20240203,5200,3,380260.0,1140780.0
43280,997,2963,5216,5442,20230811,5112,2,380260.0,760520.0
43281,1029,3063,5781,5442,20240526,5256,2,380260.0,760520.0
43282,486,1416,5785,5449,20231202,5168,1,793947.85,793947.85
43283,1240,3674,5153,5449,20240316,5221,4,793947.85,3175791.4
43284,306,879,5724,5194,20240125,5195,1,1643173.51,1643173.51
43285,1934,5704,5014,5194,20230714,5098,2,1643173.51,3286347.02
43286,1289,3806,5135,5197,20240516,5251,5,3177854.32,15889271.6
43287,408,1186,5352,5197,20240825,5302,2,3177854.32,6355708.64
43288,1455,4251,5729,5197,20240809,5294,3,3177854.32,9533562.96
43289,1121,3322,5985,5197,20230307,5033,3,3177854.32,9533562.96
43290,423,1230,5256,5197,20240411,5234,5,3177854.32,15889271.6
43291,540,1593,5068,5197,20240508,5247,4,3177854.32,12711417.28
43292,1870,5516,5068,5197,20240414,5235,1,3177854.32,3177854.32
43293,1670,4905,5159,5197,20230725,5103,1,3177854.32,3177854.32
43294,1601,4696,5744,5211,20230822,5117,3,803297.54,2409892.62
43295,56,161,5118,5211,20241008,5696,2,803297.54,1606595.08
43296,118,332,5221,5211,20230605,5078,4,803297.54,3213190.16
43297,1022,3042,5923,5212,20230329,5044,1,475766.52,475766.52
43298,471,1372,5860,5212,20241003,5693,5,475766.52,2378832.6
43299,1143,3392,5476,5212,20240817,5298,4,475766.52,1903066.08
43300,1157,3437,5374,5212,20230529,5075,5,475766.52,2378832.6
43301,1061,3154,5369,5212,20240706,5277,1,475766.52,475766.52
43302,1737,5091,5366,5212,20240312,5219,4,475766.52,1903066.08
43303,167,460,5554,5212,20240803,5291,4,475766.52,1903066.08
43304,30,91,5911,5229,20230704,5093,3,1919778.04,5759334.12
43305,1821,5368,5517,5229,20241005,5694,5,1919778.04,9598890.2
43306,898,2693,5253,5229,20230814,5113,1,1919778.04,1919778.04
43307,1366,3998,5367,5230,20240908,5309,1,3211464.98,3211464.98
43308,1432,4188,5137,5230,20241215,5730,1,3211464.98,3211464.98
43309,1023,3045,5709,5230,20240209,5203,4,3211464.98,12845859.92
43310,931,2777,5487,5230,20230103,5002,3,3211464.98,9634394.94
43311,127,351,5058,5230,20230324,5042,5,3211464.98,16057324.9
43312,1714,5022,5136,5230,20240604,5261,4,3211464.98,12845859.92
43313,714,2141,5534,5244,20240707,5277,5,4240981.6,21204908.0
43314,946,2831,5546,5244,20230301,5030,4,4240981.6,16963926.4
43315,252,710,5056,5244,20241009,5696,4,4240981.6,16963926.4
43316,1924,5668,5778,5244,20240508,5247,3,4240981.6,12722944.8
43317,162,447,5254,5244,20241206,5725,3,4240981.6,12722944.8
43318,1296,3822,5690,5244,20231216,5175,5,4240981.6,21204908.0
43319,900,2696,5976,5244,20240914,5312,2,4240981.6,8481963.2
43320,348,990,5255,5247,20230825,5119,3,3234387.18,9703161.54
43321,369,1059,5750,5247,20240704,5276,2,3234387.18,6468774.36
43322,1292,3811,5828,5247,20230403,5047,2,3234387.18,6468774.36
43323,1303,3837,5698,5247,20230602,5077,3,3234387.18,9703161.54
43324,547,1620,5854,5247,20241229,5737,4,3234387.18,12937548.72
43325,1082,3204,5492,5261,20240611,5264,4,421314.78,1685259.12
43326,1859,5481,5739,5261,20230409,5050,2,421314.78,842629.56
43327,1792,5279,5072,5261,20241106,5710,2,421314.78,842629.56
43328,575,1711,5993,5262,20240321,5223,2,1394564.0,2789128.0
43329,1580,4635,5254,5262,20240121,5193,4,1394564.0,5578256.0
43330,573,1702,5726,5262,20241002,5693,4,1394564.0,5578256.0
43331,1127,3343,5363,5262,20230909,5126,1,1394564.0,1394564.0
43332,739,2202,5065,5262,20230627,5089,2,1394564.0,2789128.0
43333,1400,4095,5836,5262,20240108,5187,4,1394564.0,5578256.0
43334,866,2591,5356,5262,20240715,5281,4,1394564.0,5578256.0
43335,1738,5095,5264,5262,20240318,5222,5,1394564.0,6972820.0
43336,1652,4856,5806,5279,20230311,5035,4,3667349.83,14669399.32
43337,1341,3921,5754,5279,20230620,5086,2,3667349.83,7334699.66
43338,1346,3938,5229,5279,20240206,5201,2,3667349.83,7334699.66
43339,55,158,5362,5279,20240920,5315,4,3667349.83,14669399.32
43340,1627,4782,5210,5279,20240429,5243,5,3667349.83,18336749.15
43341,1077,3196,5118,5279,20241205,5725,1,3667349.83,3667349.83
43342,1665,4894,5598,5279,20230109,5005,3,3667349.83,11002049.49
43343,220,610,5843,5279,20241010,5697,3,3667349.83,11002049.49
43344,1094,3246,5513,5279,20240702,5275,3,3667349.83,11002049.49
43345,1205,3573,5898,5280,20240409,5233,4,3859437.15,15437748.6
43346,1635,4804,5799,5280,20231117,5161,4,3859437.15,15437748.6
43347,33,98,5330,5280,20230830,5121,2,3859437.15,7718874.3
43348,1335,3912,5925,5294,20240507,5247,5,1130331.42,5651657.1
43349,299,861,5496,5294,20241214,5729,4,1130331.42,4521325.68
43350,830,2487,5280,5294,20230222,5027,4,1130331.42,4521325.68
43351,60,167,5942,5294,20230315,5037,3,1130331.42,3390994.26
43352,1763,5175,5808,5297,20240417,5237,5,2861964.45,14309822.25
43353,558,1661,5674,5297,20230101,5001,2,2861964.45,5723928.9
43354,691,2075,5004,5297,20240205,5201,1,2861964.45,2861964.45
43355,74,209,5424,5297,20230127,5014,4,2861964.45,11447857.8
43356,1146,3403,5850,5297,20231117,5161,5,2861964.45,14309822.25
43357,1902,5613,5056,5297,20230730,5106,1,2861964.45,2861964.45
43358,1727,5059,5881,5298,20230727,5104,5,2515184.3,12575921.5
43359,252,709,5056,5298,20241009,5696,2,2515184.3,5030368.6
43360,426,1236,5774,5311,20240124,5195,4,129312.18,517248.72
43361,1012,3011,5282,5311,20240520,5253,3,129312.18,387936.54
43362,1578,4633,5686,5311,20241118,5716,3,129312.18,387936.54
43363,1786,5255,5952,5311,20231108,5156,3,129312.18,387936.54
43364,701,2107,5871,5312,20240110,5188,1,3183349.78,3183349.78
43365,1653,4860,5906,5312,20230718,5100,1,3183349.78,3183349.78
43366,490,1427,5895,5312,20241231,5738,5,3183349.78,15916748.9
43367,1730,5065,5937,5329,20240122,5194,5,4256059.39,21280296.95
43368,1431,4182,5340,5329,20240925,5689,3,4256059.39,12768178.17
43369,1425,4167,5160,5329,20231108,5156,4,4256059.39,17024237.56
43370,146,411,5596,5329,20230621,5086,1,4256059.39,4256059.39
43371,1665,4891,5598,5329,20230109,5005,5,4256059.39,21280296.95
43372,1472,4326,5909,5330,20241229,5737,4,3506620.78,14026483.12
43373,705,2113,5674,5330,20230210,5021,1,3506620.78,3506620.78
43374,1707,5002,5649,5330,20240905,5307,5,3506620.78,17533103.9
43375,1559,4569,5574,5330,20230615,5083,5,3506620.78,17533103.9
43376,1034,3076,5411,5934,20240219,5208,3,2448610.56,7345831.68
43377,683,2046,5106,5170,20240328,5227,4,4312376.13,17249504.52
43378,722,2161,5176,5170,20240816,5297,4,4312376.13,17249504.52
43379,469,1365,5858,5170,20230602,5077,3,4312376.13,12937128.39
43380,304,870,5518,5170,20230421,5056,1,4312376.13,4312376.13
43381,1338,3917,5786,5170,20230330,5045,2,4312376.13,8624752.26
43382,1192,3534,5264,5170,20230328,5044,4,4312376.13,17249504.52
43383,1762,5171,5737,5170,20240719,5283,4,4312376.13,17249504.52
43384,191,533,5716,5170,20240622,5270,2,4312376.13,8624752.26
43385,192,535,5051,5170,20240827,5303,4,4312376.13,17249504.52
43386,1021,3041,5690,5170,20240619,5268,1,4312376.13,4312376.13
43387,741,2209,5711,5170,20240301,5213,1,4312376.13,4312376.13
43388,555,1648,5093,5172,20241022,5703,4,3880401.93,15521607.72
43389,345,981,5492,5172,20240918,5314,1,3880401.93,3880401.93
43390,727,2171,5910,5172,20241219,5732,1,3880401.93,3880401.93
43391,1370,4011,5816,5172,20240104,5185,5,3880401.93,19402009.65
43392,1690,4956,5889,5189,20240104,5185,2,3142785.98,6285571.96
43393,345,980,5492,5189,20240918,5314,2,3142785.98,6285571.96
43394,103,297,5309,5189,20240118,5192,5,3142785.98,15713929.9
43395,1643,4826,5883,5189,20240225,5211,5,3142785.98,15713929.9
43396,1021,3040,5690,5189,20240619,5268,5,3142785.98,15713929.9
43397,1632,4798,5345,5189,20230408,5049,4,3142785.98,12571143.92
43398,48,138,5247,5189,20240226,5211,1,3142785.98,3142785.98
43399,1713,5017,5869,5202,20231014,5144,1,1695398.22,1695398.22
43400,626,1863,5384,5202,20241218,5731,1,1695398.22,1695398.22
43401,1983,5842,5274,5202,20231028,5151,1,1695398.22,1695398.22
43402,104,300,5292,5202,20240728,5288,4,1695398.22,6781592.88
43403,1090,3235,5947,5202,20241114,5714,5,1695398.22,8476991.1
43404,1417,4144,5788,5202,20231119,5162,5,1695398.22,8476991.1
43405,1504,4431,5583,5204,20230619,5085,2,3943635.23,7887270.46
43406,1955,5764,5657,5204,20230430,5060,4,3943635.23,15774540.92
43407,254,721,5576,5204,20231123,5164,5,3943635.23,19718176.15
43408,1897,5597,5657,5204,20231012,5143,2,3943635.23,7887270.46
43409,439,1272,5420,5204,20240730,5289,1,3943635.23,3943635.23
43410,1644,4828,5011,5204,20240905,5307,5,3943635.23,19718176.15
43411,1811,5338,5659,5204,20230404,5047,2,3943635.23,7887270.46
43412,371,1063,5214,5204,20240612,5265,3,3943635.23,11830905.69
43413,1875,5525,5808,5204,20230415,5053,2,3943635.23,7887270.46
43414,1800,5304,5330,5204,20230730,5106,3,3943635.23,11830905.69
43415,673,2018,5502,5204,20230615,5083,1,3943635.23,3943635.23
43416,927,2772,5044,5206,20240721,5284,1,91243.95,91243.95
43417,1564,4588,5134,5206,20240531,5259,4,91243.95,364975.8
43418,1814,5345,5313,5206,20240919,5314,3,91243.95,273731.85
43419,477,1397,5350,5206,20230901,5122,1,91243.95,91243.95
43420,1443,4219,5405,5206,20231108,5156,1,91243.95,91243.95
43421,890,2659,5373,5219,20241223,5734,2,1074971.67,2149943.34
43422,495,1447,5024,5219,20241105,5710,5,1074971.67,5374858.35
43423,1405,4115,5088,5219,20240601,5259,2,1074971.67,2149943.34
43424,1542,4531,5689,5219,20240721,5284,2,1074971.67,2149943.34
43425,1148,3409,6000,5219,20230830,5121,4,1074971.67,4299886.68
43426,550,1629,5839,5221,20240722,5285,1,2602026.83,2602026.83
43427,1617,4747,5825,5221,20230325,5042,2,2602026.83,5204053.66
43428,1091,3236,5260,5221,20240921,5315,1,2602026.83,2602026.83
43429,382,1100,5960,5221,20240406,5231,1,2602026.83,2602026.83
43430,1491,4386,5536,5221,20240507,5247,5,2602026.83,13010134.15
43431,1876,5530,5476,5221,20240805,5292,5,2602026.83,13010134.15
43432,22,64,5880,5221,20240106,5186,5,2602026.83,13010134.15
43433,475,1386,5497,5221,20231119,5162,4,2602026.83,10408107.32
43434,795,2376,5156,5221,20241015,5699,5,2602026.83,13010134.15
43435,1374,4024,5618,5236,20230724,5103,1,4301213.0,4301213.0
43436,1959,5776,5946,5236,20230713,5097,5,4301213.0,21506065.0
43437,900,2699,5976,5236,20240914,5312,1,4301213.0,4301213.0
43438,144,403,5646,5236,20230426,5058,1,4301213.0,4301213.0
43439,711,2136,5735,5238,20230717,5099,1,3764703.78,3764703.78
43440,1536,4507,5201,5238,20240531,5259,2,3764703.78,7529407.56
43441,1964,5791,5112,5238,20240226,5211,2,3764703.78,7529407.56
43442,96,285,5832,5238,20230101,5001,3,3764703.78,11294111.34
43443,1052,3131,5348,5238,20230502,5061,1,3764703.78,3764703.78
43444,1380,4038,5845,5238,20230612,5082,2,3764703.78,7529407.56
43445,948,2835,5498,5253,20230617,5084,2,1833408.19,3666816.38
43446,72,203,5188,5253,20230408,5049,3,1833408.19,5500224.57
43447,858,2564,5753,5253,20240306,5216,5,1833408.19,9167040.95
43448,459,1336,5659,5253,20240430,5243,3,1833408.19,5500224.57
43449,255,726,5402,5253,20230603,5077,4,1833408.19,7333632.76
43450,150,418,5702,5253,20241208,5726,2,1833408.19,3666816.38
43451,1215,3607,5266,5253,20240406,5231,4,1833408.19,7333632.76
43452,1151,3415,5881,5255,20240223,5210,3,93280.11,279840.33
43453,1859,5484,5739,5255,20230409,5050,1,93280.11,93280.11
43454,450,1308,5479,5255,20241207,5726,4,93280.11,373120.44
43455,1316,3867,5540,5255,20241222,5733,5,93280.11,466400.55
43456,1549,4547,5438,5270,20230622,5087,4,4623892.49,18495569.96
43457,1981,5839,5118,5270,20241001,5692,1,4623892.49,4623892.49
43458,407,1183,5999,5270,20240520,5253,5,4623892.49,23119462.45
43459,75,215,5487,5270,20230327,5043,3,4623892.49,13871677.47
43460,691,2074,5004,5270,20240205,5201,3,4623892.49,13871677.47
43461,431,1251,5624,5270,20230803,5108,1,4623892.49,4623892.49
43462,591,1756,5008,5270,20240310,5218,1,4623892.49,4623892.49
43463,1227,3642,5478,5270,20230216,5024,3,4623892.49,13871677.47
43464,694,2081,5450,5270,20230313,5036,3,4623892.49,13871677.47
43465,1989,5860,5806,5270,20230108,5004,4,4623892.49,18495569.96
43466,1368,4001,5211,5270,20241229,5737,3,4623892.49,13871677.47
43467,1821,5366,5517,5270,20241005,5694,5,4623892.49,23119462.45
43468,1654,4862,5481,5337,20241014,5699,2,4823527.26,9647054.52
43469,63,178,5617,5337,20241228,5736,2,4823527.26,9647054.52
43470,13,41,5056,5337,20240813,5296,4,4823527.26,19294109.04
43471,1933,5702,5935,5337,20240425,5241,3,4823527.26,14470581.78
43472,1026,3052,5982,5337,20230723,5102,1,4823527.26,4823527.26
43473,656,1962,5686,5339,20240714,5281,5,1332389.56,6661947.8
43474,811,2427,5707,5339,20240725,5286,5,1332389.56,6661947.8
43475,1103,3271,5841,5339,20230320,5040,5,1332389.56,6661947.8
43476,867,2592,5912,5354,20231108,5156,1,1867476.32,1867476.32
43477,554,1642,5394,5354,20240124,5195,2,1867476.32,3734952.64
43478,61,172,5540,5354,20231218,5176,2,1867476.32,3734952.64
43479,221,615,5465,5354,20231128,5166,2,1867476.32,3734952.64
43480,1492,4389,5150,5354,20240802,5290,2,1867476.32,3734952.64
43481,38,111,5434,5354,20241007,5695,3,1867476.32,5602428.96
43482,1142,3388,5678,5354,20230504,5062,3,1867476.32,5602428.96
43483,424,1231,5784,5354,20230206,5019,3,1867476.32,5602428.96
43484,441,1284,5457,5354,20230704,5093,4,1867476.32,7469905.28
43485,1031,3070,5194,5356,20231007,5140,4,4587968.62,18351874.48
43486,1349,3947,5608,5356,20240522,5254,2,4587968.62,9175937.24
43487,1342,3925,5215,5371,20241220,5732,4,2065841.11,8263364.44
43488,1261,3731,5314,5371,20240807,5293,3,2065841.11,6197523.33
43489,1909,5635,5647,5371,20230717,5099,2,2065841.11,4131682.22
43490,343,973,5911,5371,20230712,5097,4,2065841.11,8263364.44
43491,1903,5619,5818,5371,20241111,5713,5,2065841.11,10329205.55
43492,1251,3705,5340,5371,20240521,5254,5,2065841.11,10329205.55
43493,1284,3793,5390,5373,20230504,5062,5,1921246.23,9606231.15
43494,516,1515,5854,5373,20240829,5304,4,1921246.23,7684984.92
43495,315,900,5251,5373,20241201,5723,1,1921246.23,1921246.23
43496,802,2402,5591,5373,20231202,5168,3,1921246.23,5763738.69
43497,815,2440,5942,5373,20240506,5246,3,1921246.23,5763738.69
43498,1441,4214,5604,5373,20230129,5015,1,1921246.23,1921246.23
43499,621,1848,5757,5373,20230921,5132,4,1921246.23,7684984.92
43500,910,2725,5013,5373,20240131,5198,3,1921246.23,5763738.69
43501,791,2362,5114,5373,20231015,5144,1,1921246.23,1921246.23
43502,795,2375,5156,5373,20241015,5699,5,1921246.23,9606231.15
43503,870,2607,5786,5386,20240116,5191,5,1339969.74,6699848.7
43504,1406,4120,5730,5386,20230930,5137,3,1339969.74,4019909.22
43505,342,969,5932,5386,20241014,5699,1,1339969.74,1339969.74
43506,1538,4520,5564,5386,20231122,5163,3,1339969.74,4019909.22
43507,1375,4025,5810,5386,20240518,5252,5,1339969.74,6699848.7
43508,385,1109,5475,5386,20240410,5233,4,1339969.74,5359878.96
43509,1340,3920,5896,5386,20240308,5217,5,1339969.74,6699848.7
43510,902,2707,5024,5386,20231012,5143,1,1339969.74,1339969.74
43511,937,2800,5781,5388,20230130,5015,4,2882703.62,11530814.48
43512,1573,4615,5567,5388,20230627,5089,5,2882703.62,14413518.1
43513,1665,4890,5598,5388,20230109,5005,4,2882703.62,11530814.48
43514,1440,4212,5024,5388,20241012,5698,2,2882703.62,5765407.24
43515,889,2658,5660,5388,20240603,5260,2,2882703.62,5765407.24
43516,1998,5885,5623,5388,20240213,5205,4,2882703.62,11530814.48
43517,1113,3303,5188,5403,20240423,5240,5,3587518.79,17937593.95
43518,84,239,5559,5403,20240707,5277,1,3587518.79,3587518.79
43519,388,1121,5893,5403,20230507,5064,1,3587518.79,3587518.79
43520,1239,3672,5177,5403,20231015,5144,5,3587518.79,17937593.95
43521,598,1776,5922,5403,20240508,5247,4,3587518.79,14350075.16
43522,600,1788,5423,5405,20240613,5265,5,2937179.78,14685898.9
43523,1487,4379,5997,5405,20231109,5157,1,2937179.78,2937179.78
43524,250,700,5179,5405,20241030,5707,4,2937179.78,11748719.12
43525,1705,4997,5433,5405,20230714,5098,4,2937179.78,11748719.12
43526,338,957,5544,5405,20230502,5061,4,2937179.78,11748719.12
43527,1763,5174,5808,5405,20240417,5237,3,2937179.78,8811539.34
43528,960,2870,5269,5405,20240614,5266,3,2937179.78,8811539.34
43529,491,1434,5183,5405,20230105,5003,2,2937179.78,5874359.56
43530,691,2073,5004,5405,20240205,5201,3,2937179.78,8811539.34
43531,541,1595,5831,5420,20231215,5175,1,918587.96,918587.96
43532,1479,4350,5900,5420,20240223,5210,4,918587.96,3674351.84
43533,1513,4451,5803,5420,20230120,5010,4,918587.96,3674351.84
43534,1809,5335,5359,5420,20240805,5292,2,918587.96,1837175.92
43535,904,2712,5890,5420,20240401,5229,2,918587.96,1837175.92
43536,1808,5328,5224,5420,20230910,5127,1,918587.96,918587.96
43537,85,242,5221,5420,20240331,5228,4,918587.96,3674351.84
43538,684,2051,5073,5420,20230205,5018,1,918587.96,918587.96
43539,296,850,5045,5422,20240819,5299,5,3201837.4,16009187.0
43540,1096,3250,5821,5422,20240810,5294,1,3201837.4,3201837.4
43541,1348,3943,5313,5437,20241231,5738,1,3945762.67,3945762.67
43542,1967,5796,5713,5437,20230803,5108,2,3945762.67,7891525.34
43543,1729,5064,5139,5437,20231110,5157,5,3945762.67,19728813.35
43544,1443,4221,5405,5437,20231108,5156,1,3945762.67,3945762.67
43545,607,1814,5352,5437,20230112,5006,4,3945762.67,15783050.68
43546,1903,5618,5818,5437,20241111,5713,1,3945762.67,3945762.67
43547,147,413,5806,5437,20230503,5062,3,3945762.67,11837288.01
43548,709,2129,5336,5439,20230328,5044,1,3997980.88,3997980.88
43549,1596,4678,5686,5439,20230718,5100,2,3997980.88,7995961.76
43550,1843,5427,5949,5439,20240701,5274,1,3997980.88,3997980.88
43551,477,1394,5350,5439,20230901,5122,4,3997980.88,15991923.52
43552,1628,4786,5839,5439,20231215,5175,4,3997980.88,15991923.52
43553,187,521,5110,5439,20230202,5017,1,3997980.88,3997980.88
43554,530,1561,5378,5439,20230426,5058,2,3997980.88,7995961.76
43555,872,2615,5208,5439,20231019,5146,2,3997980.88,7995961.76
43556,747,2233,5007,5454,20240513,5250,2,1970582.05,3941164.1
43557,594,1768,5588,5454,20240225,5211,2,1970582.05,3941164.1
43558,1967,5798,5713,5454,20230803,5108,1,1970582.05,1970582.05
43559,288,821,5531,5454,20241211,5728,3,1970582.05,5911746.15
43560,564,1674,5092,5266,20240321,5223,1,2936321.44,2936321.44
43561,203,573,5100,5266,20230810,5111,4,2936321.44,11745285.76
43562,603,1799,5698,5266,20241110,5712,4,2936321.44,11745285.76
43563,367,1051,5355,5266,20230422,5056,4,2936321.44,11745285.76
43564,1684,4936,5297,5266,20240120,5193,4,2936321.44,11745285.76
43565,1370,4009,5816,5266,20240104,5185,3,2936321.44,8808964.32
43566,64,179,5496,5266,20241022,5703,5,2936321.44,14681607.2
43567,1954,5762,5013,5268,20241109,5712,1,3652492.3,3652492.3
43568,1134,3364,5799,5268,20230213,5022,2,3652492.3,7304984.6
43569,591,1757,5008,5268,20240310,5218,4,3652492.3,14609969.2
43570,1147,3406,5823,5268,20240821,5300,2,3652492.3,7304984.6
43571,430,1249,5425,5291,20240623,5270,1,1826242.72,1826242.72
43572,1245,3688,5815,5291,20241104,5709,2,1826242.72,3652485.44
43573,656,1961,5686,5291,20240714,5281,4,1826242.72,7304970.88
43574,1896,5594,5914,5291,20240330,5228,5,1826242.72,9131213.6
43575,1769,5201,5123,5291,20230523,5072,3,1826242.72,5478728.16
43576,397,1150,5785,5291,20230529,5075,5,1826242.72,9131213.6
43577,1277,3778,5203,5293,20230314,5037,5,2768795.29,13843976.45
43578,1714,5026,5136,5293,20240604,5261,4,2768795.29,11075181.16
43579,21,60,5552,5293,20240817,5298,5,2768795.29,13843976.45
43580,22,65,5880,5293,20240106,5186,2,2768795.29,5537590.58
43581,623,1856,5672,5300,20240828,5303,4,4770856.24,19083424.96
43582,366,1050,5421,5300,20241222,5733,3,4770856.24,14312568.72
43583,1584,4650,5010,5302,20230717,5099,4,3869902.12,15479608.48
43584,1418,4150,5063,5302,20230618,5085,1,3869902.12,3869902.12
43585,1183,3516,5540,5302,20241005,5694,5,3869902.12,19349510.6
43586,1089,3229,5828,5302,20240523,5255,3,3869902.12,11609706.36
43587,1144,3395,5462,5302,20240523,5255,5,3869902.12,19349510.6
43588,1512,4449,5214,5302,20240628,5273,3,3869902.12,11609706.36
43589,1678,4921,5126,5302,20230418,5054,5,3869902.12,19349510.6
43590,1473,4328,5881,5325,20241222,5733,2,3189706.24,6379412.48
43591,847,2527,5817,5325,20240927,5690,4,3189706.24,12758824.96
43592,783,2342,5056,5325,20240822,5300,3,3189706.24,9569118.72
43593,968,2892,5836,5325,20230320,5040,5,3189706.24,15948531.2
43594,1551,4553,5830,5327,20230212,5022,5,2180564.56,10902822.8
43595,1022,3044,5923,5327,20230329,5044,3,2180564.56,6541693.68
43596,1241,3678,5847,5327,20230927,5135,4,2180564.56,8722258.24
43597,359,1026,5389,5327,20240325,5225,5,2180564.56,10902822.8
43598,1037,3086,5397,5332,20230914,5129,4,1175720.02,4702880.08
43599,267,760,5570,5332,20230519,5070,5,1175720.02,5878600.1
43600,1369,4007,5750,5332,20240302,5214,4,1175720.02,4702880.08
43601,1220,3615,5723,5334,20230806,5109,5,785498.65,3927493.25
43602,668,2000,5710,5334,20230709,5095,1,785498.65,785498.65
43603,838,2507,5769,5334,20240817,5298,3,785498.65,2356495.95
43604,1497,4407,5885,5334,20240404,5230,1,785498.65,785498.65
43605,1764,5177,5864,5334,20230329,5044,1,785498.65,785498.65
43606,1466,4300,5419,5334,20240825,5302,1,785498.65,785498.65
43607,418,1213,5112,5357,20230331,5045,1,118782.91,118782.91
43608,41,118,5295,5357,20240804,5291,4,118782.91,475131.64
43609,271,767,5467,5357,20240620,5269,2,118782.91,237565.82
43610,1801,5309,5939,5357,20241227,5736,3,118782.91,356348.73
43611,435,1257,5325,5359,20241224,5734,2,4048400.34,8096800.68
43612,1192,3532,5264,5359,20230328,5044,2,4048400.34,8096800.68
43613,1808,5329,5224,5359,20230910,5127,5,4048400.34,20242001.7
43614,587,1738,5961,5359,20240311,5218,5,4048400.34,20242001.7
43615,173,482,5263,5366,20230927,5135,3,1776176.83,5328530.49
43616,1756,5148,5773,5366,20240220,5208,5,1776176.83,8880884.15
43617,1659,4875,5334,5366,20231116,5160,5,1776176.83,8880884.15
43618,737,2198,5854,5366,20230521,5071,3,1776176.83,5328530.49
43619,1386,4061,5786,5366,20231230,5182,4,1776176.83,7104707.32
43620,1419,4151,5674,5366,20240207,5202,3,1776176.83,5328530.49
43621,1101,3265,5325,5366,20240627,5272,4,1776176.83,7104707.32
43622,1936,5712,5191,5366,20240219,5208,5,1776176.83,8880884.15
43623,1568,4599,5211,5368,20230804,5108,3,4418284.76,13254854.28
43624,1353,3956,5456,5368,20240918,5314,2,4418284.76,8836569.52
43625,348,991,5255,5368,20230825,5119,4,4418284.76,17673139.04
43626,612,1831,5485,5368,20231108,5156,3,4418284.76,13254854.28
43627,1892,5581,5522,5368,20240119,5192,5,4418284.76,22091423.8
43628,961,2872,5236,5368,20240511,5249,2,4418284.76,8836569.52
43629,1179,3502,5654,5391,20230129,5015,5,4032989.02,20164945.1
43630,350,998,5368,5391,20240529,5258,5,4032989.02,20164945.1
43631,1954,5761,5013,5391,20241109,5712,3,4032989.02,12098967.06
43632,632,1880,5741,5391,20241107,5711,1,4032989.02,4032989.02
43633,634,1885,5056,5391,20240814,5296,4,4032989.02,16131956.08
43634,1017,3029,5190,5393,20230313,5036,2,3520229.89,7040459.78
43635,514,1508,5960,5393,20240312,5219,3,3520229.89,10560689.67
43636,382,1096,5960,5393,20240406,5231,2,3520229.89,7040459.78
43637,1410,4127,5819,5393,20230822,5117,2,3520229.89,7040459.78
43638,1817,5354,5964,5393,20240129,5197,1,3520229.89,3520229.89
43639,1264,3740,5510,5393,20231203,5169,3,3520229.89,10560689.67
43640,741,2211,5711,5393,20240301,5213,4,3520229.89,14080919.56
43641,1359,3976,5243,5393,20240929,5691,3,3520229.89,10560689.67
43642,1259,3726,5994,5400,20241110,5712,4,109440.67,437762.68
43643,1948,5749,5644,5400,20230205,5018,5,109440.67,547203.35
43644,978,2909,5081,5400,20230803,5108,3,109440.67,328322.01
43645,1559,4572,5574,5400,20230615,5083,4,109440.67,437762.68
43646,1097,3254,5758,5400,20230820,5116,3,109440.67,328322.01
43647,318,909,5482,5400,20230305,5032,1,109440.67,109440.67
43648,1075,3186,5538,5400,20230829,5121,5,109440.67,547203.35
43649,1044,3105,5636,5400,20231107,5156,2,109440.67,218881.34
43650,607,1813,5352,5400,20230112,5006,4,109440.67,437762.68
43651,1800,5303,5330,5400,20230730,5106,2,109440.67,218881.34
43652,1880,5543,5777,5314,20230629,5090,2,3797056.47,7594112.94
43653,1635,4805,5799,5314,20231117,5161,1,3797056.47,3797056.47
43654,952,2850,5975,5314,20230320,5040,5,3797056.47,18985282.35
43655,662,1983,5059,5328,20240926,5690,3,1191490.96,3574472.88
43656,1812,5339,5715,5328,20240412,5234,2,1191490.96,2382981.92
43657,558,1660,5674,5328,20230101,5001,4,1191490.96,4765963.84
43658,172,479,5837,5328,20240405,5231,3,1191490.96,3574472.88
43659,1616,4744,5230,5328,20240206,5201,1,1191490.96,1191490.96
43660,1511,4444,5672,5331,20230120,5010,2,1597108.02,3194216.04
43661,1622,4760,5100,5331,20241003,5693,3,1597108.02,4791324.06
43662,39,113,5526,5331,20231120,5162,4,1597108.02,6388432.08
43663,1388,4065,5616,5331,20230604,5078,3,1597108.02,4791324.06
43664,1366,3997,5367,5331,20240908,5309,4,1597108.02,6388432.08
43665,273,774,5699,5331,20240316,5221,1,1597108.02,1597108.02
43666,164,457,5721,5331,20230210,5021,5,1597108.02,7985540.1
43667,1936,5711,5191,5331,20240219,5208,2,1597108.02,3194216.04
43668,1383,4054,5451,5331,20230427,5059,5,1597108.02,7985540.1
43669,900,2697,5976,5345,20240914,5312,3,2572163.78,7716491.34
43670,950,2844,5515,5345,20231231,5183,4,2572163.78,10288655.12
43671,562,1670,5525,5345,20230730,5106,2,2572163.78,5144327.56
43672,1880,5539,5777,5345,20230629,5090,1,2572163.78,2572163.78
43673,1839,5418,5859,5345,20240427,5242,1,2572163.78,2572163.78
43674,1841,5422,5103,5345,20230119,5010,2,2572163.78,5144327.56
43675,803,2406,5197,5346,20230816,5114,1,1308232.3,1308232.3
43676,1511,4443,5672,5346,20230120,5010,4,1308232.3,5232929.2
43677,227,638,5608,5346,20230205,5018,5,1308232.3,6541161.5
43678,1742,5106,5255,5346,20241022,5703,2,1308232.3,2616464.6
43679,1489,4383,5245,5346,20230506,5063,4,1308232.3,5232929.2
43680,1818,5359,5098,5346,20241216,5730,3,1308232.3,3924696.9
43681,1310,3854,5251,5346,20240805,5292,3,1308232.3,3924696.9
43682,143,402,5887,5346,20241113,5714,2,1308232.3,2616464.6
43683,55,156,5362,5363,20240920,5315,5,4110210.15,20551050.75
43684,5,18,5899,5363,20230609,5080,1,4110210.15,4110210.15
43685,1269,3756,5352,5363,20241225,5735,3,4110210.15,12330630.45
43686,603,1795,5698,5363,20241110,5712,2,4110210.15,8220420.3
43687,948,2836,5498,5364,20230617,5084,4,2485670.69,9942682.76
43688,278,791,5786,5364,20241102,5708,5,2485670.69,12428353.45
43689,318,908,5482,5364,20230305,5032,2,2485670.69,4971341.38
43690,446,1296,5311,5364,20240922,5316,4,2485670.69,9942682.76
43691,272,772,5793,5364,20230315,5037,1,2485670.69,2485670.69
43692,793,2368,5444,5364,20230625,5088,1,2485670.69,2485670.69
43693,1126,3338,5029,5364,20230603,5077,5,2485670.69,12428353.45
43694,351,1001,5270,5364,20241230,5737,2,2485670.69,4971341.38
43695,1969,5802,5100,5378,20240518,5252,2,1726730.26,3453460.52
43696,658,1971,5425,5378,20240226,5211,4,1726730.26,6906921.04
43697,1444,4228,5859,5378,20230424,5057,3,1726730.26,5180190.78
43698,258,735,5587,5378,20240401,5229,2,1726730.26,3453460.52
43699,511,1496,5030,5378,20230221,5026,2,1726730.26,3453460.52
43700,1496,4402,5681,5381,20240416,5236,2,156224.27,312448.54
43701,952,2852,5975,5381,20230320,5040,1,156224.27,156224.27
43702,960,2871,5269,5395,20240614,5266,2,2819913.37,5639826.74
43703,1957,5770,5888,5395,20241224,5734,4,2819913.37,11279653.48
43704,1363,3987,5407,5395,20240324,5225,1,2819913.37,2819913.37
43705,707,2123,5643,5395,20240204,5200,2,2819913.37,5639826.74
43706,708,2124,5386,5395,20241206,5725,4,2819913.37,11279653.48
43707,746,2229,5017,5395,20240121,5193,1,2819913.37,2819913.37
43708,1346,3937,5229,5396,20240206,5201,2,4185117.24,8370234.48
43709,1614,4738,5433,5413,20231012,5143,5,3249409.53,16247047.65
43710,878,2627,5906,5413,20231121,5163,4,3249409.53,12997638.12
43711,268,762,5292,5413,20230722,5102,5,3249409.53,16247047.65
43712,141,391,5980,5413,20241015,5699,5,3249409.53,16247047.65
43713,1186,3520,5779,5413,20241231,5738,2,3249409.53,6498819.06
43714,862,2580,5590,5414,20231210,5172,4,3538842.78,14155371.12
43715,548,1623,5604,5414,20240513,5250,4,3538842.78,14155371.12
43716,991,2944,5200,5414,20230530,5075,4,3538842.78,14155371.12
43717,323,918,5421,5414,20230331,5045,4,3538842.78,14155371.12
43718,1848,5442,5854,5414,20240328,5227,1,3538842.78,3538842.78
43719,1020,3038,5336,5414,20230418,5054,5,3538842.78,17694213.9
43720,815,2439,5942,5414,20240506,5246,5,3538842.78,17694213.9
43721,1919,5653,5082,5414,20231006,5140,5,3538842.78,17694213.9
43722,1436,4199,5420,5428,20240204,5200,5,2238683.37,11193416.85
43723,149,416,5800,5428,20230213,5022,4,2238683.37,8954733.48
43724,588,1742,5322,5428,20240410,5233,3,2238683.37,6716050.11
43725,1962,5787,5136,5428,20240629,5273,4,2238683.37,8954733.48
43726,1576,4626,5080,5428,20241026,5705,4,2238683.37,8954733.48
43727,493,1443,5366,5428,20230331,5045,5,2238683.37,11193416.85
43728,243,686,5837,5428,20240514,5250,1,2238683.37,2238683.37
43729,535,1574,5073,5428,20240723,5285,4,2238683.37,8954733.48
43730,192,536,5051,5428,20240827,5303,3,2238683.37,6716050.11
43731,787,2348,5645,5428,20240413,5235,5,2238683.37,11193416.85
43732,687,2062,5666,5428,20240524,5255,2,2238683.37,4477366.74
43733,923,2764,5956,5431,20231007,5140,3,3604863.8,10814591.4
43734,133,361,5753,5431,20240329,5227,4,3604863.8,14419455.2
43735,1303,3838,5698,5431,20230602,5077,1,3604863.8,3604863.8
43736,1014,3023,5450,5431,20231116,5160,3,3604863.8,10814591.4
43737,1,2,5751,5431,20230724,5103,2,3604863.8,7209727.6
43738,1515,4458,5342,5431,20241223,5734,4,3604863.8,14419455.2
43739,4,15,5252,5445,20230913,5128,5,1696373.42,8481867.1
43740,900,2698,5976,5445,20240914,5312,1,1696373.42,1696373.42
43741,1616,4746,5230,5445,20240206,5201,1,1696373.42,1696373.42
43742,922,2759,5165,5445,20240224,5210,2,1696373.42,3392746.84
43743,1612,4734,5417,5445,20240522,5254,2,1696373.42,3392746.84
43744,1724,5049,5298,5216,20231002,5138,4,3632681.93,14530727.72
43745,792,2366,5316,5216,20240421,5239,2,3632681.93,7265363.86
43746,1766,5185,5991,5218,20241215,5730,1,3521453.22,3521453.22
43747,1691,4959,5979,5218,20230131,5016,1,3521453.22,3521453.22
43748,263,750,5559,5218,20240808,5293,2,3521453.22,7042906.44
43749,1733,5080,5343,5241,20230328,5044,2,1246454.01,2492908.02
43750,786,2347,5916,5241,20240201,5199,4,1246454.01,4985816.04
43751,1415,4140,5195,5241,20230111,5006,4,1246454.01,4985816.04
43752,1461,4281,5095,5241,20240226,5211,3,1246454.01,3739362.03
43753,1562,4577,5505,5241,20230524,5072,2,1246454.01,2492908.02
43754,650,1941,5668,5241,20230411,5051,2,1246454.01,2492908.02
43755,1501,4417,5441,5243,20240209,5203,2,3897058.57,7794117.14
43756,1601,4698,5744,5243,20230822,5117,3,3897058.57,11691175.71
43757,1551,4554,5830,5243,20230212,5022,3,3897058.57,11691175.71
43758,1380,4041,5845,5243,20230612,5082,2,3897058.57,7794117.14
43759,822,2463,5282,5243,20241004,5694,5,3897058.57,19485292.85
43760,1335,3910,5925,5243,20240507,5247,1,3897058.57,3897058.57
43761,1849,5445,5654,5243,20241012,5698,3,3897058.57,11691175.71
43762,1564,4585,5134,5243,20240531,5259,2,3897058.57,7794117.14
43763,1098,3257,5098,5243,20230405,5048,1,3897058.57,3897058.57
43764,1764,5178,5864,5248,20230329,5044,5,2479489.72,12397448.6
43765,606,1809,5435,5248,20230224,5028,2,2479489.72,4958979.44
43766,1746,5119,5101,5248,20231011,5142,2,2479489.72,4958979.44
43767,1767,5191,5871,5248,20240325,5225,4,2479489.72,9917958.88
43768,279,796,5246,5248,20231109,5157,1,2479489.72,2479489.72
43769,1750,5131,5528,5248,20231204,5169,2,2479489.72,4958979.44
43770,1093,3244,5858,5250,20241012,5698,4,2646149.64,10584598.56
43771,945,2827,5593,5250,20230923,5133,4,2646149.64,10584598.56
43772,1851,5454,5342,5250,20241207,5726,2,2646149.64,5292299.28
43773,1050,3122,5557,5252,20231218,5176,1,668594.57,668594.57
43774,666,1996,5272,5252,20240911,5310,4,668594.57,2674378.28
43775,620,1846,5500,5252,20240922,5316,4,668594.57,2674378.28
43776,1629,4790,5811,5252,20231208,5171,2,668594.57,1337189.14
43777,1037,3085,5397,5252,20230914,5129,1,668594.57,668594.57
43778,1204,3568,5789,5252,20240622,5270,5,668594.57,3342972.85
43779,1472,4323,5909,5252,20241229,5737,2,668594.57,1337189.14
43780,61,170,5540,5252,20231218,5176,3,668594.57,2005783.71
43781,1637,4809,5527,5273,20240328,5227,2,606020.6,1212041.2
43782,1548,4546,5441,5273,20230526,5073,2,606020.6,1212041.2
43783,1312,3857,5893,5273,20240530,5258,3,606020.6,1818061.8
43784,1781,5241,5986,5273,20240205,5201,4,606020.6,2424082.4
43785,674,2019,5285,5273,20230305,5032,4,606020.6,2424082.4
43786,1732,5077,5767,5273,20230328,5044,4,606020.6,2424082.4
43787,649,1939,5819,5273,20231004,5139,3,606020.6,1818061.8
43788,1634,4802,5274,5273,20230304,5032,3,606020.6,1818061.8
43789,1986,5850,5384,5273,20230829,5121,5,606020.6,3030103.0
43790,467,1357,5816,5273,20240814,5296,3,606020.6,1818061.8
43791,1718,5035,5285,5273,20230621,5086,3,606020.6,1818061.8
43792,451,1311,5526,5275,20230311,5035,5,2487100.53,12435502.65
43793,745,2226,5625,5275,20230413,5052,5,2487100.53,12435502.65
43794,1481,4356,5933,5275,20230211,5021,4,2487100.53,9948402.12
43795,20,55,5276,5275,20241121,5718,3,2487100.53,7461301.59
43796,44,127,5348,5275,20241006,5695,4,2487100.53,9948402.12
43797,1888,5565,5775,5275,20230122,5011,2,2487100.53,4974201.06
43798,497,1455,5982,5277,20230803,5108,5,843145.14,4215725.7
43799,757,2269,5844,5277,20230401,5046,3,843145.14,2529435.42
43800,1880,5541,5777,5277,20230629,5090,3,843145.14,2529435.42
43801,895,2678,5692,5277,20230211,5021,5,843145.14,4215725.7
43802,1349,3946,5608,5277,20240522,5254,1,843145.14,843145.14
43803,473,1381,5607,5277,20240203,5200,5,843145.14,4215725.7
43804,1564,4587,5134,5277,20240531,5259,4,843145.14,3372580.56
43805,864,2586,5605,5277,20231201,5168,1,843145.14,843145.14
43806,1366,3995,5367,5277,20240908,5309,5,843145.14,4215725.7
43807,633,1884,5992,5277,20241014,5699,5,843145.14,4215725.7
43808,796,2381,5222,5282,20230624,5088,1,1367183.17,1367183.17
43809,1170,3477,5304,5282,20231121,5163,5,1367183.17,6835915.85
43810,1749,5129,5689,5282,20231208,5171,2,1367183.17,2734366.34
43811,495,1448,5024,5282,20241105,5710,5,1367183.17,6835915.85
43812,463,1346,5853,5282,20240228,5212,3,1367183.17,4101549.51
43813,716,2144,5038,5284,20240405,5231,4,2485776.37,9943105.48
43814,1151,3417,5881,5284,20240223,5210,5,2485776.37,12428881.85
43815,1987,5853,5010,5284,20241119,5717,3,2485776.37,7457329.11
43816,1051,3128,5328,5284,20230119,5010,3,2485776.37,7457329.11
43817,1636,4807,5170,5307,20230511,5066,5,2324994.19,11624970.95
43818,230,645,5874,5307,20230816,5114,4,2324994.19,9299976.76
43819,635,1891,5771,5307,20241019,5701,4,2324994.19,9299976.76
43820,1460,4277,5846,5307,20230531,5076,1,2324994.19,2324994.19
43821,1162,3458,5535,5307,20240719,5283,5,2324994.19,11624970.95
43822,382,1099,5960,5307,20240406,5231,1,2324994.19,2324994.19
43823,193,540,5618,5307,20240111,5188,2,2324994.19,4649988.38
43824,1155,3428,5697,5309,20240309,5217,1,3664992.05,3664992.05
43825,396,1146,5943,5309,20241106,5710,2,3664992.05,7329984.1
43826,56,160,5118,5309,20241008,5696,5,3664992.05,18324960.25
43827,1478,4344,5870,5309,20230502,5061,1,3664992.05,3664992.05
43828,1656,4868,5967,5309,20240927,5690,1,3664992.05,3664992.05
43829,499,1462,5789,5309,20240629,5273,1,3664992.05,3664992.05
43830,281,799,5046,5309,20230530,5075,1,3664992.05,3664992.05
43831,481,1405,5342,5309,20230726,5104,3,3664992.05,10994976.15
43832,583,1732,5335,5316,20240513,5250,2,528705.61,1057411.22
43833,890,2663,5373,5316,20241223,5734,3,528705.61,1586116.83
43834,987,2934,5171,5316,20230409,5050,1,528705.61,528705.61
43835,553,1641,5787,5318,20230422,5056,3,4863070.59,14589211.77
43836,1000,2978,5171,5449,20230412,5051,4,793947.85,3175791.4
43837,676,2025,5339,5449,20230929,5136,5,793947.85,3969739.25
43838,535,1576,5073,5449,20240723,5285,5,793947.85,3969739.25
43839,1057,3146,5538,5449,20240317,5221,2,793947.85,1587895.7
43840,127,350,5058,5449,20230324,5042,5,793947.85,3969739.25
43841,709,2128,5336,5449,20230328,5044,2,793947.85,1587895.7
43842,270,764,5751,5449,20240728,5288,2,793947.85,1587895.7
43843,48,141,5247,5460,20240226,5211,2,4885517.9,9771035.8
43844,9,33,5392,5460,20240927,5690,1,4885517.9,4885517.9
43845,314,898,5243,5460,20230610,5081,5,4885517.9,24427589.5
43846,1064,3161,5394,5460,20240205,5201,2,4885517.9,9771035.8
43847,1764,5176,5864,5460,20230329,5044,5,4885517.9,24427589.5
43848,305,873,5455,5460,20241026,5705,3,4885517.9,14656553.7
43849,844,2518,5369,5460,20240623,5270,3,4885517.9,14656553.7
43850,723,2163,5751,5467,20230315,5037,4,232638.45,930553.8
43851,545,1610,5676,5467,20230830,5121,2,232638.45,465276.9
43852,1659,4876,5334,5467,20231116,5160,4,232638.45,930553.8
43853,323,917,5421,5467,20230331,5045,3,232638.45,697915.35
43854,796,2378,5222,5467,20230624,5088,2,232638.45,465276.9
43855,650,1945,5668,5467,20230411,5051,4,232638.45,930553.8
43856,1851,5452,5342,5467,20241207,5726,2,232638.45,465276.9
43857,1926,5676,5607,5467,20230327,5043,2,232638.45,465276.9
43858,1790,5275,5509,5467,20230313,5036,5,232638.45,1163192.25
43859,1185,3519,5416,5467,20230611,5081,2,232638.45,465276.9
43860,111,313,5826,5474,20241026,5705,1,2772473.51,2772473.51
43861,735,2196,5551,5474,20231212,5173,3,2772473.51,8317420.53
43862,666,1995,5272,5474,20240911,5310,4,2772473.51,11089894.04
43863,1086,3218,5825,5474,20240809,5294,3,2772473.51,8317420.53
43864,1481,4355,5933,5474,20230211,5021,5,2772473.51,13862367.55
43865,641,1911,5431,5474,20230926,5135,1,2772473.51,2772473.51
43866,593,1763,5494,5474,20230831,5122,2,2772473.51,5544947.02
43867,528,1552,5387,5474,20231129,5167,5,2772473.51,13862367.55
43868,1466,4301,5419,5485,20240825,5302,3,401058.93,1203176.79
43869,175,485,5276,5485,20241015,5699,2,401058.93,802117.86
43870,68,191,5905,5485,20230708,5095,3,401058.93,1203176.79
43871,1234,3660,5912,5485,20231214,5174,2,401058.93,802117.86
43872,536,1581,5360,5492,20231106,5155,3,3934887.69,11804663.07
43873,7,23,5209,5492,20230107,5004,5,3934887.69,19674438.45
43874,1910,5637,5905,5492,20230525,5073,5,3934887.69,19674438.45
43875,395,1142,5577,5492,20230624,5088,3,3934887.69,11804663.07
43876,1424,4164,5123,5492,20241128,5721,5,3934887.69,19674438.45
43877,1537,4513,5063,5492,20230428,5059,5,3934887.69,19674438.45
43878,313,892,5290,5499,20231208,5171,4,2864395.97,11457583.88
43879,1024,3049,5757,5499,20240827,5303,3,2864395.97,8593187.91
43880,1082,3205,5492,5499,20240611,5264,2,2864395.97,5728791.94
43881,1738,5093,5264,5499,20240318,5222,2,2864395.97,5728791.94
43882,1150,3413,5338,5510,20230808,5110,3,680583.75,2041751.25
43883,179,497,5971,5510,20240705,5276,2,680583.75,1361167.5
43884,958,2864,5248,5510,20240701,5274,5,680583.75,3402918.75
43885,1287,3800,5850,5510,20240103,5184,3,680583.75,2041751.25
43886,1599,4687,5907,5517,20230512,5066,4,4106876.79,16427507.16
43887,523,1535,5369,5517,20241021,5702,4,4106876.79,16427507.16
43888,789,2357,5033,5517,20231210,5172,1,4106876.79,4106876.79
43889,1166,3469,5178,5517,20230109,5005,4,4106876.79,16427507.16
43890,163,452,5149,5524,20230518,5069,2,1377147.72,2754295.44
43891,310,887,5177,5524,20240413,5235,5,1377147.72,6885738.6
43892,1881,5545,5869,5524,20241205,5725,1,1377147.72,1377147.72
43893,288,822,5531,5524,20241211,5728,3,1377147.72,4131443.16
43894,24,69,5494,5524,20230927,5135,3,1377147.72,4131443.16
43895,1320,3876,5966,5524,20230711,5096,4,1377147.72,5508590.88
43896,291,832,5985,5535,20240704,5276,5,3391699.28,16958496.4
43897,1809,5333,5359,5535,20240805,5292,1,3391699.28,3391699.28
43898,908,2721,5295,5535,20230227,5029,2,3391699.28,6783398.56
43899,1572,4612,5686,5535,20230105,5003,5,3391699.28,16958496.4
43900,486,1418,5785,5542,20231202,5168,4,2124795.94,8499183.76
43901,1765,5181,5786,5542,20230712,5097,5,2124795.94,10623979.7
43902,1753,5144,5009,5542,20240710,5279,1,2124795.94,2124795.94
43903,856,2556,5183,5542,20240302,5214,2,2124795.94,4249591.88
43904,260,739,5803,5549,20240318,5222,5,1499394.87,7496974.35
43905,941,2815,5118,5549,20240802,5290,3,1499394.87,4498184.61
43906,272,769,5793,5549,20230315,5037,2,1499394.87,2998789.74
43907,521,1527,5100,5549,20230406,5048,4,1499394.87,5997579.48
43908,703,2110,5661,5549,20240415,5236,5,1499394.87,7496974.35
43909,89,258,5424,5560,20240731,5289,1,1947491.86,1947491.86
43910,1591,4667,5991,5560,20241221,5733,3,1947491.86,5842475.58
43911,1232,3651,5950,5560,20230703,5092,4,1947491.86,7789967.44
43912,969,2894,5379,5560,20230515,5068,3,1947491.86,5842475.58
43913,1172,3483,5370,5560,20230324,5042,5,1947491.86,9737459.3
43914,1553,4558,5001,5560,20241030,5707,3,1947491.86,5842475.58
43915,1508,4439,5588,5567,20240925,5689,3,1475982.42,4427947.26
43916,1353,3957,5456,5567,20240918,5314,2,1475982.42,2951964.84
43917,1403,4102,5470,5567,20240301,5213,5,1475982.42,7379912.1
43918,799,2389,5372,5567,20230810,5111,3,1475982.42,4427947.26
43919,1206,3577,5972,5567,20230818,5115,4,1475982.42,5903929.68
43920,813,2430,5463,5567,20240103,5184,2,1475982.42,2951964.84
43921,1133,3361,5657,5567,20240717,5282,5,1475982.42,7379912.1
43922,1455,4254,5729,5567,20240809,5294,4,1475982.42,5903929.68
43923,1959,5777,5946,5567,20230713,5097,2,1475982.42,2951964.84
43924,1979,5830,5152,5574,20230716,5099,5,1864695.32,9323476.6
43925,407,1184,5999,5574,20240520,5253,1,1864695.32,1864695.32
43926,505,1480,5545,5574,20231225,5180,2,1864695.32,3729390.64
43927,243,683,5837,5574,20240514,5250,3,1864695.32,5594085.96
43928,1616,4743,5230,5330,20240206,5201,3,3506620.78,10519862.34
43929,593,1762,5494,5330,20230831,5122,1,3506620.78,3506620.78
43930,1767,5189,5871,5330,20240325,5225,4,3506620.78,14026483.12
43931,913,2736,5997,5330,20240728,5288,4,3506620.78,14026483.12
43932,1924,5669,5778,5330,20240508,5247,5,3506620.78,17533103.9
43933,551,1634,5534,5330,20240331,5228,5,3506620.78,17533103.9
43934,1502,4421,5751,5330,20230216,5024,1,3506620.78,3506620.78
43935,1135,3365,5878,5330,20230121,5011,4,3506620.78,14026483.12
43936,1201,3562,5929,5344,20240906,5308,5,4842316.02,24211580.1
43937,1756,5149,5773,5344,20240220,5208,2,4842316.02,9684632.04
43938,828,2481,5415,5344,20231210,5172,5,4842316.02,24211580.1
43939,905,2714,5976,5344,20240608,5263,5,4842316.02,24211580.1
43940,68,189,5905,5344,20230708,5095,1,4842316.02,4842316.02
43941,1648,4848,5352,5347,20241122,5718,5,165099.65,825498.25
43942,1611,4731,5365,5347,20241127,5721,4,165099.65,660398.6
43943,895,2681,5692,5347,20230211,5021,2,165099.65,330199.3
43944,1258,3720,5141,5347,20231007,5140,5,165099.65,825498.25
43945,1606,4714,5189,5347,20240409,5233,1,165099.65,165099.65
43946,16,45,5879,5348,20231222,5178,3,4274460.51,12823381.53
43947,698,2095,5696,5348,20240103,5184,2,4274460.51,8548921.02
43948,300,864,5668,5348,20230224,5028,5,4274460.51,21372302.55
43949,1919,5655,5082,5348,20231006,5140,1,4274460.51,4274460.51
43950,515,1512,5141,5361,20241222,5733,2,621413.02,1242826.04
43951,436,1261,5484,5361,20240915,5312,1,621413.02,621413.02
43952,436,1260,5484,5362,20240915,5312,1,262682.13,262682.13
43953,1329,3901,5705,5362,20240923,5316,3,262682.13,788046.39
43954,1380,4042,5845,5362,20230612,5082,1,262682.13,262682.13
43955,1997,5884,5679,5362,20230903,5123,5,262682.13,1313410.65
43956,1331,3904,5905,5362,20231106,5155,3,262682.13,788046.39
43957,763,2289,5673,5362,20240420,5238,2,262682.13,525364.26
43958,1961,5785,5219,5362,20231106,5155,1,262682.13,262682.13
43959,1743,5108,5860,5379,20230326,5043,5,1948022.56,9740112.8
43960,378,1089,5093,5379,20241023,5703,5,1948022.56,9740112.8
43961,1545,4537,5579,5379,20230509,5065,2,1948022.56,3896045.12
43962,1516,4465,5619,5379,20230328,5044,5,1948022.56,9740112.8
43963,480,1404,5794,5379,20240119,5192,5,1948022.56,9740112.8
43964,86,248,5958,5379,20241215,5730,5,1948022.56,9740112.8
43965,1737,5092,5366,5379,20240312,5219,5,1948022.56,9740112.8
43966,1919,5654,5082,5379,20231006,5140,3,1948022.56,5844067.68
43967,1086,3220,5825,5380,20240809,5294,5,140054.21,700271.05
43968,630,1874,5768,5380,20230607,5079,4,140054.21,560216.84
43969,1144,3398,5462,5397,20240523,5255,4,2715201.76,10860807.04
43970,164,456,5721,5397,20230210,5021,3,2715201.76,8145605.28
43971,476,1393,5396,5398,20240228,5212,2,2457277.74,4914555.48
43972,1856,5476,5029,5398,20230117,5009,5,2457277.74,12286388.7
43973,1644,4832,5011,5398,20240905,5307,3,2457277.74,7371833.22
43974,340,963,5213,5411,20231123,5164,5,4879544.75,24397723.75
43975,595,1770,5039,5411,20240111,5188,3,4879544.75,14638634.25
43976,992,2945,5248,5412,20240816,5297,2,3961294.2,7922588.4
43977,859,2570,5517,5412,20241022,5703,3,3961294.2,11883882.6
43978,112,317,5969,5412,20231003,5138,1,3961294.2,3961294.2
43979,1480,4353,5515,5412,20240114,5190,5,3961294.2,19806471.0
43980,1344,3932,5467,5412,20240405,5231,4,3961294.2,15845176.8
43981,570,1694,5113,5412,20240727,5287,4,3961294.2,15845176.8
43982,508,1488,5073,5412,20230908,5126,3,3961294.2,11883882.6
43983,621,1850,5757,5412,20230921,5132,2,3961294.2,7922588.4
43984,1620,4754,5945,5412,20230913,5128,1,3961294.2,3961294.2
43985,1954,5760,5013,5429,20241109,5712,1,1056324.58,1056324.58
43986,985,2929,5068,5429,20230917,5130,1,1056324.58,1056324.58
43987,1453,4249,5246,5429,20240901,5305,1,1056324.58,1056324.58
43988,1196,3543,5624,5429,20240725,5286,2,1056324.58,2112649.16
43989,1264,3738,5510,5429,20231203,5169,1,1056324.58,1056324.58
43990,1744,5110,5557,5429,20240528,5257,4,1056324.58,4225298.32
43991,1040,3093,5398,5429,20230224,5028,2,1056324.58,2112649.16
43992,423,1228,5256,5429,20240411,5234,1,1056324.58,1056324.58
43993,241,677,5738,5429,20230811,5112,5,1056324.58,5281622.9
43994,545,1609,5676,5429,20230830,5121,5,1056324.58,5281622.9
43995,305,871,5455,5429,20241026,5705,3,1056324.58,3168973.74
43996,1996,5883,5834,5430,20231218,5176,3,1758901.0,5276703.0
43997,1010,3005,5737,5430,20231023,5148,4,1758901.0,7035604.0
43998,646,1931,5250,5430,20240628,5273,1,1758901.0,1758901.0
43999,1351,3952,5385,5430,20240514,5250,1,1758901.0,1758901.0
44000,933,2785,5904,5430,20241013,5698,3,1758901.0,5276703.0
44001,1151,3419,5881,5430,20240223,5210,3,1758901.0,5276703.0
44002,768,2304,5658,5430,20230214,5023,5,1758901.0,8794505.0
44003,617,1841,5906,5430,20240511,5249,2,1758901.0,3517802.0
44004,1601,4697,5744,5447,20230822,5117,3,4712786.87,14138360.61
44005,137,378,5187,5447,20241128,5721,4,4712786.87,18851147.48
44006,1533,4502,5984,5447,20230504,5062,4,4712786.87,18851147.48
44007,1165,3468,5285,5447,20230831,5122,5,4712786.87,23563934.35
44008,491,1432,5183,5447,20230105,5003,4,4712786.87,18851147.48
44009,224,629,5213,5447,20230918,5131,2,4712786.87,9425573.74
44010,769,2307,5991,5447,20240108,5187,5,4712786.87,23563934.35
44011,844,2517,5369,5447,20240623,5270,4,4712786.87,18851147.48
44012,1332,3905,5972,5447,20230519,5070,1,4712786.87,4712786.87
44013,1120,3320,5545,5447,20240321,5223,5,4712786.87,23563934.35
44014,127,349,5058,5448,20230324,5042,3,3040514.95,9121544.85
44015,704,2111,5565,5448,20230727,5104,2,3040514.95,6081029.9
44016,404,1176,5873,5448,20240414,5235,2,3040514.95,6081029.9
44017,635,1890,5771,5448,20241019,5701,1,3040514.95,3040514.95
44018,1069,3176,5245,5448,20230512,5066,3,3040514.95,9121544.85
44019,1201,3563,5929,5461,20240906,5308,1,4220407.68,4220407.68
44020,1855,5474,5094,5272,20230902,5123,4,1553357.42,6213429.68
44021,479,1401,5891,5272,20231106,5155,2,1553357.42,3106714.84
44022,869,2605,5383,5272,20230924,5134,5,1553357.42,7766787.1
44023,1484,4369,5808,5272,20240512,5249,5,1553357.42,7766787.1
44024,202,572,5196,5272,20231108,5156,5,1553357.42,7766787.1
44025,1930,5694,5573,5272,20231018,5146,3,1553357.42,4660072.26
44026,662,1982,5059,5287,20240926,5690,2,3868911.48,7737822.96
44027,759,2275,5460,5287,20230105,5003,3,3868911.48,11606734.44
44028,964,2878,5626,5287,20230712,5097,5,3868911.48,19344557.4
44029,1164,3462,5435,5287,20241202,5723,3,3868911.48,11606734.44
44030,697,2089,5186,5287,20240803,5291,1,3868911.48,3868911.48
44031,561,1666,5977,5287,20240814,5296,3,3868911.48,11606734.44
44032,1605,4712,5133,5289,20230916,5130,2,229749.16,459498.32
44033,1755,5147,5197,5289,20231221,5178,2,229749.16,459498.32
44034,1035,3079,5784,5289,20231013,5143,2,229749.16,459498.32
44035,1369,4006,5750,5289,20240302,5214,2,229749.16,459498.32
44036,1358,3973,5394,5289,20240429,5243,4,229749.16,918996.64
44037,1462,4285,5138,5289,20230305,5032,2,229749.16,459498.32
44038,1456,4260,5753,5289,20240122,5194,1,229749.16,229749.16
44039,963,2877,5445,5289,20230608,5080,3,229749.16,689247.48
44040,44,126,5348,5289,20241006,5695,5,229749.16,1148745.8
44041,1114,3307,5826,5304,20241015,5699,3,49766.18,149298.54
44042,246,693,5081,5304,20240813,5296,4,49766.18,199064.72
44043,873,2616,5175,5304,20230620,5086,2,49766.18,99532.36
44044,413,1199,5966,5304,20230801,5107,5,49766.18,248830.9
44045,25,72,5239,5304,20240427,5242,3,49766.18,149298.54
44046,233,652,5567,5304,20240720,5284,4,49766.18,199064.72
44047,809,2419,5351,5304,20241214,5729,2,49766.18,99532.36
44048,1175,3494,5406,5304,20230614,5083,4,49766.18,199064.72
44049,607,1817,5352,5304,20230112,5006,3,49766.18,149298.54
44050,1193,3537,5126,5306,20230706,5094,1,3700484.17,3700484.17
44051,1865,5504,5456,5306,20240314,5220,4,3700484.17,14801936.68
44052,200,563,5429,5306,20240923,5316,3,3700484.17,11101452.51
44053,1024,3046,5757,5306,20240827,5303,3,3700484.17,11101452.51
44054,890,2662,5373,5306,20241223,5734,2,3700484.17,7400968.34
44055,1325,3886,5376,5306,20230625,5088,5,3700484.17,18502420.85
44056,1523,4477,5949,5306,20230412,5051,2,3700484.17,7400968.34
44057,159,439,5569,5306,20230827,5120,1,3700484.17,3700484.17
44058,1716,5028,5807,5306,20230325,5042,5,3700484.17,18502420.85
44059,1594,4674,5400,5319,20231012,5143,5,3561145.85,17805729.25
44060,1256,3715,5852,5319,20231018,5146,5,3561145.85,17805729.25
44061,1187,3521,5700,5319,20230514,5067,5,3561145.85,17805729.25
44062,454,1320,5293,5319,20231208,5171,3,3561145.85,10683437.55
44063,1658,4873,5907,5321,20230215,5023,1,4487464.48,4487464.48
44064,739,2204,5065,5321,20230627,5089,5,4487464.48,22437322.4
44065,1817,5356,5964,5323,20240129,5197,2,2297705.56,4595411.12
44066,1610,4726,5901,5323,20240221,5209,4,2297705.56,9190822.24
44067,1589,4663,5038,5323,20240520,5253,2,2297705.56,4595411.12
44068,1065,3168,5629,5323,20240828,5303,1,2297705.56,2297705.56
44069,797,2382,5089,5336,20240720,5284,1,2038497.63,2038497.63
44070,483,1411,5934,5336,20240509,5248,2,2038497.63,4076995.26
44071,582,1727,5736,5336,20230117,5009,4,2038497.63,8153990.52
44072,1871,5519,5663,5336,20241104,5709,4,2038497.63,8153990.52
44073,1018,3030,5960,5338,20241126,5720,4,2265066.21,9060264.84
44074,80,228,5427,5338,20230510,5065,1,2265066.21,2265066.21
44075,252,713,5056,5338,20241009,5696,3,2265066.21,6795198.63
44076,271,765,5467,5338,20240620,5269,3,2265066.21,6795198.63
44077,244,688,5655,5338,20230408,5049,4,2265066.21,9060264.84
44078,1337,3915,5972,5353,20241003,5693,5,662269.04,3311345.2
44079,250,701,5179,5353,20241030,5707,4,662269.04,2649076.16
44080,874,2618,5511,5353,20230614,5083,4,662269.04,2649076.16
44081,936,2795,5469,5353,20241205,5725,4,662269.04,2649076.16
44082,754,2264,5623,5355,20230902,5123,3,2915795.77,8747387.31
44083,773,2322,5938,5355,20240704,5276,4,2915795.77,11663183.08
44084,830,2488,5280,5370,20230222,5027,3,3239919.22,9719757.66
44085,1620,4755,5945,5370,20230913,5128,4,3239919.22,12959676.88
44086,12,38,5766,5370,20240212,5204,4,3239919.22,12959676.88
44087,1993,5870,5372,5370,20230930,5137,2,3239919.22,6479838.44
44088,1129,3350,5156,5370,20240308,5217,3,3239919.22,9719757.66
44089,398,1156,5317,5370,20241230,5737,1,3239919.22,3239919.22
44090,949,2841,5649,5372,20240105,5185,2,314285.55,628571.1
44091,1533,4503,5984,5372,20230504,5062,5,314285.55,1571427.75
44092,254,723,5576,5372,20231123,5164,3,314285.55,942856.65
44093,1503,4426,5091,5372,20231012,5143,5,314285.55,1571427.75
44094,1233,3657,5181,5372,20240530,5258,5,314285.55,1571427.75
44095,1567,4596,5237,5387,20230909,5126,2,3822608.12,7645216.24
44096,297,853,5062,5387,20230919,5131,4,3822608.12,15290432.48
44097,1854,5467,5271,5387,20230726,5104,4,3822608.12,15290432.48
44098,1778,5230,5204,5387,20230523,5072,3,3822608.12,11467824.36
44099,426,1237,5774,5387,20240124,5195,1,3822608.12,3822608.12
44100,1609,4721,5862,5387,20231127,5166,1,3822608.12,3822608.12
44101,1907,5627,5119,5387,20230107,5004,4,3822608.12,15290432.48
44102,1531,4498,5143,5387,20230526,5073,3,3822608.12,11467824.36
44103,211,588,5717,5387,20240102,5184,4,3822608.12,15290432.48
44104,1804,5317,5501,5387,20240529,5258,5,3822608.12,19113040.6
44105,1234,3658,5912,5387,20231214,5174,3,3822608.12,11467824.36
44106,680,2036,5441,5389,20230422,5056,5,1780475.13,8902375.65
44107,67,187,5948,5389,20240406,5231,5,1780475.13,8902375.65
44108,1644,4831,5011,5389,20240905,5307,2,1780475.13,3560950.26
44109,1977,5826,5982,5389,20230806,5109,1,1780475.13,1780475.13
44110,1092,3241,5396,5389,20240322,5224,3,1780475.13,5341425.39
44111,1110,3295,5718,5389,20230120,5010,2,1780475.13,3560950.26
44112,1761,5167,5599,5402,20230828,5120,3,4034162.61,12102487.83
44113,1771,5208,5827,5402,20230110,5005,4,4034162.61,16136650.44
44114,31,92,5831,5402,20240812,5295,2,4034162.61,8068325.22
44115,869,2603,5383,5402,20230924,5134,3,4034162.61,12102487.83
44116,1611,4730,5365,5425,20241127,5721,3,1197599.67,3592799.01
44117,1079,3198,5439,5425,20230623,5087,4,1197599.67,4790398.68
44118,1757,5153,5371,5425,20241102,5708,4,1197599.67,4790398.68
44119,1162,3454,5535,5425,20240719,5283,3,1197599.67,3592799.01
44120,1412,4132,5203,5425,20240224,5210,2,1197599.67,2395199.34
44121,980,2915,5773,5425,20230120,5010,3,1197599.67,3592799.01
44122,1273,3766,5199,5427,20240408,5232,2,4110092.41,8220184.82
44123,648,1936,5231,5427,20241029,5706,1,4110092.41,4110092.41
44124,1668,4899,5320,5427,20240726,5287,4,4110092.41,16440369.64
44125,449,1305,5983,5432,20230112,5006,5,1935826.12,9679130.6
44126,1387,4064,5146,5432,20240724,5286,2,1935826.12,3871652.24
44127,1084,3212,5274,5432,20230123,5012,5,1935826.12,9679130.6
44128,1852,5457,5005,5432,20230223,5027,5,1935826.12,9679130.6
44129,1528,4489,5028,5432,20231130,5167,2,1935826.12,3871652.24
44130,1513,4453,5803,5432,20230120,5010,4,1935826.12,7743304.48
44131,207,579,5199,5432,20240806,5292,3,1935826.12,5807478.36
44132,272,770,5793,5432,20230315,5037,4,1935826.12,7743304.48
44133,819,2454,5966,5432,20230522,5071,5,1935826.12,9679130.6
44134,1204,3569,5789,5432,20240622,5270,4,1935826.12,7743304.48
44135,524,1539,5924,5434,20230826,5119,2,2470479.15,4940958.3
44136,575,1709,5993,5434,20240321,5223,4,2470479.15,9881916.6
44137,638,1903,5762,5434,20231105,5155,4,2470479.15,9881916.6
44138,71,198,5106,5434,20230620,5086,3,2470479.15,7411437.45
44139,350,999,5368,5434,20240529,5258,1,2470479.15,2470479.15
44140,1569,4601,5017,5434,20240905,5307,5,2470479.15,12352395.75
44141,283,806,5773,5434,20240118,5192,2,2470479.15,4940958.3
44142,1539,4523,5383,5457,20240221,5209,4,1479801.75,5919207.0
44143,1759,5162,5452,5457,20230602,5077,3,1479801.75,4439405.25
44144,1209,3586,5612,5457,20240317,5221,1,1479801.75,1479801.75
44145,1525,4479,5934,5457,20230919,5131,4,1479801.75,5919207.0
44146,661,1979,5025,5457,20230717,5099,3,1479801.75,4439405.25
44147,1958,5774,5160,5457,20230324,5042,3,1479801.75,4439405.25
44148,1172,3484,5370,5457,20230324,5042,4,1479801.75,5919207.0
44149,1043,3101,5933,5457,20241126,5720,1,1479801.75,1479801.75
44150,690,2069,5155,5459,20230605,5078,2,1042695.38,2085390.76
44151,606,1810,5435,5459,20230224,5028,1,1042695.38,1042695.38
44152,1414,4136,5926,5459,20230131,5016,3,1042695.38,3128086.14
44153,1656,4866,5967,5459,20240927,5690,2,1042695.38,2085390.76
44154,1503,4424,5091,5459,20231012,5143,2,1042695.38,2085390.76
44155,163,450,5149,5466,20230518,5069,5,1853314.31,9266571.55
44156,1482,4359,5531,5466,20230501,5061,5,1853314.31,9266571.55
44157,1371,4015,5989,5466,20230615,5083,2,1853314.31,3706628.62
44158,1058,3147,5780,5466,20240203,5200,5,1853314.31,9266571.55
44159,1859,5485,5739,5468,20230409,5050,5,2330639.2,11653196.0
44160,1196,3542,5624,5468,20240725,5286,3,2330639.2,6991917.6
44161,323,915,5421,5468,20230331,5045,5,2330639.2,11653196.0
44162,710,2134,5037,5468,20230714,5098,5,2330639.2,11653196.0
44163,133,362,5753,5468,20240329,5227,2,2330639.2,4661278.4
44164,918,2747,5529,5468,20230528,5074,1,2330639.2,2330639.2
44165,48,137,5247,5491,20240226,5211,5,2603244.01,13016220.05
44166,784,2343,5998,5491,20240322,5224,1,2603244.01,2603244.01
44167,1268,3753,5359,5491,20230130,5015,3,2603244.01,7809732.03
44168,1551,4555,5830,5491,20230212,5022,5,2603244.01,13016220.05
44169,891,2666,5680,5491,20231024,5149,4,2603244.01,10412976.04
44170,1860,5488,5313,5491,20230621,5086,4,2603244.01,10412976.04
44171,1863,5496,5637,5491,20241003,5693,1,2603244.01,2603244.01
44172,471,1373,5860,5491,20241003,5693,5,2603244.01,13016220.05
44173,1809,5331,5359,5491,20240805,5292,4,2603244.01,10412976.04
44174,1778,5231,5204,5493,20230523,5072,5,571469.02,2857345.1
44175,363,1038,5291,5493,20240125,5195,5,571469.02,2857345.1
44176,728,2178,5645,5493,20230115,5008,2,571469.02,1142938.04
44177,987,2933,5171,5493,20230409,5050,1,571469.02,571469.02
44178,1540,4525,5646,5493,20230130,5015,5,571469.02,2857345.1
44179,1302,3833,5526,5493,20230323,5041,1,571469.02,571469.02
44180,1484,4370,5808,5500,20240512,5249,2,196953.7,393907.4
44181,1460,4274,5846,5500,20230531,5076,3,196953.7,590861.1
44182,1307,3845,5111,5500,20230216,5024,4,196953.7,787814.8
44183,105,302,5730,5500,20230913,5128,1,196953.7,196953.7
44184,1828,5387,5361,5500,20240602,5260,1,196953.7,196953.7
44185,44,129,5348,5502,20241006,5695,5,203524.84,1017624.2
44186,1413,4135,5195,5502,20240612,5265,5,203524.84,1017624.2
44187,1942,5727,5787,5502,20240322,5224,2,203524.84,407049.68
44188,287,818,5239,5502,20231022,5148,2,203524.84,407049.68
44189,4,16,5252,5502,20230913,5128,1,203524.84,203524.84
44190,797,2383,5089,5502,20240720,5284,2,203524.84,407049.68
44191,1121,3323,5985,5502,20230307,5033,4,203524.84,814099.36
44192,547,1619,5854,5502,20241229,5737,4,203524.84,814099.36
44193,197,555,5257,5525,20241016,5700,4,2530580.61,10122322.44
44194,150,419,5702,5525,20241208,5726,4,2530580.61,10122322.44
44195,1844,5430,5691,5525,20230321,5040,3,2530580.61,7591741.83
44196,1623,4767,5330,5525,20230129,5015,4,2530580.61,10122322.44
44197,1195,3539,5174,5525,20230122,5011,2,2530580.61,5061161.22
44198,420,1218,5623,5525,20241119,5717,3,2530580.61,7591741.83
44199,1381,4043,5824,5525,20240530,5258,2,2530580.61,5061161.22
44200,912,2734,5124,5525,20231112,5158,4,2530580.61,10122322.44
44201,736,2197,5556,5527,20230504,5062,2,1868609.14,3737218.28
44202,250,699,5179,5527,20241030,5707,1,1868609.14,1868609.14
44203,1651,4855,5728,5532,20230113,5007,2,1432496.19,2864992.38
44204,901,2704,5446,5445,20240820,5299,5,1696373.42,8481867.1
44205,1430,4181,5805,5445,20240711,5279,1,1696373.42,1696373.42
44206,1092,3240,5396,5446,20240322,5224,2,3525478.19,7050956.38
44207,845,2523,5692,5446,20241227,5736,2,3525478.19,7050956.38
44208,1573,4616,5567,5446,20230627,5089,5,3525478.19,17627390.95
44209,378,1090,5093,5446,20241023,5703,1,3525478.19,3525478.19
44210,1039,3091,5102,5463,20230518,5069,5,2450593.09,12252965.45
44211,1582,4642,5904,5463,20241214,5729,4,2450593.09,9802372.36
44212,847,2529,5817,5463,20240927,5690,4,2450593.09,9802372.36
44213,995,2957,5102,5463,20240806,5292,2,2450593.09,4901186.18
44214,1462,4286,5138,5463,20230305,5032,4,2450593.09,9802372.36
44215,1435,4198,5230,5463,20230207,5019,2,2450593.09,4901186.18
44216,1596,4679,5686,5464,20230718,5100,4,464773.02,1859092.08
44217,1492,4392,5150,5464,20240802,5290,1,464773.02,464773.02
44218,1710,5012,5806,5464,20240702,5275,3,464773.02,1394319.06
44219,895,2680,5692,5464,20230211,5021,5,464773.02,2323865.1
44220,690,2070,5155,5464,20230605,5078,3,464773.02,1394319.06
44221,549,1628,5552,5464,20240902,5306,1,464773.02,464773.02
44222,843,2516,5401,5478,20240408,5232,5,2386548.78,11932743.9
44223,1945,5738,5664,5478,20240113,5189,4,2386548.78,9546195.12
44224,767,2300,5684,5478,20230630,5091,4,2386548.78,9546195.12
44225,80,226,5427,5478,20230510,5065,3,2386548.78,7159646.34
44226,999,2973,5887,5478,20240704,5276,3,2386548.78,7159646.34
44227,898,2692,5253,5478,20230814,5113,1,2386548.78,2386548.78
44228,521,1526,5100,5481,20230406,5048,4,610206.56,2440826.24
44229,1308,3850,5310,5481,20240606,5262,5,610206.56,3051032.8
44230,407,1182,5999,5481,20240520,5253,4,610206.56,2440826.24
44231,1411,4131,5169,5495,20240315,5220,5,4625391.55,23126957.75
44232,1176,3495,5318,5495,20230309,5034,4,4625391.55,18501566.2
44233,1766,5186,5991,5495,20241215,5730,2,4625391.55,9250783.1
44234,65,182,5763,5495,20240331,5228,4,4625391.55,18501566.2
44235,1602,4701,5866,5495,20231008,5141,5,4625391.55,23126957.75
44236,1417,4145,5788,5496,20231119,5162,1,3930870.7,3930870.7
44237,1129,3348,5156,5496,20240308,5217,1,3930870.7,3930870.7
44238,468,1362,5221,5496,20231229,5182,3,3930870.7,11792612.1
44239,174,484,5792,5496,20240409,5233,1,3930870.7,3930870.7
44240,730,2182,5623,5496,20230410,5050,4,3930870.7,15723482.8
44241,1005,2991,5452,5496,20230808,5110,3,3930870.7,11792612.1
44242,1439,4210,5236,5496,20231116,5160,2,3930870.7,7861741.4
44243,612,1832,5485,5496,20231108,5156,1,3930870.7,3930870.7
44244,593,1764,5494,5496,20230831,5122,1,3930870.7,3930870.7
44245,981,2920,5978,5513,20240317,5221,3,3028845.87,9086537.61
44246,1379,4037,5691,5513,20230925,5134,3,3028845.87,9086537.61
44247,1890,5575,5632,5513,20240314,5220,3,3028845.87,9086537.61
44248,1906,5626,5642,5513,20230707,5094,3,3028845.87,9086537.61
44249,877,2622,5043,5513,20230901,5122,4,3028845.87,12115383.48
44250,792,2367,5316,5513,20240421,5239,2,3028845.87,6057691.74
44251,381,1095,5550,5513,20240207,5202,4,3028845.87,12115383.48
44252,1768,5193,5271,5513,20240725,5286,2,3028845.87,6057691.74
44253,1234,3659,5912,5514,20231214,5174,5,947799.1,4738995.5
44254,73,208,5056,5514,20240429,5243,5,947799.1,4738995.5
44255,1303,3836,5698,5514,20230602,5077,2,947799.1,1895598.2
44256,1689,4952,5597,5514,20230719,5100,4,947799.1,3791196.4
44257,982,2923,5810,5514,20230421,5056,1,947799.1,947799.1
44258,254,722,5576,5514,20231123,5164,1,947799.1,947799.1
44259,384,1107,5132,5528,20241230,5737,2,896142.63,1792285.26
44260,724,2166,5667,5531,20230525,5073,2,3747316.06,7494632.12
44261,241,674,5738,5531,20230811,5112,1,3747316.06,3747316.06
44262,1703,4989,5898,5531,20240320,5223,4,3747316.06,14989264.24
44263,1045,3106,5674,5531,20230409,5050,1,3747316.06,3747316.06
44264,1704,4993,5811,5531,20230528,5074,2,3747316.06,7494632.12
44265,919,2748,5231,5531,20240501,5244,2,3747316.06,7494632.12
44266,1038,3089,5194,5545,20230825,5119,1,1517704.01,1517704.01
44267,1138,3374,5685,5545,20240221,5209,2,1517704.01,3035408.02
44268,772,2319,5176,5545,20230417,5054,1,1517704.01,1517704.01
44269,648,1937,5231,5545,20241029,5706,4,1517704.01,6070816.04
44270,1396,4085,5937,5545,20230730,5106,4,1517704.01,6070816.04
44271,456,1325,5975,5545,20230130,5015,3,1517704.01,4553112.03
44272,827,2476,5633,5545,20241202,5723,4,1517704.01,6070816.04
44273,24,70,5494,5546,20230927,5135,2,2926590.91,5853181.82
44274,265,756,5332,5546,20240213,5205,5,2926590.91,14632954.55
44275,1823,5373,5309,5546,20230811,5112,4,2926590.91,11706363.64
44276,681,2041,5626,5546,20240317,5221,3,2926590.91,8779772.73
44277,188,526,5102,5546,20240512,5249,5,2926590.91,14632954.55
44278,1565,4589,5648,5546,20241129,5722,2,2926590.91,5853181.82
44279,657,1969,5013,5563,20230109,5005,4,3434727.37,13738909.48
44280,979,2912,5080,5563,20240311,5218,4,3434727.37,13738909.48
44281,1784,5250,5581,5563,20230422,5056,2,3434727.37,6869454.74
44282,1143,3391,5476,5564,20240817,5298,4,4533567.26,18134269.04
44283,1647,4841,5664,5564,20230414,5052,5,4533567.26,22667836.3
44284,279,792,5246,5564,20231109,5157,1,4533567.26,4533567.26
44285,444,1290,5813,5564,20240421,5239,5,4533567.26,22667836.3
44286,574,1708,5278,5564,20240127,5196,4,4533567.26,18134269.04
44287,1197,3547,5157,5564,20241003,5693,2,4533567.26,9067134.52
44288,1502,4422,5751,5564,20230216,5024,1,4533567.26,4533567.26
44289,113,320,5916,5564,20230312,5036,5,4533567.26,22667836.3
44290,1004,2987,5322,5578,20231230,5182,4,2507382.1,10029528.4
44291,69,192,5192,5578,20230829,5121,2,2507382.1,5014764.2
44292,1288,3804,5981,5578,20240112,5189,3,2507382.1,7522146.3
44293,1911,5638,5604,5581,20230404,5047,1,695452.64,695452.64
44294,929,2775,5755,5581,20240520,5253,4,695452.64,2781810.56
44295,237,663,5139,5581,20230929,5136,4,695452.64,2781810.56
44296,378,1087,5093,5574,20241023,5703,1,1864695.32,1864695.32
44297,42,120,5062,5574,20230412,5051,4,1864695.32,7458781.28
44298,116,327,5391,5574,20231006,5140,1,1864695.32,1864695.32
44299,1528,4490,5028,5574,20231130,5167,5,1864695.32,9323476.6
44300,1888,5566,5775,5574,20230122,5011,4,1864695.32,7458781.28
44301,992,2948,5248,5574,20240816,5297,1,1864695.32,1864695.32
44302,827,2474,5633,5574,20241202,5723,3,1864695.32,5594085.96
44303,773,2323,5938,5585,20240704,5276,4,1669820.94,6679283.76
44304,516,1514,5854,5585,20240829,5304,3,1669820.94,5009462.82
44305,526,1543,5964,5585,20240108,5187,2,1669820.94,3339641.88
44306,1271,3761,5225,5585,20241104,5709,3,1669820.94,5009462.82
44307,1783,5249,5374,5585,20240131,5198,4,1669820.94,6679283.76
44308,1604,4709,5627,5592,20241210,5727,1,3171102.83,3171102.83
44309,1793,5282,5265,5592,20240410,5233,3,3171102.83,9513308.49
44310,391,1132,5742,5592,20241225,5735,4,3171102.83,12684411.32
44311,910,2726,5013,5592,20240131,5198,4,3171102.83,12684411.32
44312,1452,4248,5862,5592,20241004,5694,4,3171102.83,12684411.32
44313,1459,4271,5101,5592,20240105,5185,5,3171102.83,15855514.15
44314,1233,3654,5181,5599,20240530,5258,3,3137167.77,9411503.31
44315,1277,3777,5203,5599,20230314,5037,5,3137167.77,15685838.85
44316,1771,5209,5827,5599,20230110,5005,1,3137167.77,3137167.77
44317,1703,4992,5898,5599,20240320,5223,4,3137167.77,12548671.08
44318,1999,5892,5123,5599,20230228,5030,3,3137167.77,9411503.31
44319,756,2268,5624,5599,20230704,5093,1,3137167.77,3137167.77
44320,640,1908,5373,5599,20241130,5722,5,3137167.77,15685838.85
44321,1139,3377,5294,5599,20241104,5709,4,3137167.77,12548671.08
44322,1834,5401,5553,5599,20241227,5736,1,3137167.77,3137167.77
44323,754,2263,5623,5599,20230902,5123,2,3137167.77,6274335.54
44324,1204,3570,5789,5599,20240622,5270,5,3137167.77,15685838.85
44325,366,1048,5421,5603,20241222,5733,3,843430.73,2530292.19
44326,1636,4806,5170,5603,20230511,5066,4,843430.73,3373722.92
44327,439,1270,5420,5603,20240730,5289,3,843430.73,2530292.19
44328,1378,4033,5255,5603,20230218,5025,2,843430.73,1686861.46
44329,406,1181,5132,5603,20230106,5003,1,843430.73,843430.73
44330,1252,3707,5384,5603,20240101,5183,3,843430.73,2530292.19
44331,297,852,5062,5603,20230919,5131,4,843430.73,3373722.92
44332,1542,4530,5689,5610,20240721,5284,4,105432.42,421729.68
44333,860,2573,5023,5610,20230713,5097,2,105432.42,210864.84
44334,409,1191,5082,5610,20240224,5210,5,105432.42,527162.1
44335,227,639,5608,5610,20230205,5018,4,105432.42,421729.68
44336,1624,4768,5814,5610,20230125,5013,5,105432.42,527162.1
44337,906,2717,5615,5610,20240517,5252,1,105432.42,105432.42
44338,343,971,5911,5610,20230712,5097,4,105432.42,421729.68
44339,890,2660,5373,5610,20241223,5734,1,105432.42,105432.42
44340,790,2359,5062,5610,20241209,5727,3,105432.42,316297.26
44341,1914,5643,5945,5617,20240423,5240,3,2973681.1,8921043.3
44342,1952,5758,5479,5617,20241128,5721,5,2973681.1,14868405.5
44343,374,1071,5360,5617,20231108,5156,3,2973681.1,8921043.3
44344,1124,3334,5460,5617,20230920,5132,2,2973681.1,5947362.2
44345,1147,3405,5823,5617,20240821,5300,2,2973681.1,5947362.2
44346,1584,4649,5010,5624,20230717,5099,4,1512571.11,6050284.44
44347,785,2346,5959,5624,20240916,5313,4,1512571.11,6050284.44
44348,1919,5656,5082,5624,20231006,5140,2,1512571.11,3025142.22
44349,1658,4871,5907,5624,20230215,5023,2,1512571.11,3025142.22
44350,1577,4627,5142,5624,20240705,5276,3,1512571.11,4537713.33
44351,222,621,5996,5940,20240730,5289,2,2562808.08,5125616.16
44352,862,2579,5590,5940,20231210,5172,5,2562808.08,12814040.4
44353,1168,3474,5992,5940,20230830,5121,2,2562808.08,5125616.16
44354,1958,5775,5160,5940,20230324,5042,2,2562808.08,5125616.16
44355,229,641,5526,5940,20231106,5155,4,2562808.08,10251232.32
44356,1458,4264,5974,5947,20240612,5265,1,3444137.54,3444137.54
44357,800,2397,5015,5947,20240418,5237,3,3444137.54,10332412.62
44358,499,1463,5789,5947,20240629,5273,2,3444137.54,6888275.08
44359,1831,5395,5874,5947,20231218,5176,1,3444137.54,3444137.54
44360,906,2718,5615,5947,20240517,5252,3,3444137.54,10332412.62
44361,420,1219,5623,5947,20241119,5717,1,3444137.54,3444137.54
44362,1967,5797,5713,5947,20230803,5108,5,3444137.54,17220687.7
44363,1897,5596,5657,5954,20231012,5143,5,4524849.13,22624245.65
44364,1793,5284,5265,5954,20240410,5233,3,4524849.13,13574547.39
44365,307,880,5384,5961,20230412,5051,5,484042.37,2420211.85
44366,253,714,5043,5961,20231109,5157,1,484042.37,484042.37
44367,436,1263,5484,5961,20240915,5312,5,484042.37,2420211.85
44368,132,359,5787,5965,20230912,5128,5,4775894.89,23879474.45
44369,438,1267,5627,5965,20231229,5182,3,4775894.89,14327684.67
44370,1463,4288,5996,5965,20230514,5067,2,4775894.89,9551789.78
44371,942,2816,5700,5965,20230922,5133,4,4775894.89,19103579.56
44372,239,669,5095,5965,20230920,5132,4,4775894.89,19103579.56
44373,1622,4764,5100,5965,20241003,5693,1,4775894.89,4775894.89
44374,1354,3961,5020,5972,20230304,5032,3,4001496.49,12004489.47
44375,1105,3281,5677,5972,20231104,5154,4,4001496.49,16005985.96
44376,125,343,5268,5972,20231116,5160,4,4001496.49,16005985.96
44377,1362,3983,5240,5972,20230716,5099,5,4001496.49,20007482.45
44378,1241,3679,5847,5972,20230927,5135,1,4001496.49,4001496.49
44379,1995,5878,5696,5972,20231211,5173,5,4001496.49,20007482.45
44380,102,295,5559,5972,20230825,5119,4,4001496.49,16005985.96
44381,1599,4689,5907,5979,20230512,5066,3,4314253.11,12942759.33
44382,884,2643,5527,5979,20230616,5084,2,4314253.11,8628506.22
44383,1628,4785,5839,5979,20231215,5175,1,4314253.11,4314253.11
44384,1232,3652,5950,5979,20230703,5092,3,4314253.11,12942759.33
44385,1916,5648,5473,5979,20230630,5091,4,4314253.11,17257012.44
44386,472,1379,5618,5979,20230619,5085,1,4314253.11,4314253.11
44387,917,2743,5089,5979,20240824,5301,4,4314253.11,17257012.44
44388,1826,5379,5349,5454,20231130,5167,4,1970582.05,7882328.2
44389,660,1977,5476,5454,20230813,5113,5,1970582.05,9852910.25
44390,748,2239,5177,5454,20230108,5004,1,1970582.05,1970582.05
44391,98,288,5009,5454,20240425,5241,4,1970582.05,7882328.2
44392,533,1569,5106,5456,20230511,5066,1,29039.71,29039.71
44393,1094,3247,5513,5456,20240702,5275,4,29039.71,116158.84
44394,770,2308,5230,5456,20240321,5223,3,29039.71,87119.13
44395,1474,4330,5709,5456,20240625,5271,1,29039.71,29039.71
44396,1108,3288,5352,5456,20241001,5692,3,29039.71,87119.13
44397,1648,4850,5352,5456,20241122,5718,3,29039.71,87119.13
44398,85,244,5221,5456,20240331,5228,3,29039.71,87119.13
44399,1566,4592,5498,5456,20230925,5134,1,29039.71,29039.71
44400,1716,5029,5807,5456,20230325,5042,3,29039.71,87119.13
44401,1490,4384,5315,5456,20230311,5035,2,29039.71,58079.42
44402,816,2446,5876,5471,20241221,5733,2,437679.49,875358.98
44403,1663,4887,5615,5471,20240425,5241,3,437679.49,1313038.47
44404,1894,5587,5039,5471,20230729,5105,2,437679.49,875358.98
44405,1736,5090,5232,5471,20240608,5263,1,437679.49,437679.49
44406,15,44,5402,5473,20240707,5277,5,4853820.63,24269103.15
44407,1300,3830,5086,5473,20241024,5704,5,4853820.63,24269103.15
44408,1889,5570,5461,5473,20230508,5064,1,4853820.63,4853820.63
44409,426,1240,5774,5473,20240124,5195,4,4853820.63,19415282.52
44410,1197,3548,5157,5473,20241003,5693,3,4853820.63,14561461.89
44411,218,604,5551,5473,20231119,5162,3,4853820.63,14561461.89
44412,460,1339,5936,5473,20230520,5070,3,4853820.63,14561461.89
44413,728,2177,5645,5473,20230115,5008,4,4853820.63,19415282.52
44414,1316,3864,5540,5473,20241222,5733,1,4853820.63,4853820.63
44415,844,2519,5369,5488,20240623,5270,2,1605549.95,3211099.9
44416,1137,3370,5151,5488,20231102,5153,4,1605549.95,6422199.8
44417,1361,3981,5741,5488,20230615,5083,2,1605549.95,3211099.9
44418,756,2267,5624,5488,20230704,5093,4,1605549.95,6422199.8
44419,831,2489,5631,5488,20240110,5188,4,1605549.95,6422199.8
44420,741,2210,5711,5488,20240301,5213,4,1605549.95,6422199.8
44421,1468,4307,5321,5488,20240525,5256,1,1605549.95,1605549.95
44422,752,2255,5496,5488,20230527,5074,1,1605549.95,1605549.95
44423,1486,4374,5050,5488,20240826,5302,2,1605549.95,3211099.9
44424,449,1307,5983,5490,20230112,5006,1,2764750.42,2764750.42
44425,1200,3557,5327,5490,20240215,5206,3,2764750.42,8294251.26
44426,71,196,5106,5490,20230620,5086,1,2764750.42,2764750.42
44427,455,1322,5212,5490,20240805,5292,5,2764750.42,13823752.1
44428,294,844,5709,5503,20240929,5691,3,3455663.63,10366990.89
44429,861,2577,5658,5503,20230826,5119,5,3455663.63,17278318.15
44430,688,2065,5184,5503,20241017,5700,4,3455663.63,13822654.52
44431,1381,4044,5824,5503,20240530,5258,4,3455663.63,13822654.52
44432,357,1020,5773,5503,20241118,5716,4,3455663.63,13822654.52
44433,481,1406,5342,5503,20230726,5104,3,3455663.63,10366990.89
44434,14,42,5377,5503,20240622,5270,3,3455663.63,10366990.89
44435,1887,5562,5457,5505,20241222,5733,5,4486186.5,22430932.5
44436,22,63,5880,5505,20240106,5186,2,4486186.5,8972373.0
44437,1946,5743,5751,5505,20240130,5198,1,4486186.5,4486186.5
44438,1423,4159,5299,5505,20231030,5152,3,4486186.5,13458559.5
44439,739,2203,5065,5505,20230627,5089,2,4486186.5,8972373.0
44440,1156,3433,5129,5520,20230910,5127,3,876949.41,2630848.23
44441,1232,3649,5950,5520,20230703,5092,3,876949.41,2630848.23
44442,685,2054,5793,5520,20240808,5293,4,876949.41,3507797.64
44443,935,2790,5157,5522,20230703,5092,4,175024.51,700098.04
44444,887,2652,5936,5522,20240414,5235,4,175024.51,700098.04
44445,1346,3939,5229,5522,20240206,5201,5,175024.51,875122.55
44446,1715,5027,5742,5522,20240515,5251,4,175024.51,700098.04
44447,511,1499,5030,5522,20230221,5026,2,175024.51,350049.02
44448,1288,3801,5981,5522,20240112,5189,5,175024.51,875122.55
44449,1045,3107,5674,5522,20230409,5050,2,175024.51,350049.02
44450,757,2271,5844,5537,20230401,5046,4,4324503.35,17298013.4
44451,262,745,5375,5537,20231211,5173,1,4324503.35,4324503.35
44452,1447,4233,5192,5537,20230218,5025,5,4324503.35,21622516.75
44453,1933,5703,5935,5537,20240425,5241,1,4324503.35,4324503.35
44454,846,2524,5350,5537,20240629,5273,3,4324503.35,12973510.05
44455,1735,5085,5364,5537,20240820,5299,2,4324503.35,8649006.7
44456,685,2055,5793,5537,20240808,5293,1,4324503.35,4324503.35
44457,503,1476,5414,5539,20240929,5691,4,3240384.06,12961536.24
44458,472,1376,5618,5539,20230619,5085,5,3240384.06,16201920.3
44459,1481,4358,5933,5539,20230211,5021,5,3240384.06,16201920.3
44460,1574,4618,5778,5539,20241214,5729,2,3240384.06,6480768.12
44461,223,623,5177,5554,20240120,5193,5,949916.81,4749584.05
44462,252,712,5056,5554,20241009,5696,4,949916.81,3799667.24
44463,1762,5170,5737,5554,20240719,5283,1,949916.81,949916.81
44464,1117,3316,5261,5554,20240618,5268,4,949916.81,3799667.24
44465,618,1843,5869,5554,20240601,5259,3,949916.81,2849750.43
44466,1802,5312,5190,5554,20240910,5310,1,949916.81,949916.81
44467,80,227,5427,5554,20230510,5065,1,949916.81,949916.81
44468,401,1165,5149,5556,20230705,5093,1,3306046.32,3306046.32
44469,775,2326,5145,5556,20230429,5060,2,3306046.32,6612092.64
44470,474,1383,5720,5556,20230430,5060,5,3306046.32,16530231.6
44471,456,1326,5975,5556,20230130,5015,2,3306046.32,6612092.64
44472,686,2060,5147,5556,20240401,5229,3,3306046.32,9918138.96
44473,1314,3861,5047,5571,20230706,5094,4,3275628.88,13102515.52
44474,1825,5378,5404,5571,20230320,5040,5,3275628.88,16378144.4
44475,1199,3555,5051,5571,20230926,5135,5,3275628.88,16378144.4
44476,1931,5696,5074,5571,20240912,5311,2,3275628.88,6551257.76
44477,309,884,5400,5571,20230710,5096,4,3275628.88,13102515.52
44478,1088,3226,5232,5571,20241122,5718,2,3275628.88,6551257.76
44479,314,897,5243,5571,20230610,5081,2,3275628.88,6551257.76
44480,565,1679,5624,5990,20240819,5299,5,68107.89,340539.45
44481,834,2496,5572,5990,20241222,5733,2,68107.89,136215.78
44482,1914,5644,5945,5990,20240423,5240,5,68107.89,340539.45
44483,457,1330,5173,5990,20231205,5170,3,68107.89,204323.67
44484,1155,3430,5697,5990,20240309,5217,4,68107.89,272431.56
44485,17,48,5356,5990,20241203,5724,4,68107.89,272431.56
44486,53,151,5387,5990,20241120,5717,5,68107.89,340539.45
44487,1627,4778,5210,5990,20240429,5243,2,68107.89,136215.78
44488,359,1025,5389,5990,20240325,5225,3,68107.89,204323.67
44489,1467,4304,5596,5990,20240209,5203,1,68107.89,68107.89
44490,806,2414,5749,5990,20230211,5021,5,68107.89,340539.45
44491,1235,3665,5725,5997,20230402,5046,4,2022352.2,8089408.8
44492,1077,3195,5118,5997,20241205,5725,1,2022352.2,2022352.2
44493,1530,4494,5546,5997,20240204,5200,1,2022352.2,2022352.2
44494,849,2533,5083,5461,20240413,5235,2,4220407.68,8440815.36
44495,1054,3136,5034,5461,20240415,5236,5,4220407.68,21102038.4
44496,1328,3896,5631,5461,20240513,5250,5,4220407.68,21102038.4
44497,1042,3098,5617,5461,20230703,5092,3,4220407.68,12661223.04
44498,373,1070,5134,5462,20240326,5226,2,3926534.1,7853068.2
44499,547,1618,5854,5462,20241229,5737,5,3926534.1,19632670.5
44500,1549,4549,5438,5462,20230622,5087,5,3926534.1,19632670.5
44501,718,2147,5898,5462,20230213,5022,4,3926534.1,15706136.4
44502,400,1161,5639,5462,20240401,5229,4,3926534.1,15706136.4
44503,1568,4600,5211,5462,20230804,5108,4,3926534.1,15706136.4
44504,999,2969,5887,5462,20240704,5276,4,3926534.1,15706136.4
44505,1537,4515,5063,5465,20230428,5059,4,932557.29,3730229.16
44506,825,2471,5443,5465,20231004,5139,3,932557.29,2797671.87
44507,1731,5073,5561,5465,20240119,5192,1,932557.29,932557.29
44508,1223,3624,5228,5465,20230302,5031,4,932557.29,3730229.16
44509,686,2061,5147,5465,20240401,5229,5,932557.29,4662786.45
44510,1427,4173,5623,5479,20231014,5144,5,1980073.78,9900368.9
44511,1762,5173,5737,5479,20240719,5283,5,1980073.78,9900368.9
44512,1276,3772,5759,5479,20231127,5166,5,1980073.78,9900368.9
44513,1443,4220,5405,5479,20231108,5156,2,1980073.78,3960147.56
44514,599,1780,5364,5479,20240623,5270,5,1980073.78,9900368.9
44515,399,1159,5745,5479,20231112,5158,2,1980073.78,3960147.56
44516,601,1791,5470,5480,20240916,5313,2,2515486.34,5030972.68
44517,1551,4551,5830,5480,20230212,5022,3,2515486.34,7546459.02
44518,1921,5660,5339,5480,20230621,5086,1,2515486.34,2515486.34
44519,1194,3538,5448,5480,20240122,5194,1,2515486.34,2515486.34
44520,761,2280,5258,5480,20230408,5049,2,2515486.34,5030972.68
44521,712,2137,5388,5497,20240830,5304,1,4390688.88,4390688.88
44522,1574,4617,5778,5497,20241214,5729,4,4390688.88,17562755.52
44523,1779,5235,5642,5497,20231205,5170,4,4390688.88,17562755.52
44524,1944,5732,5703,5497,20240515,5251,5,4390688.88,21953444.4
44525,1255,3711,5118,5497,20230406,5048,2,4390688.88,8781377.76
44526,1630,4793,5792,5497,20230831,5122,5,4390688.88,21953444.4
44527,1152,3421,5390,5497,20240826,5302,3,4390688.88,13172066.64
44528,1937,5714,5281,5497,20240209,5203,2,4390688.88,8781377.76
44529,751,2249,5988,5498,20240502,5244,5,1921386.93,9606934.65
44530,260,738,5803,5498,20240318,5222,3,1921386.93,5764160.79
44531,1566,4593,5498,5498,20230925,5134,5,1921386.93,9606934.65
44532,1741,5102,5490,5498,20240328,5227,5,1921386.93,9606934.65
44533,136,373,5286,5498,20230802,5107,1,1921386.93,1921386.93
44534,1210,3589,5742,5498,20230809,5111,2,1921386.93,3842773.86
44535,1495,4399,5649,5512,20230522,5071,2,1354405.71,2708811.42
44536,1246,3692,5970,5512,20240326,5226,2,1354405.71,2708811.42
44537,34,102,5926,5512,20240126,5196,2,1354405.71,2708811.42
44538,209,583,5762,5515,20240725,5286,2,4568029.7,9136059.4
44539,1499,4412,5307,5515,20241001,5692,5,4568029.7,22840148.5
44540,889,2655,5660,5515,20240603,5260,3,4568029.7,13704089.1
44541,212,591,5133,5515,20241112,5713,2,4568029.7,9136059.4
44542,1448,4237,5524,5515,20230508,5064,2,4568029.7,9136059.4
44543,568,1688,5220,5515,20240114,5190,4,4568029.7,18272118.8
44544,582,1730,5736,5515,20230117,5009,1,4568029.7,4568029.7
44545,801,2400,5472,5515,20240314,5220,4,4568029.7,18272118.8
44546,1721,5044,5727,5515,20230703,5092,1,4568029.7,4568029.7
44547,1084,3209,5274,5529,20230123,5012,4,2938532.44,11754129.76
44548,1215,3606,5266,5529,20240406,5231,5,2938532.44,14692662.2
44549,1157,3436,5374,5529,20230529,5075,3,2938532.44,8815597.32
44550,1981,5835,5118,5529,20241001,5692,3,2938532.44,8815597.32
44551,1756,5150,5773,5529,20240220,5208,2,2938532.44,5877064.88
44552,377,1085,5362,5530,20240613,5265,3,1727802.53,5183407.59
44553,1424,4163,5123,5530,20241128,5721,2,1727802.53,3455605.06
44554,1713,5020,5869,5530,20231014,5144,4,1727802.53,6911210.12
44555,72,199,5188,5530,20230408,5049,4,1727802.53,6911210.12
44556,1318,3872,5636,5530,20241117,5716,4,1727802.53,6911210.12
44557,414,1201,5666,5530,20230601,5076,3,1727802.53,5183407.59
44558,1437,4204,5995,5530,20240707,5277,4,1727802.53,6911210.12
44559,180,502,5782,5530,20240620,5269,2,1727802.53,3455605.06
44560,500,1466,5498,5547,20240327,5226,5,2562453.45,12812267.25
44561,1703,4991,5898,5547,20240320,5223,4,2562453.45,10249813.8
44562,544,1608,5708,5547,20231217,5176,4,2562453.45,10249813.8
44563,570,1696,5113,5547,20240727,5287,5,2562453.45,12812267.25
44564,258,734,5587,5547,20240401,5229,4,2562453.45,10249813.8
44565,376,1081,5704,5548,20240919,5314,1,2811671.02,2811671.02
44566,87,251,5355,5548,20240828,5303,2,2811671.02,5623342.04
44567,1766,5187,5991,5548,20241215,5730,3,2811671.02,8435013.06
44568,1823,5375,5309,5548,20230811,5112,4,2811671.02,11246684.08
44569,1940,5718,5282,5548,20230209,5020,1,2811671.02,2811671.02
44570,1135,3366,5878,5548,20230121,5011,3,2811671.02,8435013.06
44571,1668,4900,5320,5548,20240726,5287,1,2811671.02,2811671.02
44572,1485,4373,5800,5548,20230527,5074,2,2811671.02,5623342.04
44573,699,2096,5057,5562,20231107,5156,5,1722403.58,8612017.9
44574,1065,3167,5629,5562,20240828,5303,1,1722403.58,1722403.58
44575,1297,3825,5700,5562,20230818,5115,1,1722403.58,1722403.58
44576,1246,3696,5970,5562,20240326,5226,1,1722403.58,1722403.58
44577,342,967,5932,5562,20241014,5699,2,1722403.58,3444807.16
44578,409,1192,5082,5562,20240224,5210,2,1722403.58,3444807.16
44579,955,2855,5549,5562,20230621,5086,1,1722403.58,1722403.58
44580,162,448,5254,5562,20241206,5725,1,1722403.58,1722403.58
44581,1794,5287,5952,5562,20240614,5266,2,1722403.58,3444807.16
44582,225,631,5211,5562,20240408,5232,1,1722403.58,1722403.58
44583,740,2205,5921,5565,20230504,5062,3,2541501.13,7624503.39
44584,1630,4794,5792,5565,20230831,5122,5,2541501.13,12707505.65
44585,1366,3994,5367,5565,20240908,5309,5,2541501.13,12707505.65
44586,681,2042,5626,5582,20240317,5221,2,1719922.73,3439845.46
44587,706,2118,5710,5582,20230715,5098,1,1719922.73,1719922.73
44588,1513,4452,5803,5595,20230120,5010,2,2673575.19,5347150.38
44589,1984,5844,5066,5595,20230508,5064,3,2673575.19,8020725.57
44590,1727,5060,5881,5595,20230727,5104,5,2673575.19,13367875.95
44591,1745,5115,5802,5595,20241021,5702,5,2673575.19,13367875.95
44592,1469,4311,5747,5595,20240326,5226,2,2673575.19,5347150.38
44593,1821,5370,5517,5595,20241005,5694,5,2673575.19,13367875.95
44594,611,1827,5765,5596,20230206,5019,5,4750842.39,23754211.95
44595,1059,3149,5689,5596,20230423,5057,5,4750842.39,23754211.95
44596,1941,5724,5975,5596,20240802,5290,1,4750842.39,4750842.39
44597,1881,5544,5869,5596,20241205,5725,1,4750842.39,4750842.39
44598,501,1468,5499,5613,20230602,5077,1,2952567.25,2952567.25
44599,11,36,5505,5613,20230707,5094,4,2952567.25,11810269.0
44600,86,249,5958,5614,20241215,5730,2,624578.29,1249156.58
44601,429,1244,5225,5614,20230505,5063,3,624578.29,1873734.87
44602,488,1422,5739,5614,20230516,5068,4,624578.29,2498313.16
44603,1207,3582,5762,5614,20230930,5137,4,624578.29,2498313.16
44604,954,2854,5768,5943,20230407,5049,1,3892014.99,3892014.99
44605,1830,5391,5278,5943,20241212,5728,2,3892014.99,7784029.98
44606,1064,3162,5394,5943,20240205,5201,4,3892014.99,15568059.96
44607,366,1049,5421,5943,20241222,5733,3,3892014.99,11676044.97
44608,549,1625,5552,5944,20240902,5306,1,1796029.96,1796029.96
44609,183,512,5114,5944,20241018,5701,1,1796029.96,1796029.96
44610,1366,3996,5367,5944,20240908,5309,2,1796029.96,3592059.92
44611,925,2767,5981,5944,20240804,5291,2,1796029.96,3592059.92
44612,663,1989,5144,5944,20240831,5305,5,1796029.96,8980149.8
44613,731,2185,5066,5957,20230624,5088,3,508046.49,1524139.47
44614,1575,4621,5084,5957,20240207,5202,1,508046.49,508046.49
44615,219,608,5780,5957,20240116,5191,3,508046.49,1524139.47
44616,1249,3700,5720,5957,20230924,5134,2,508046.49,1016092.98
44617,562,1668,5525,5957,20230730,5106,3,508046.49,1524139.47
44618,242,682,5954,5957,20231129,5167,2,508046.49,1016092.98
44619,1860,5486,5313,5957,20230621,5086,2,508046.49,1016092.98
44620,1092,3238,5396,5957,20240322,5224,5,508046.49,2540232.45
44621,399,1157,5745,5957,20231112,5158,4,508046.49,2032185.96
44622,1216,3608,5357,5957,20240819,5299,4,508046.49,2032185.96
44623,1465,4295,5300,5957,20241124,5719,1,508046.49,508046.49
44624,1110,3297,5718,5958,20230120,5010,5,4371960.84,21859804.2
44625,1598,4686,5600,5958,20230629,5090,3,4371960.84,13115882.52
44626,889,2656,5660,5958,20240603,5260,3,4371960.84,13115882.52
44627,1329,3898,5705,5958,20240923,5316,5,4371960.84,21859804.2
44628,1382,4051,5328,5958,20230307,5033,3,4371960.84,13115882.52
44629,90,266,5434,5958,20241017,5700,4,4371960.84,17487843.36
44630,675,2024,5483,5975,20231207,5171,3,527528.4,1582585.2
44631,325,928,5315,5975,20241002,5693,5,527528.4,2637642.0
44632,1581,4637,5857,5975,20240201,5199,4,527528.4,2110113.6
44633,12,39,5766,5975,20240212,5204,1,527528.4,527528.4
44634,1640,4817,5054,5975,20230227,5029,5,527528.4,2637642.0
44635,71,195,5106,5975,20230620,5086,1,527528.4,527528.4
44636,705,2114,5674,5975,20230210,5021,3,527528.4,1582585.2
44637,1554,4559,5498,5975,20230303,5031,5,527528.4,2637642.0
44638,1098,3258,5098,5975,20230405,5048,2,527528.4,1055056.8
44639,223,624,5177,5975,20240120,5193,3,527528.4,1582585.2
44640,774,2324,5415,5975,20230130,5015,3,527528.4,1582585.2
44641,554,1646,5394,5975,20240124,5195,3,527528.4,1582585.2
44642,1236,3666,5922,5975,20240627,5272,5,527528.4,2637642.0
44643,247,695,5244,5976,20230227,5029,2,4013301.27,8026602.54
44644,79,222,5639,5976,20231018,5146,4,4013301.27,16053205.08
44645,1845,5431,5339,5976,20231007,5140,5,4013301.27,20066506.35
44646,87,253,5355,5976,20240828,5303,1,4013301.27,4013301.27
44647,1552,4556,5515,5976,20240420,5238,2,4013301.27,8026602.54
44648,235,657,5359,5976,20230407,5049,4,4013301.27,16053205.08
44649,1681,4929,5365,5976,20241210,5727,2,4013301.27,8026602.54
44650,1011,3010,5116,5976,20230211,5021,3,4013301.27,12039903.81
44651,1549,4548,5438,5993,20230622,5087,4,383577.56,1534310.24
44652,3,12,5852,5993,20230823,5118,3,383577.56,1150732.68
44653,1314,3860,5047,5993,20230706,5094,3,383577.56,1150732.68
44654,1984,5845,5066,5993,20230508,5064,4,383577.56,1534310.24
44655,1696,4970,5022,5993,20230926,5135,1,383577.56,383577.56
44656,88,256,5127,5994,20241008,5696,1,1609962.74,1609962.74
44657,1730,5069,5937,5994,20240122,5194,5,1609962.74,8049813.7
44658,964,2881,5626,5994,20230712,5097,4,1609962.74,6439850.96
44659,706,2119,5710,5994,20230715,5098,1,1609962.74,1609962.74
44660,1697,4972,5276,5994,20241124,5719,5,1609962.74,8049813.7
44661,1015,3025,5516,5994,20240721,5284,4,1609962.74,6439850.96
44662,1964,5790,5112,5318,20240226,5211,3,4863070.59,14589211.77
44663,1477,4341,5172,5318,20240726,5287,1,4863070.59,4863070.59
44664,1254,3710,5245,5318,20230601,5076,1,4863070.59,4863070.59
44665,1458,4267,5974,5341,20240612,5265,4,4133669.57,16534678.28
44666,340,962,5213,5341,20231123,5164,3,4133669.57,12401008.71
44667,403,1171,5013,5341,20240929,5691,5,4133669.57,20668347.85
44668,939,2807,5761,5341,20230310,5035,2,4133669.57,8267339.14
44669,696,2086,5901,5341,20241206,5725,2,4133669.57,8267339.14
44670,1296,3823,5690,5343,20231216,5175,1,750135.75,750135.75
44671,353,1007,5944,5343,20240430,5243,1,750135.75,750135.75
44672,1996,5882,5834,5343,20231218,5176,2,750135.75,1500271.5
44673,142,399,5882,5343,20240105,5185,2,750135.75,1500271.5
44674,1714,5023,5136,5343,20240604,5261,2,750135.75,1500271.5
44675,244,689,5655,5343,20230408,5049,5,750135.75,3750678.75
44676,846,2526,5350,5343,20240629,5273,4,750135.75,3000543.0
44677,1461,4279,5095,5343,20240226,5211,5,750135.75,3750678.75
44678,1790,5273,5509,5343,20230313,5036,4,750135.75,3000543.0
44679,847,2528,5817,5343,20240927,5690,2,750135.75,1500271.5
44680,1139,3378,5294,5350,20241104,5709,2,4021444.8,8042889.6
44681,335,950,5184,5350,20230529,5075,2,4021444.8,8042889.6
44682,1829,5389,5652,5350,20230128,5014,5,4021444.8,20107224.0
44683,627,1866,5880,5350,20230705,5093,2,4021444.8,8042889.6
44684,817,2448,5025,5350,20240807,5293,4,4021444.8,16085779.2
44685,735,2194,5551,5350,20231212,5173,2,4021444.8,8042889.6
44686,699,2100,5057,5352,20231107,5156,2,4153557.94,8307115.88
44687,1506,4437,5657,5352,20241022,5703,3,4153557.94,12460673.82
44688,857,2558,5243,5352,20230516,5068,2,4153557.94,8307115.88
44689,1556,4563,5247,5352,20241127,5721,2,4153557.94,8307115.88
44690,1060,3152,5699,5352,20240517,5252,2,4153557.94,8307115.88
44691,1345,3933,5581,5352,20230726,5104,5,4153557.94,20767789.7
44692,1410,4130,5819,5352,20230822,5117,3,4153557.94,12460673.82
44693,1714,5024,5136,5352,20240604,5261,1,4153557.94,4153557.94
44694,605,1806,5625,5352,20240816,5297,1,4153557.94,4153557.94
44695,154,430,5182,5352,20240925,5689,3,4153557.94,12460673.82
44696,375,1079,5520,5375,20230620,5086,1,3157464.4,3157464.4
44697,508,1487,5073,5377,20230908,5126,1,2403625.35,2403625.35
44698,1498,4411,5817,5377,20231130,5167,2,2403625.35,4807250.7
44699,1413,4134,5195,5377,20240612,5265,1,2403625.35,2403625.35
44700,727,2175,5910,5377,20241219,5732,2,2403625.35,4807250.7
44701,1204,3567,5789,5382,20240622,5270,4,302370.24,1209480.96
44702,1686,4940,5254,5382,20230111,5006,3,302370.24,907110.72
44703,83,235,5366,5382,20231130,5167,5,302370.24,1511851.2
44704,1251,3704,5340,5384,20240521,5254,3,4870159.51,14610478.53
44705,1771,5205,5827,5384,20230110,5005,2,4870159.51,9740319.02
44706,1103,3273,5841,5384,20230320,5040,4,4870159.51,19480638.04
44707,367,1052,5355,5384,20230422,5056,3,4870159.51,14610478.53
44708,37,106,5143,5384,20240526,5256,2,4870159.51,9740319.02
44709,1545,4539,5579,5384,20230509,5065,3,4870159.51,14610478.53
44710,1746,5116,5101,5407,20231011,5142,3,4803188.16,14409564.48
44711,187,524,5110,5407,20230202,5017,1,4803188.16,4803188.16
44712,357,1017,5773,5407,20241118,5716,3,4803188.16,14409564.48
44713,557,1656,5827,5407,20240817,5298,2,4803188.16,9606376.32
44714,957,2862,5099,5409,20241202,5723,2,2934223.15,5868446.3
44715,1848,5443,5854,5409,20240328,5227,2,2934223.15,5868446.3
44716,1175,3493,5406,5409,20230614,5083,1,2934223.15,2934223.15
44717,1701,4982,5192,5409,20240117,5191,4,2934223.15,11736892.6
44718,415,1203,5925,5409,20231224,5179,3,2934223.15,8802669.45
44719,1200,3560,5327,5416,20240215,5206,1,1898136.7,1898136.7
44720,264,752,5088,5416,20240213,5205,2,1898136.7,3796273.4
44721,1870,5517,5068,5416,20240414,5235,5,1898136.7,9490683.5
44722,910,2728,5013,5416,20240131,5198,3,1898136.7,5694410.1
44723,795,2374,5156,5416,20241015,5699,4,1898136.7,7592546.8
44724,1826,5380,5349,5416,20231130,5167,3,1898136.7,5694410.1
44725,6,21,5626,5418,20230322,5041,2,4744452.64,9488905.28
44726,1696,4968,5022,5418,20230926,5135,2,4744452.64,9488905.28
44727,1864,5500,5292,5418,20230801,5107,5,4744452.64,23722263.2
44728,871,2610,5249,5418,20230218,5025,3,4744452.64,14233357.92
44729,1212,3595,5809,5418,20230704,5093,4,4744452.64,18977810.56
44730,903,2711,5867,5418,20230327,5043,3,4744452.64,14233357.92
44731,471,1374,5860,5418,20241003,5693,3,4744452.64,14233357.92
44732,1401,4097,5866,5418,20230522,5071,2,4744452.64,9488905.28
44733,636,1893,5948,5418,20230429,5060,3,4744452.64,14233357.92
44734,752,2252,5496,5441,20230527,5074,1,1313027.27,1313027.27
44735,975,2905,5908,5441,20230502,5061,5,1313027.27,6565136.35
44736,1995,5877,5696,5441,20231211,5173,4,1313027.27,5252109.08
44737,1820,5365,5132,5441,20230611,5081,4,1313027.27,5252109.08
44738,1085,3214,5549,5441,20240807,5293,3,1313027.27,3939081.81
44739,1720,5039,5363,5443,20240525,5256,5,4440777.03,22203885.15
44740,1945,5737,5664,5443,20240113,5189,5,4440777.03,22203885.15
44741,1632,4799,5345,5443,20230408,5049,4,4440777.03,17763108.12
44742,21,58,5552,5443,20240817,5298,1,4440777.03,4440777.03
44743,1882,5548,5070,5450,20241113,5714,3,1662161.95,4986485.85
44744,793,2369,5444,5450,20230625,5088,1,1662161.95,1662161.95
44745,663,1987,5144,5450,20240831,5305,4,1662161.95,6648647.8
44746,102,292,5559,5450,20230825,5119,3,1662161.95,4986485.85
44747,245,691,5746,5452,20231104,5154,2,3306383.48,6612766.96
44748,1896,5592,5914,5452,20240330,5228,4,3306383.48,13225533.92
44749,1482,4360,5531,5452,20230501,5061,4,3306383.48,13225533.92
44750,950,2842,5515,5452,20231231,5183,5,3306383.48,16531917.4
44751,1269,3755,5352,5452,20241225,5735,4,3306383.48,13225533.92
44752,698,2091,5696,5452,20240103,5184,5,3306383.48,16531917.4
44753,1149,3412,5956,5475,20230528,5074,5,4093842.02,20469210.1
44754,146,412,5596,5532,20230621,5086,3,1432496.19,4297488.57
44755,1028,3059,5740,5532,20230827,5120,2,1432496.19,2864992.38
44756,912,2731,5124,5532,20231112,5158,4,1432496.19,5729984.76
44757,855,2552,5519,5534,20241004,5694,1,4286984.83,4286984.83
44758,1098,3256,5098,5534,20230405,5048,2,4286984.83,8573969.66
44759,1148,3408,6000,5534,20230830,5121,3,4286984.83,12860954.49
44760,90,265,5434,5534,20241017,5700,1,4286984.83,4286984.83
44761,186,518,5123,5536,20230513,5067,2,3261420.79,6522841.58
44762,1404,4110,5512,5536,20240430,5243,2,3261420.79,6522841.58
44763,1493,4393,5374,5536,20231212,5173,1,3261420.79,3261420.79
44764,409,1188,5082,5536,20240224,5210,4,3261420.79,13045683.16
44765,444,1288,5813,5536,20240421,5239,1,3261420.79,3261420.79
44766,1874,5523,5399,5536,20231105,5155,2,3261420.79,6522841.58
44767,1681,4930,5365,5536,20241210,5727,1,3261420.79,3261420.79
44768,1587,4660,5638,5536,20230403,5047,3,3261420.79,9784262.37
44769,1136,3367,5614,5536,20230327,5043,3,3261420.79,9784262.37
44770,198,557,5839,5536,20240725,5286,4,3261420.79,13045683.16
44771,684,2053,5073,5536,20230205,5018,1,3261420.79,3261420.79
44772,1501,4420,5441,5559,20240209,5203,5,4535488.7,22677443.5
44773,677,2028,5179,5559,20230313,5036,2,4535488.7,9070977.4
44774,1405,4112,5088,5559,20240601,5259,2,4535488.7,9070977.4
44775,1994,5875,5327,5559,20231212,5173,5,4535488.7,22677443.5
44776,836,2501,5440,5561,20231209,5172,4,2919288.28,11677153.12
44777,141,393,5980,5561,20241015,5699,2,2919288.28,5838576.56
44778,1325,3887,5376,5561,20230625,5088,1,2919288.28,2919288.28
44779,1259,3724,5994,5561,20241110,5712,3,2919288.28,8757864.84
44780,24,67,5494,5561,20230927,5135,4,2919288.28,11677153.12
44781,941,2813,5118,5561,20240802,5290,2,2919288.28,5838576.56
44782,1257,3719,5840,5561,20230622,5087,3,2919288.28,8757864.84
44783,1971,5807,5514,5561,20240302,5214,2,2919288.28,5838576.56
44784,845,2520,5692,5566,20241227,5736,1,4204787.09,4204787.09
44785,222,620,5996,5566,20240730,5289,5,4204787.09,21023935.45
44786,789,2356,5033,5566,20231210,5172,5,4204787.09,21023935.45
44787,1564,4586,5134,5566,20240531,5259,5,4204787.09,21023935.45
44788,28,83,5261,5566,20241218,5731,4,4204787.09,16819148.36
44789,512,1503,5109,5566,20240427,5242,2,4204787.09,8409574.18
44790,1944,5734,5703,5566,20240515,5251,5,4204787.09,21023935.45
44791,1783,5247,5374,5566,20240131,5198,3,4204787.09,12614361.27
44792,385,1110,5475,5568,20240410,5233,5,648441.26,3242206.3
44793,1189,3526,5485,5568,20240504,5245,4,648441.26,2593765.04
44794,669,2004,5520,5568,20230708,5095,4,648441.26,2593765.04
44795,536,1580,5360,5568,20231106,5155,3,648441.26,1945323.78
44796,1133,3359,5657,5568,20240717,5282,1,648441.26,648441.26
44797,451,1309,5526,5568,20230311,5035,5,648441.26,3242206.3
44798,1628,4784,5839,5591,20231215,5175,2,655735.73,1311471.46
44799,344,976,5778,5591,20230709,5095,1,655735.73,655735.73
44800,1812,5341,5715,5591,20240412,5234,3,655735.73,1967207.19
44801,1722,5046,5709,5593,20240118,5192,4,2150836.99,8603347.96
44802,571,1698,5459,5593,20231016,5145,5,2150836.99,10754184.95
44803,1448,4235,5524,5593,20230508,5064,1,2150836.99,2150836.99
44804,796,2377,5222,5593,20230624,5088,3,2150836.99,6452510.97
44805,615,1837,5517,5593,20230222,5027,2,2150836.99,4301673.98
44806,1568,4598,5211,5593,20230804,5108,1,2150836.99,2150836.99
44807,1088,3227,5232,5600,20241122,5718,1,1139065.9,1139065.9
44808,1598,4685,5600,5600,20230629,5090,2,1139065.9,2278131.8
44809,96,284,5832,5602,20230101,5001,2,1923916.88,3847833.76
44810,1893,5584,5272,5602,20230726,5104,3,1923916.88,5771750.64
44811,1926,5673,5607,5602,20230327,5043,2,1923916.88,3847833.76
44812,508,1489,5073,5602,20230908,5126,1,1923916.88,1923916.88
44813,1456,4256,5753,5602,20240122,5194,1,1923916.88,1923916.88
44814,903,2710,5867,5602,20230327,5043,2,1923916.88,3847833.76
44815,1553,4557,5001,5602,20241030,5707,1,1923916.88,1923916.88
44816,163,451,5149,5602,20230518,5069,4,1923916.88,7695667.52
44817,801,2398,5472,5602,20240314,5220,2,1923916.88,3847833.76
44818,852,2544,5711,5937,20231010,5142,4,3315790.0,13263160.0
44819,1282,3787,5510,5937,20240202,5199,5,3315790.0,16578950.0
44820,1899,5601,5830,5937,20240229,5213,2,3315790.0,6631580.0
44821,1459,4270,5101,5939,20240105,5185,1,2099940.5,2099940.5
44822,492,1436,5121,5939,20230215,5023,5,2099940.5,10499702.5
44823,1446,4231,5903,5939,20240603,5260,2,2099940.5,4199881.0
44824,1227,3643,5478,5939,20230216,5024,2,2099940.5,4199881.0
44825,1847,5440,5998,5939,20230205,5018,3,2099940.5,6299821.5
44826,1815,5350,5150,5939,20230913,5128,3,2099940.5,6299821.5
44827,173,481,5263,5939,20230927,5135,4,2099940.5,8399762.0
44828,1497,4408,5885,5946,20240404,5230,2,2745212.43,5490424.86
44829,1515,4460,5342,5946,20241223,5734,1,2745212.43,2745212.43
44830,1144,3394,5462,5946,20240523,5255,5,2745212.43,13726062.15
44831,1378,4035,5255,5946,20230218,5025,2,2745212.43,5490424.86
44832,1282,3789,5510,5946,20240202,5199,3,2745212.43,8235637.29
44833,395,1143,5577,5946,20230624,5088,4,2745212.43,10980849.72
44834,402,1168,5004,5946,20230515,5068,2,2745212.43,5490424.86
44835,1500,4414,5150,5946,20240201,5199,1,2745212.43,2745212.43
44836,131,358,5901,5948,20240126,5196,1,1659712.04,1659712.04
44837,1291,3809,5321,5948,20240730,5289,4,1659712.04,6638848.16
44838,1231,3647,5592,5948,20240726,5287,4,1659712.04,6638848.16
44839,313,894,5290,5948,20231208,5171,2,1659712.04,3319424.08
44840,1382,4048,5328,5948,20230307,5033,5,1659712.04,8298560.2
44841,760,2278,5430,5948,20230716,5099,3,1659712.04,4979136.12
44842,1660,4878,5770,5948,20240609,5263,5,1659712.04,8298560.2
44843,1872,5520,5045,5948,20240930,5692,3,1659712.04,4979136.12
44844,1890,5573,5632,5948,20240314,5220,2,1659712.04,3319424.08
44845,479,1402,5891,5948,20231106,5155,5,1659712.04,8298560.2
44846,192,534,5051,5404,20240827,5303,3,307184.25,921552.75
44847,441,1283,5457,5404,20230704,5093,4,307184.25,1228737.0
44848,1405,4114,5088,5404,20240601,5259,1,307184.25,307184.25
44849,620,1847,5500,5404,20240922,5316,2,307184.25,614368.5
44850,1908,5633,5205,5404,20240518,5252,1,307184.25,307184.25
44851,1887,5560,5457,5404,20241222,5733,3,307184.25,921552.75
44852,1768,5194,5271,5404,20240725,5286,5,307184.25,1535921.25
44853,1019,3034,5686,5404,20230114,5007,2,307184.25,614368.5
44854,1785,5252,5145,5406,20240407,5232,3,3874088.83,11622266.49
44855,851,2538,5945,5406,20230320,5040,5,3874088.83,19370444.15
44856,1985,5848,5597,5406,20231217,5176,4,3874088.83,15496355.32
44857,111,315,5826,5406,20241026,5705,2,3874088.83,7748177.66
44858,1337,3916,5972,5406,20241003,5693,1,3874088.83,3874088.83
44859,971,2899,5834,5406,20240107,5186,3,3874088.83,11622266.49
44860,112,318,5969,5406,20231003,5138,5,3874088.83,19370444.15
44861,27,82,5317,5406,20240310,5218,1,3874088.83,3874088.83
44862,877,2621,5043,5406,20230901,5122,4,3874088.83,15496355.32
44863,1969,5801,5100,5406,20240518,5252,1,3874088.83,3874088.83
44864,31,93,5831,5406,20240812,5295,5,3874088.83,19370444.15
44865,1669,4902,5890,5421,20231219,5177,5,4605980.7,23029903.5
44866,394,1141,5784,5421,20240125,5195,2,4605980.7,9211961.4
44867,1082,3206,5492,5421,20240611,5264,1,4605980.7,4605980.7
44868,1177,3499,5753,5421,20240908,5309,3,4605980.7,13817942.1
44869,1975,5819,5200,5421,20230706,5094,5,4605980.7,23029903.5
44870,1836,5409,5085,5421,20240417,5237,4,4605980.7,18423922.8
44871,181,504,5625,5421,20240718,5283,4,4605980.7,18423922.8
44872,293,842,5382,5423,20230922,5133,3,4684072.09,14052216.27
44873,990,2940,5093,5423,20231226,5180,1,4684072.09,4684072.09
44874,863,2584,5659,5423,20231218,5176,5,4684072.09,23420360.45
44875,463,1348,5853,5423,20240228,5212,2,4684072.09,9368144.18
44876,1877,5532,5551,5423,20230408,5049,4,4684072.09,18736288.36
44877,1989,5859,5806,5423,20230108,5004,2,4684072.09,9368144.18
44878,1618,4750,5704,5423,20230126,5013,5,4684072.09,23420360.45
44879,592,1760,5865,5436,20240814,5296,1,516128.51,516128.51
44880,1798,5295,5207,5436,20230312,5036,4,516128.51,2064514.04
44881,1425,4165,5160,5436,20231108,5156,1,516128.51,516128.51
44882,872,2614,5208,5436,20231019,5146,2,516128.51,1032257.02
44883,503,1474,5414,5438,20240929,5691,4,821655.99,3286623.96
44884,1224,3631,5159,5438,20230829,5121,3,821655.99,2464967.97
44885,643,1918,5692,5438,20240404,5230,1,821655.99,821655.99
44886,1093,3243,5858,5438,20241012,5698,3,821655.99,2464967.97
44887,992,2947,5248,5438,20240816,5297,5,821655.99,4108279.95
44888,333,943,5160,5438,20241223,5734,4,821655.99,3286623.96
44889,491,1435,5183,5440,20230105,5003,2,1481593.98,2963187.96
44890,5,19,5899,5440,20230609,5080,4,1481593.98,5926375.92
44891,943,2818,5270,5440,20240502,5244,4,1481593.98,5926375.92
44892,1029,3062,5781,5440,20240526,5256,1,1481593.98,1481593.98
44893,1804,5318,5501,5440,20240529,5258,1,1481593.98,1481593.98
44894,651,1946,5360,5453,20240821,5300,2,1195365.94,2390731.88
44895,1621,4759,5065,5453,20231204,5169,3,1195365.94,3586097.82
44896,1364,3989,5159,5453,20230813,5113,4,1195365.94,4781463.76
44897,1660,4879,5770,5453,20240609,5263,2,1195365.94,2390731.88
44898,859,2569,5517,5453,20241022,5703,3,1195365.94,3586097.82
44899,791,2364,5114,5455,20231015,5144,5,776413.77,3882068.85
44900,1709,5008,5970,5455,20240922,5316,3,776413.77,2329241.31
44901,1138,3375,5685,5455,20240221,5209,2,776413.77,1552827.54
44902,670,2010,5652,5470,20240423,5240,4,764142.07,3056568.28
44903,402,1166,5004,5470,20230515,5068,3,764142.07,2292426.21
44904,725,2168,5157,5470,20230120,5010,2,764142.07,1528284.14
44905,621,1851,5757,5470,20230921,5132,1,764142.07,764142.07
44906,745,2227,5625,5470,20230413,5052,3,764142.07,2292426.21
44907,541,1594,5831,5470,20231215,5175,5,764142.07,3820710.35
44908,160,442,5822,5470,20241022,5703,1,764142.07,764142.07
44909,1495,4401,5649,5470,20230522,5071,3,764142.07,2292426.21
44910,1001,2980,5263,5470,20240531,5259,4,764142.07,3056568.28
44911,447,1299,5246,5470,20230216,5024,3,764142.07,2292426.21
44912,622,1853,5955,5470,20230425,5058,2,764142.07,1528284.14
44913,802,2403,5591,5470,20231202,5168,5,764142.07,3820710.35
44914,608,1821,5585,5470,20240608,5263,5,764142.07,3820710.35
44915,1049,3120,5443,5472,20240531,5259,3,4042818.99,12128456.97
44916,1804,5316,5501,5472,20240529,5258,4,4042818.99,16171275.96
44917,191,532,5716,5472,20240622,5270,2,4042818.99,8085637.98
44918,1295,3821,5413,5472,20230406,5048,3,4042818.99,12128456.97
44919,1917,5649,5588,5472,20231107,5156,4,4042818.99,16171275.96
44920,1299,3828,5642,5472,20240522,5254,4,4042818.99,16171275.96
44921,1407,4122,5642,5472,20240229,5213,1,4042818.99,4042818.99
44922,1407,4123,5642,5487,20240229,5213,1,4172199.51,4172199.51
44923,438,1268,5627,5487,20231229,5182,5,4172199.51,20860997.55
44924,1563,4580,5623,5487,20240318,5222,1,4172199.51,4172199.51
44925,1476,4334,5195,5487,20230203,5017,2,4172199.51,8344399.02
44926,730,2183,5623,5487,20230410,5050,3,4172199.51,12516598.53
44927,762,2285,5115,5487,20240706,5277,2,4172199.51,8344399.02
44928,1868,5513,5542,5487,20240216,5206,5,4172199.51,20860997.55
44929,526,1545,5964,5487,20240108,5187,1,4172199.51,4172199.51
44930,139,384,5421,5487,20230213,5022,4,4172199.51,16688798.04
44931,802,2405,5591,5489,20231202,5168,3,444266.93,1332800.79
44932,1019,3037,5686,5489,20230114,5007,5,444266.93,2221334.65
44933,951,2845,5652,5489,20231026,5150,2,444266.93,888533.86
44934,1854,5468,5271,5489,20230726,5104,5,444266.93,2221334.65
44935,425,1233,5265,5489,20231103,5154,2,444266.93,888533.86
44936,209,585,5762,5504,20240725,5286,4,3731291.6,14925166.4
44937,1837,5414,5467,5504,20240715,5281,1,3731291.6,3731291.6
44938,79,225,5639,5971,20231018,5146,3,3452613.13,10357839.39
44939,526,1546,5964,5971,20240108,5187,5,3452613.13,17263065.65
44940,1010,3007,5737,5971,20231023,5148,2,3452613.13,6905226.26
44941,1613,4736,5049,5973,20230214,5023,1,574152.22,574152.22
44942,824,2466,5324,5973,20230203,5017,1,574152.22,574152.22
44943,1048,3115,5390,5973,20241108,5711,2,574152.22,1148304.44
44944,1582,4639,5904,5973,20241214,5729,5,574152.22,2870761.1
44945,490,1430,5895,5973,20241231,5738,4,574152.22,2296608.88
44946,1394,4078,5948,5973,20240603,5260,5,574152.22,2870761.1
44947,8,29,5268,5978,20230213,5022,1,3898029.83,3898029.83
44948,762,2287,5115,5978,20240706,5277,1,3898029.83,3898029.83
44949,1048,3116,5390,5978,20241108,5711,2,3898029.83,7796059.66
44950,41,117,5295,5978,20240804,5291,2,3898029.83,7796059.66
44951,1270,3759,5606,5978,20241005,5694,3,3898029.83,11694089.49
44952,1684,4935,5297,5980,20240120,5193,4,2420567.49,9682269.96
44953,170,469,5941,5980,20240905,5307,3,2420567.49,7261702.47
44954,1013,3016,5612,5980,20231018,5146,3,2420567.49,7261702.47
44955,1027,3056,5902,5980,20240901,5305,3,2420567.49,7261702.47
44956,1627,4779,5210,5980,20240429,5243,1,2420567.49,2420567.49
44957,1889,5569,5461,5980,20230508,5064,4,2420567.49,9682269.96
44958,1764,5179,5864,5980,20230329,5044,1,2420567.49,2420567.49
44959,534,1572,5552,5571,20240220,5208,1,3275628.88,3275628.88
44960,984,2928,5898,5573,20230302,5031,1,2108158.12,2108158.12
44961,1599,4690,5907,5573,20230512,5066,5,2108158.12,10540790.6
44962,677,2027,5179,5573,20230313,5036,2,2108158.12,4216316.24
44963,1644,4829,5011,5573,20240905,5307,5,2108158.12,10540790.6
44964,1529,4492,5524,5573,20241231,5738,4,2108158.12,8432632.48
44965,111,314,5826,5573,20241026,5705,3,2108158.12,6324474.36
44966,1923,5664,5837,5588,20240319,5222,2,1054818.02,2109636.04
44967,1800,5305,5330,5588,20230730,5106,3,1054818.02,3164454.06
44968,993,2953,5797,5588,20230614,5083,5,1054818.02,5274090.1
44969,1535,4506,5408,5588,20230831,5122,4,1054818.02,4219272.08
44970,823,2465,5431,5590,20241208,5726,3,2452989.68,7358969.04
44971,1238,3670,5399,5590,20230215,5023,2,2452989.68,4905979.36
44972,1432,4185,5137,5590,20241215,5730,2,2452989.68,4905979.36
44973,1957,5768,5888,5590,20241224,5734,3,2452989.68,7358969.04
44974,1925,5672,5872,5590,20240126,5196,5,2452989.68,12264948.4
44975,693,2078,5862,5590,20240322,5224,3,2452989.68,7358969.04
44976,1090,3234,5947,5590,20241114,5714,1,2452989.68,2452989.68
44977,1073,3182,5247,5590,20240101,5183,4,2452989.68,9811958.72
44978,1003,2985,5962,5590,20240326,5226,4,2452989.68,9811958.72
44979,135,368,5679,5605,20230407,5049,3,2285072.3,6855216.9
44980,1561,4574,5848,5605,20240209,5203,5,2285072.3,11425361.5
44981,337,952,5433,5605,20230311,5035,1,2285072.3,2285072.3
44982,1192,3535,5264,5605,20230328,5044,2,2285072.3,4570144.6
44983,1335,3913,5925,5605,20240507,5247,2,2285072.3,4570144.6
44984,1855,5475,5094,5607,20230902,5123,4,1720236.87,6880947.48
44985,459,1335,5659,5607,20240430,5243,5,1720236.87,8601184.35
44986,1493,4394,5374,5607,20231212,5173,3,1720236.87,5160710.61
44987,1762,5172,5737,5607,20240719,5283,1,1720236.87,1720236.87
44988,1213,3600,5516,5607,20230530,5075,1,1720236.87,1720236.87
44989,34,100,5926,5607,20240126,5196,2,1720236.87,3440473.74
44990,1727,5062,5881,5607,20230727,5104,1,1720236.87,1720236.87
44991,242,681,5954,5607,20231129,5167,4,1720236.87,6880947.48
44992,1255,3712,5118,5607,20230406,5048,4,1720236.87,6880947.48
44993,469,1364,5858,5607,20230602,5077,3,1720236.87,5160710.61
44994,447,1301,5246,5620,20230216,5024,5,2089710.07,10448550.35
44995,1926,5677,5607,5620,20230327,5043,3,2089710.07,6269130.21
44996,1214,3603,5630,5620,20230926,5135,4,2089710.07,8358840.28
44997,1759,5160,5452,5620,20230602,5077,2,2089710.07,4179420.14
44998,1924,5670,5778,5620,20240508,5247,1,2089710.07,2089710.07
44999,1835,5406,5384,5620,20241117,5716,1,2089710.07,2089710.07
45000,1401,4096,5866,5620,20230522,5071,5,2089710.07,10448550.35
45001,184,513,5672,5622,20230409,5050,3,2377237.73,7131713.19
45002,470,1369,5272,5622,20230201,5016,5,2377237.73,11886188.65
45003,440,1277,5392,5622,20241009,5696,2,2377237.73,4754475.46
45004,894,2677,5150,5622,20230426,5058,5,2377237.73,11886188.65
45005,301,865,5285,5622,20230109,5005,4,2377237.73,9508950.92
45006,37,107,5143,5949,20240526,5256,1,73619.51,73619.51
45007,1626,4777,5111,5949,20230914,5129,5,73619.51,368097.55
45008,1242,3680,5539,5949,20230928,5136,1,73619.51,73619.51
45009,280,798,5636,5949,20240923,5316,1,73619.51,73619.51
45010,891,2664,5680,5951,20231024,5149,5,754231.02,3771155.1
45011,1429,4177,5137,5951,20241021,5702,1,754231.02,754231.02
45012,1156,3434,5129,5951,20230910,5127,4,754231.02,3016924.08
45013,1163,3459,5153,5951,20241016,5700,5,754231.02,3771155.1
45014,1730,5067,5937,5951,20240122,5194,5,754231.02,3771155.1
45015,560,1664,5628,5951,20231026,5150,2,754231.02,1508462.04
45016,1857,5478,5838,5966,20230115,5008,1,4393592.93,4393592.93
45017,244,687,5655,5966,20230408,5049,2,4393592.93,8787185.86
45018,980,2914,5773,5966,20230120,5010,3,4393592.93,13180778.79
45019,1481,4354,5933,5966,20230211,5021,4,4393592.93,17574371.72
45020,120,335,5494,5966,20230415,5053,3,4393592.93,13180778.79
45021,356,1014,5446,5968,20231004,5139,3,922518.41,2767555.23
45022,762,2284,5115,5968,20240706,5277,1,922518.41,922518.41
45023,53,153,5387,5968,20241120,5717,1,922518.41,922518.41
45024,62,174,5517,5968,20231121,5163,3,922518.41,2767555.23
45025,387,1118,5733,5983,20241229,5737,5,1315448.21,6577241.05
45026,1591,4669,5991,5983,20241221,5733,5,1315448.21,6577241.05
45027,1539,4524,5383,5983,20240221,5209,1,1315448.21,1315448.21
45028,1078,3197,5233,5983,20231109,5157,3,1315448.21,3946344.63
45029,1926,5674,5607,5983,20230327,5043,5,1315448.21,6577241.05
45030,816,2442,5876,5983,20241221,5733,1,1315448.21,1315448.21
45031,1213,3598,5516,5983,20230530,5075,1,1315448.21,1315448.21
45032,277,785,5606,5983,20231125,5165,1,1315448.21,1315448.21
45033,813,2432,5463,5983,20240103,5184,4,1315448.21,5261792.84
45034,1889,5572,5461,5983,20230508,5064,5,1315448.21,6577241.05
45035,548,1621,5604,5983,20240513,5250,2,1315448.21,2630896.42
45036,849,2534,5083,5983,20240413,5235,2,1315448.21,2630896.42
45037,751,2247,5988,5983,20240502,5244,5,1315448.21,6577241.05
45038,966,2888,5717,5985,20240628,5273,3,4889698.83,14669096.49
45039,1068,3172,5047,5985,20230129,5015,2,4889698.83,9779397.66
45040,1961,5783,5219,5985,20231106,5155,3,4889698.83,14669096.49
45041,372,1066,5517,5985,20230220,5026,4,4889698.83,19558795.32
45042,772,2316,5176,5985,20230417,5054,1,4889698.83,4889698.83
45043,1829,5388,5652,6000,20230128,5014,1,449219.11,449219.11
45044,1309,3851,5674,6000,20230407,5049,2,449219.11,898438.22
45045,1728,5063,6000,6000,20230829,5121,4,449219.11,1796876.44
45046,1470,4319,5924,5475,20240302,5214,2,4093842.02,8187684.04
45047,1782,5242,5435,5475,20240205,5201,3,4093842.02,12281526.06
45048,625,1861,5799,5475,20230629,5090,2,4093842.02,8187684.04
45049,1710,5010,5806,5475,20240702,5275,5,4093842.02,20469210.1
45050,923,2763,5956,5475,20231007,5140,2,4093842.02,8187684.04
45051,1977,5825,5982,5475,20230806,5109,1,4093842.02,4093842.02
45052,1325,3890,5376,5475,20230625,5088,3,4093842.02,12281526.06
45053,272,771,5793,5477,20230315,5037,3,2867844.31,8603532.93
45054,127,347,5058,5477,20230324,5042,2,2867844.31,5735688.62
45055,1278,3780,5095,5477,20240908,5309,1,2867844.31,2867844.31
45056,760,2277,5430,5477,20230716,5099,5,2867844.31,14339221.55
45057,1784,5251,5581,5477,20230422,5056,4,2867844.31,11471377.24
45058,1105,3278,5677,5477,20231104,5154,1,2867844.31,2867844.31
45059,346,987,5625,5482,20240912,5311,1,872666.07,872666.07
45060,306,875,5724,5482,20240125,5195,3,872666.07,2617998.21
45061,349,996,5914,5482,20230323,5041,5,872666.07,4363330.35
45062,1821,5369,5517,5484,20241005,5694,2,639668.13,1279336.26
45063,1500,4416,5150,5484,20240201,5199,3,639668.13,1919004.39
45064,181,506,5625,5484,20240718,5283,2,639668.13,1279336.26
45065,255,725,5402,5484,20230603,5077,4,639668.13,2558672.52
45066,1663,4885,5615,5484,20240425,5241,5,639668.13,3198340.65
45067,1109,3292,5961,5484,20241118,5716,4,639668.13,2558672.52
45068,1546,4540,5086,5484,20240221,5209,3,639668.13,1919004.39
45069,480,1403,5794,5484,20240119,5192,4,639668.13,2558672.52
45070,725,2167,5157,5486,20230120,5010,1,1017577.21,1017577.21
45071,1744,5112,5557,5486,20240528,5257,4,1017577.21,4070308.84
45072,1195,3541,5174,5486,20230122,5011,4,1017577.21,4070308.84
45073,1427,4174,5623,5486,20231014,5144,5,1017577.21,5087886.05
45074,1455,4255,5729,5486,20240809,5294,5,1017577.21,5087886.05
45075,1457,4261,5116,5486,20230911,5127,4,1017577.21,4070308.84
45076,1987,5854,5010,5486,20241119,5717,3,1017577.21,3052731.63
45077,1670,4904,5159,5486,20230725,5103,5,1017577.21,5087886.05
45078,984,2927,5898,5486,20230302,5031,1,1017577.21,1017577.21
45079,967,2891,5359,5507,20230427,5059,4,1561637.0,6246548.0
45080,1402,4100,5221,5507,20230726,5104,2,1561637.0,3123274.0
45081,1628,4787,5839,5507,20231215,5175,3,1561637.0,4684911.0
45082,1227,3640,5478,5507,20230216,5024,2,1561637.0,3123274.0
45083,1606,4715,5189,5507,20240409,5233,3,1561637.0,4684911.0
45084,1204,3566,5789,5507,20240622,5270,4,1561637.0,6246548.0
45085,1222,3622,5568,5509,20230316,5038,5,4862758.25,24313791.25
45086,1237,3667,5539,5509,20230924,5134,3,4862758.25,14588274.75
45087,1698,4975,5234,5509,20241101,5708,4,4862758.25,19451033.0
45088,262,746,5375,5509,20231211,5173,5,4862758.25,24313791.25
45089,859,2571,5517,5511,20241022,5703,3,3872414.19,11617242.57
45090,681,2040,5626,5511,20240317,5221,5,3872414.19,19362070.95
45091,1012,3014,5282,5511,20240520,5253,2,3872414.19,7744828.38
45092,1479,4347,5900,5511,20240223,5210,3,3872414.19,11617242.57
45093,979,2911,5080,5511,20240311,5218,5,3872414.19,19362070.95
45094,554,1645,5394,5511,20240124,5195,5,3872414.19,19362070.95
45095,1854,5471,5271,5511,20230726,5104,5,3872414.19,19362070.95
45096,1770,5202,5194,5511,20230512,5066,1,3872414.19,3872414.19
45097,632,1882,5741,5511,20241107,5711,1,3872414.19,3872414.19
45098,198,559,5839,5511,20240725,5286,3,3872414.19,11617242.57
45099,83,233,5366,5516,20231130,5167,1,3707314.55,3707314.55
45100,1118,3318,5465,5516,20240418,5237,1,3707314.55,3707314.55
45101,1614,4739,5433,5516,20231012,5143,1,3707314.55,3707314.55
45102,278,788,5786,5516,20241102,5708,2,3707314.55,7414629.1
45103,1460,4278,5846,5516,20230531,5076,1,3707314.55,3707314.55
45104,1713,5018,5869,5516,20231014,5144,5,3707314.55,18536572.75
45105,17,49,5356,5516,20241203,5724,2,3707314.55,7414629.1
45106,1080,3202,5359,5518,20231130,5167,1,337428.67,337428.67
45107,448,1303,5994,5518,20240727,5287,5,337428.67,1687143.35
45108,1668,4901,5320,5518,20240726,5287,1,337428.67,337428.67
45109,1885,5553,5757,5518,20240607,5262,4,337428.67,1349714.68
45110,1502,4423,5751,5541,20230216,5024,2,3566575.04,7133150.08
45111,1773,5213,5323,5541,20230819,5116,5,3566575.04,17832875.2
45112,408,1187,5352,5541,20240825,5302,2,3566575.04,7133150.08
45113,502,1471,5210,5541,20230428,5059,1,3566575.04,3566575.04
45114,1388,4066,5616,5543,20230604,5078,4,4259415.0,17037660.0
45115,1199,3556,5051,5543,20230926,5135,3,4259415.0,12778245.0
45116,1096,3249,5821,5543,20240810,5294,2,4259415.0,8518830.0
45117,1845,5433,5339,5543,20231007,5140,1,4259415.0,4259415.0
45118,357,1018,5773,5543,20241118,5716,5,4259415.0,21297075.0
45119,1282,3790,5510,5543,20240202,5199,5,4259415.0,21297075.0
45120,631,1878,5462,5543,20240227,5212,1,4259415.0,4259415.0
45121,440,1278,5392,5550,20241009,5696,5,2413874.71,12069373.55
45122,1725,5053,5663,5550,20241015,5699,2,2413874.71,4827749.42
45123,509,1492,5142,5550,20231115,5160,5,2413874.71,12069373.55
45124,930,2776,5028,5552,20240419,5238,2,4308843.09,8617686.18
45125,812,2428,5912,5552,20240221,5209,2,4308843.09,8617686.18
45126,265,755,5332,5552,20240213,5205,3,4308843.09,12926529.27
45127,1635,4803,5799,5575,20231117,5161,3,2324165.53,6972496.59
45128,72,202,5188,5575,20230408,5049,3,2324165.53,6972496.59
45129,574,1707,5278,5575,20240127,5196,3,2324165.53,6972496.59
45130,699,2099,5057,5575,20231107,5156,4,2324165.53,9296662.12
45131,32,96,5821,5575,20230413,5052,1,2324165.53,2324165.53
45132,324,923,5122,5577,20241125,5720,5,2366376.22,11831881.1
45133,721,2154,5929,5577,20241125,5720,5,2366376.22,11831881.1
45134,1848,5441,5854,5577,20240328,5227,1,2366376.22,2366376.22
45135,235,656,5359,5577,20230407,5049,1,2366376.22,2366376.22
45136,7,27,5209,5584,20230107,5004,4,3896916.48,15587665.92
45137,1397,4092,5778,5584,20231027,5150,5,3896916.48,19484582.4
45138,214,598,5299,5565,20230704,5093,4,2541501.13,10166004.52
45139,150,417,5702,5579,20241208,5726,5,2653894.14,13269470.7
45140,551,1631,5534,5579,20240331,5228,1,2653894.14,2653894.14
45141,1075,3185,5538,5579,20230829,5121,5,2653894.14,13269470.7
45142,1481,4357,5933,5579,20230211,5021,3,2653894.14,7961682.42
45143,1324,3885,5014,5579,20240209,5203,2,2653894.14,5307788.28
45144,6,22,5626,5579,20230322,5041,5,2653894.14,13269470.7
45145,604,1803,5815,5579,20241010,5697,1,2653894.14,2653894.14
45146,1329,3899,5705,5580,20240923,5316,5,279769.23,1398846.15
45147,1,1,5751,5580,20230724,5103,4,279769.23,1119076.92
45148,637,1898,5375,5580,20240420,5238,1,279769.23,279769.23
45149,746,2231,5017,5580,20240121,5193,3,279769.23,839307.69
45150,138,380,5642,5580,20231127,5166,5,279769.23,1398846.15
45151,188,527,5102,5580,20240512,5249,2,279769.23,559538.46
45152,584,1733,5917,5580,20230520,5070,2,279769.23,559538.46
45153,986,2930,5770,5580,20231105,5155,5,279769.23,1398846.15
45154,1153,3422,5714,5597,20240630,5274,4,3786670.21,15146680.84
45155,1381,4045,5824,5597,20240530,5258,3,3786670.21,11360010.63
45156,422,1226,5218,5597,20240729,5288,5,3786670.21,18933351.05
45157,1998,5889,5623,5597,20240213,5205,2,3786670.21,7573340.42
45158,355,1012,5176,5598,20240223,5210,3,99401.47,298204.41
45159,889,2654,5660,5598,20240603,5260,1,99401.47,99401.47
45160,1674,4914,5870,5598,20241210,5727,2,99401.47,198802.94
45161,1326,3891,5118,5598,20240416,5236,1,99401.47,99401.47
45162,859,2568,5517,5598,20241022,5703,4,99401.47,397605.88
45163,314,899,5243,5598,20230610,5081,4,99401.47,397605.88
45164,1019,3035,5686,5612,20230114,5007,2,1063839.24,2127678.48
45165,1902,5615,5056,5612,20230730,5106,3,1063839.24,3191517.72
45166,152,425,5938,5612,20230402,5046,4,1063839.24,4255356.96
45167,926,2769,5515,5612,20230710,5096,1,1063839.24,1063839.24
45168,907,2719,5195,5615,20240911,5310,2,1882210.24,3764420.48
45169,420,1222,5623,5615,20241119,5717,5,1882210.24,9411051.2
45170,828,2480,5415,5615,20231210,5172,3,1882210.24,5646630.72
45171,977,2907,5905,5615,20230821,5117,4,1882210.24,7528840.96
45172,1847,5439,5998,5615,20230205,5018,4,1882210.24,7528840.96
45173,947,2832,5253,5615,20240417,5237,5,1882210.24,9411051.2
45174,1533,4501,5984,5615,20230504,5062,4,1882210.24,7528840.96
45175,429,1247,5225,5941,20230505,5063,1,1420706.77,1420706.77
45176,1454,4250,5680,5941,20231103,5154,5,1420706.77,7103533.85
45177,76,216,5087,5941,20240924,5689,3,1420706.77,4262120.31
45178,591,1759,5008,5941,20240310,5218,1,1420706.77,1420706.77
45179,981,2919,5978,5941,20240317,5221,1,1420706.77,1420706.77
45180,988,2936,5599,5941,20240908,5309,1,1420706.77,1420706.77
45181,302,868,5676,5941,20241107,5711,5,1420706.77,7103533.85
45182,488,1421,5739,5941,20230516,5068,4,1420706.77,5682827.08
45183,364,1043,5606,5941,20240918,5314,1,1420706.77,1420706.77
45184,1836,5408,5085,5942,20240417,5237,4,2493717.93,9974871.72
45185,194,545,5181,5942,20230314,5037,5,2493717.93,12468589.65
45186,1993,5871,5372,5942,20230930,5137,3,2493717.93,7481153.79
45187,1795,5290,5288,5942,20231201,5168,2,2493717.93,4987435.86
45188,1124,3333,5460,5942,20230920,5132,2,2493717.93,4987435.86
45189,1875,5526,5808,5942,20230415,5053,5,2493717.93,12468589.65
45190,1908,5631,5205,5942,20240518,5252,2,2493717.93,4987435.86
45191,1747,5120,5256,5959,20230502,5061,5,1807471.17,9037355.85
45192,780,2335,5753,5959,20230411,5051,5,1807471.17,9037355.85
45193,234,653,5935,5959,20240807,5293,3,1807471.17,5422413.51
45194,1206,3575,5972,5960,20230818,5115,4,2135716.08,8542864.32
45195,20,53,5276,5960,20241121,5718,2,2135716.08,4271432.16
45196,948,2837,5498,5960,20230617,5084,5,2135716.08,10678580.4
45197,447,1300,5246,5960,20230216,5024,1,2135716.08,2135716.08
45198,678,2031,5290,5960,20230725,5103,2,2135716.08,4271432.16
45199,1516,4464,5619,5960,20230328,5044,5,2135716.08,10678580.4
45200,1970,5806,5425,5960,20230313,5036,2,2135716.08,4271432.16
45201,1518,4469,5880,5960,20230216,5024,2,2135716.08,4271432.16
45202,1101,3263,5325,5974,20240627,5272,1,4908030.16,4908030.16
45203,919,2749,5231,5974,20240501,5244,1,4908030.16,4908030.16
45204,1904,5621,5620,5974,20241204,5724,1,4908030.16,4908030.16
45205,37,105,5143,5974,20240526,5256,4,4908030.16,19632120.64
45206,512,1502,5109,5974,20240427,5242,5,4908030.16,24540150.8
45207,1995,5879,5696,5974,20231211,5173,5,4908030.16,24540150.8
45208,256,728,5933,5974,20241215,5730,1,4908030.16,4908030.16
45209,2,5,5988,5974,20230905,5124,2,4908030.16,9816060.32
45210,195,550,5391,5974,20230802,5107,2,4908030.16,9816060.32
45211,20,57,5276,5977,20241121,5718,4,914490.2,3657960.8
45212,496,1452,5652,5977,20240814,5296,2,914490.2,1828980.4
45213,459,1337,5659,5977,20240430,5243,1,914490.2,914490.2
45214,1395,4083,5120,5977,20241007,5695,4,914490.2,3657960.8
45215,610,1823,5948,5977,20231029,5151,5,914490.2,4572451.0
45216,1647,4845,5664,5977,20230414,5052,2,914490.2,1828980.4
45217,1697,4973,5276,5977,20241124,5719,3,914490.2,2743470.6
45218,1484,4371,5808,5977,20240512,5249,2,914490.2,1828980.4
45219,865,2590,5860,5977,20241112,5713,2,914490.2,1828980.4
45220,1603,4706,5222,5991,20241125,5720,1,2532782.18,2532782.18
45221,1750,5133,5528,5991,20231204,5169,5,2532782.18,12663910.9
45222,659,1974,5247,5991,20230417,5054,1,2532782.18,2532782.18
45223,1056,3142,5391,5991,20231107,5156,5,2532782.18,12663910.9
45224,505,1482,5545,5992,20231225,5180,3,4260837.05,12782511.15
45225,1115,3309,5186,5992,20240921,5315,1,4260837.05,4260837.05
45226,415,1205,5925,5992,20231224,5179,3,4260837.05,12782511.15
45227,734,2193,5324,5992,20230306,5033,4,4260837.05,17043348.2
45228,221,614,5465,5730,20231128,5166,4,1948211.05,7792844.2
45229,52,148,5551,5730,20231019,5146,1,1948211.05,1948211.05
45230,707,2122,5643,5730,20240204,5200,2,1948211.05,3896422.1
45231,1894,5586,5039,5730,20230729,5105,5,1948211.05,9741055.25
45232,1054,3137,5034,5730,20240415,5236,3,1948211.05,5844633.15
45233,1886,5556,5599,5730,20230827,5120,1,1948211.05,1948211.05
45234,243,685,5837,5737,20240514,5250,5,4025206.58,20126032.9
45235,993,2952,5797,5737,20230614,5083,2,4025206.58,8050413.16
45236,1126,3340,5029,5737,20230603,5077,4,4025206.58,16100826.32
45237,1980,5834,5639,5737,20240223,5210,2,4025206.58,8050413.16
45238,505,1479,5545,5737,20231225,5180,1,4025206.58,4025206.58
45239,1516,4466,5619,5737,20230328,5044,1,4025206.58,4025206.58
45240,1998,5886,5623,5737,20240213,5205,2,4025206.58,8050413.16
45241,224,627,5213,5737,20230918,5131,1,4025206.58,4025206.58
45242,1123,3331,5941,5737,20231021,5147,3,4025206.58,12075619.74
45243,800,2393,5015,5737,20240418,5237,5,4025206.58,20126032.9
45244,802,2404,5591,5737,20231202,5168,1,4025206.58,4025206.58
45245,1360,3978,5022,5744,20240404,5230,2,1989193.98,3978387.96
45246,313,893,5290,5744,20231208,5171,2,1989193.98,3978387.96
45247,376,1083,5704,5744,20240919,5314,1,1989193.98,1989193.98
45248,443,1286,5025,5744,20230102,5001,3,1989193.98,5967581.94
45249,143,401,5887,5744,20241113,5714,1,1989193.98,1989193.98
45250,199,561,5841,5744,20240113,5189,1,1989193.98,1989193.98
45251,1142,3387,5678,5755,20230504,5062,4,1311262.81,5245051.24
45252,452,1316,5550,5755,20240602,5260,3,1311262.81,3933788.43
45253,1377,4032,5568,5755,20230829,5121,5,1311262.81,6556314.05
45254,1789,5269,5980,5755,20230128,5014,1,1311262.81,1311262.81
45255,655,1960,5539,5762,20241124,5719,5,2309536.7,11547683.5
45256,1613,4735,5049,5762,20230214,5023,2,2309536.7,4619073.4
45257,1203,3565,5015,5762,20240803,5291,4,2309536.7,9238146.8
45258,1290,3808,5493,5762,20240202,5199,1,2309536.7,2309536.7
45259,340,964,5213,5762,20231123,5164,1,2309536.7,2309536.7
45260,1921,5658,5339,5762,20230621,5086,5,2309536.7,11547683.5
45261,1602,4702,5866,5762,20231008,5141,2,2309536.7,4619073.4
45262,1787,5260,5958,5769,20230417,5054,2,349160.03,698320.06
45263,1851,5455,5342,5769,20241207,5726,5,349160.03,1745800.15
45264,1529,4493,5524,5769,20241231,5738,5,349160.03,1745800.15
45265,1215,3605,5266,5769,20240406,5231,3,349160.03,1047480.09
45266,1572,4613,5686,5769,20230105,5003,2,349160.03,698320.06
45267,737,2199,5854,5769,20230521,5071,3,349160.03,1047480.09
45268,185,515,5853,5769,20230310,5035,4,349160.03,1396640.12
45269,79,224,5639,5780,20231018,5146,1,967740.96,967740.96
45270,368,1057,5419,5780,20230213,5022,1,967740.96,967740.96
45271,726,2170,5467,5780,20240925,5689,3,967740.96,2903222.88
45272,1748,5123,5982,5787,20230209,5020,2,3272141.24,6544282.48
45273,1318,3871,5636,5787,20241117,5716,5,3272141.24,16360706.2
45274,287,817,5239,5787,20231022,5148,2,3272141.24,6544282.48
45275,1330,3903,5821,5787,20241120,5717,4,3272141.24,13088564.96
45276,1945,5739,5664,5787,20240113,5189,2,3272141.24,6544282.48
45277,1768,5197,5271,5787,20240725,5286,5,3272141.24,16360706.2
45278,1868,5512,5542,5794,20240216,5206,4,2833624.57,11334498.28
45279,633,1883,5992,5794,20241014,5699,2,2833624.57,5667249.14
45280,722,2160,5176,5794,20240816,5297,5,2833624.57,14168122.85
45281,999,2972,5887,5794,20240704,5276,5,2833624.57,14168122.85
45282,293,841,5382,5794,20230922,5133,1,2833624.57,2833624.57
45283,439,1271,5420,5794,20240730,5289,5,2833624.57,14168122.85
45284,1394,4080,5948,5805,20240603,5260,4,2837812.64,11351250.56
45285,689,2067,5491,5805,20230208,5020,1,2837812.64,2837812.64
45286,489,1426,5284,5812,20230207,5019,3,1709557.8,5128673.4
45287,1246,3693,5970,5812,20240326,5226,2,1709557.8,3419115.6
45288,1462,4284,5138,5819,20230305,5032,1,437613.65,437613.65
45289,429,1246,5225,5819,20230505,5063,4,437613.65,1750454.6
45290,1578,4632,5686,5819,20241118,5716,5,437613.65,2188068.25
45291,1088,3228,5232,5819,20241122,5718,5,437613.65,2188068.25
45292,133,360,5753,5819,20240329,5227,3,437613.65,1312840.95
45293,1102,3267,5812,5819,20230803,5108,4,437613.65,1750454.6
45294,488,1423,5739,5830,20230516,5068,2,525431.71,1050863.42
45295,1205,3572,5898,5830,20240409,5233,5,525431.71,2627158.55
45296,1163,3460,5153,5830,20241016,5700,2,525431.71,1050863.42
45297,1744,5111,5557,5830,20240528,5257,1,525431.71,525431.71
45298,576,1715,5374,5837,20241109,5712,5,3429726.8,17148634.0
45299,171,472,5935,5837,20230312,5036,1,3429726.8,3429726.8
45300,1469,4312,5747,5837,20240326,5226,4,3429726.8,13718907.2
45301,1771,5207,5827,5837,20230110,5005,2,3429726.8,6859453.6
45302,561,1667,5977,5844,20240814,5296,5,3607288.27,18036441.35
45303,940,2809,5380,5844,20240106,5186,1,3607288.27,3607288.27
45304,1222,3621,5568,5844,20230316,5038,1,3607288.27,3607288.27
45305,42,122,5062,5844,20230412,5051,1,3607288.27,3607288.27
45306,1207,3580,5762,5844,20230930,5137,3,3607288.27,10821864.81
45307,1068,3174,5047,5844,20230129,5015,2,3607288.27,7214576.54
45308,1432,4187,5137,5855,20241215,5730,2,1464326.28,2928652.56
45309,1496,4406,5681,5855,20240416,5236,3,1464326.28,4392978.84
45310,1352,3954,5740,5855,20240609,5263,5,1464326.28,7321631.4
45311,599,1783,5364,5862,20240623,5270,2,4765493.01,9530986.02
45312,169,463,5117,5862,20240424,5240,2,4765493.01,9530986.02
45313,1862,5495,5573,5862,20231201,5168,5,4765493.01,23827465.05
45314,1991,5866,5272,5862,20240618,5268,2,4765493.01,9530986.02
45315,324,922,5122,5862,20241125,5720,4,4765493.01,19061972.04
45316,295,846,5273,5862,20241216,5730,3,4765493.01,14296479.03
45317,1624,4770,5814,5869,20230125,5013,1,1270881.61,1270881.61
45318,1009,3001,5719,5869,20240522,5254,2,1270881.61,2541763.22
45319,1459,4273,5101,5869,20240105,5185,3,1270881.61,3812644.83
45320,1501,4419,5441,5504,20240209,5203,3,3731291.6,11193874.8
45321,1398,4093,5748,5504,20240602,5260,2,3731291.6,7462583.2
45322,517,1516,5629,5504,20241207,5726,4,3731291.6,14925166.4
45323,1602,4700,5866,5504,20231008,5141,3,3731291.6,11193874.8
45324,680,2038,5441,5504,20230422,5056,2,3731291.6,7462583.2
45325,1221,3618,5481,5506,20240309,5217,5,1695951.75,8479758.75
45326,1645,4836,5363,5506,20240409,5233,1,1695951.75,1695951.75
45327,750,2242,5708,5506,20231018,5146,1,1695951.75,1695951.75
45328,474,1384,5720,5506,20230430,5060,1,1695951.75,1695951.75
45329,78,220,5753,5506,20230823,5118,4,1695951.75,6783807.0
45330,638,1902,5762,5521,20231105,5155,5,4186513.62,20932568.1
45331,1696,4971,5022,5521,20230926,5135,3,4186513.62,12559540.86
45332,1242,3682,5539,5523,20230928,5136,4,4590975.04,18363900.16
45333,176,488,5632,5523,20230709,5095,1,4590975.04,4590975.04
45334,29,85,5349,5523,20240215,5206,2,4590975.04,9181950.08
45335,1790,5271,5509,5523,20230313,5036,3,4590975.04,13772925.12
45336,768,2301,5658,5523,20230214,5023,1,4590975.04,4590975.04
45337,398,1152,5317,5538,20241230,5737,4,2375745.06,9502980.24
45338,1350,3948,5038,5538,20240721,5284,1,2375745.06,2375745.06
45339,601,1789,5470,5538,20240916,5313,3,2375745.06,7127235.18
45340,467,1358,5816,5538,20240814,5296,4,2375745.06,9502980.24
45341,1755,5146,5197,5538,20231221,5178,1,2375745.06,2375745.06
45342,1062,3156,5872,5538,20240502,5244,2,2375745.06,4751490.12
45343,1466,4299,5419,5538,20240825,5302,3,2375745.06,7127235.18
45344,891,2665,5680,5540,20231024,5149,4,1126612.46,4506449.84
45345,750,2243,5708,5540,20231018,5146,5,1126612.46,5633062.3
45346,1037,3084,5397,5540,20230914,5129,4,1126612.46,4506449.84
45347,621,1849,5757,5540,20230921,5132,4,1126612.46,4506449.84
45348,1444,4227,5859,5540,20230424,5057,1,1126612.46,1126612.46
45349,1826,5383,5349,5540,20231130,5167,5,1126612.46,5633062.3
45350,495,1449,5024,5553,20241105,5710,4,3284036.83,13136147.32
45351,1918,5650,5983,5553,20240404,5230,2,3284036.83,6568073.66
45352,1725,5050,5663,5553,20241015,5699,2,3284036.83,6568073.66
45353,636,1894,5948,5553,20230429,5060,5,3284036.83,16420184.15
45354,1597,4682,5576,5553,20241129,5722,5,3284036.83,16420184.15
45355,1184,3517,5114,5555,20240812,5295,1,4499438.35,4499438.35
45356,1198,3554,5980,5555,20230402,5046,2,4499438.35,8998876.7
45357,753,2257,5309,5555,20240619,5268,1,4499438.35,4499438.35
45358,1557,4565,5597,5555,20241009,5696,5,4499438.35,22497191.75
45359,706,2117,5710,5555,20230715,5098,5,4499438.35,22497191.75
45360,1991,5865,5272,5555,20240618,5268,2,4499438.35,8998876.7
45361,1538,4518,5564,5557,20231122,5163,5,3609203.16,18046015.8
45362,27,81,5317,5557,20240310,5218,2,3609203.16,7218406.32
45363,91,267,5381,5557,20231114,5159,4,3609203.16,14436812.64
45364,1722,5047,5709,5557,20240118,5192,2,3609203.16,7218406.32
45365,1104,3277,5821,5570,20231106,5155,4,4735147.67,18940590.68
45366,1062,3157,5872,5570,20240502,5244,3,4735147.67,14205443.01
45367,1944,5735,5703,5570,20240515,5251,2,4735147.67,9470295.34
45368,1130,3354,5940,5570,20230207,5019,4,4735147.67,18940590.68
45369,1476,4337,5195,5572,20230203,5017,5,1782864.15,8914320.75
45370,445,1292,5816,5572,20230501,5061,4,1782864.15,7131456.6
45371,1600,4694,5874,5572,20230923,5133,2,1782864.15,3565728.3
45372,1510,4441,5402,5572,20230713,5097,5,1782864.15,8914320.75
45373,1442,4217,5850,5572,20230922,5133,3,1782864.15,5348592.45
45374,1408,4124,5932,5572,20241111,5713,1,1782864.15,1782864.15
45375,1622,4763,5100,5572,20241003,5693,5,1782864.15,8914320.75
45376,581,1726,5661,5572,20230112,5006,4,1782864.15,7131456.6
45377,515,1513,5141,5587,20241222,5733,3,33520.37,100561.11
45378,354,1008,5034,5587,20230717,5099,5,33520.37,167601.85
45379,765,2294,5813,5587,20230718,5100,4,33520.37,134081.48
45380,1886,5557,5599,5587,20230827,5120,5,33520.37,167601.85
45381,375,1076,5520,5587,20230620,5086,3,33520.37,100561.11
45382,1178,3501,5709,5587,20231201,5168,4,33520.37,134081.48
45383,1244,3687,5567,5589,20240518,5252,4,2885631.79,11542527.16
45384,938,2805,5222,5589,20231011,5142,3,2885631.79,8656895.37
45385,878,2628,5906,5589,20231121,5163,3,2885631.79,8656895.37
45386,1435,4197,5230,5589,20230207,5019,4,2885631.79,11542527.16
45387,964,2880,5626,5604,20230712,5097,1,1498029.24,1498029.24
45388,1757,5154,5371,5604,20241102,5708,1,1498029.24,1498029.24
45389,814,2435,5017,5604,20241025,5704,4,1498029.24,5992116.96
45390,1731,5070,5561,5604,20240119,5192,3,1498029.24,4494087.72
45391,8,28,5268,5606,20230213,5022,4,2173989.5,8695958.0
45392,1943,5729,5724,5606,20231223,5179,3,2173989.5,6521968.5
45393,982,2921,5810,5606,20230421,5056,1,2173989.5,2173989.5
45394,492,1438,5121,5606,20230215,5023,1,2173989.5,2173989.5
45395,867,2593,5912,5606,20231108,5156,3,2173989.5,6521968.5
45396,171,473,5935,5606,20230312,5036,1,2173989.5,2173989.5
45397,849,2532,5083,5606,20240413,5235,3,2173989.5,6521968.5
45398,135,370,5679,5621,20230407,5049,4,626739.36,2506957.44
45399,902,2708,5024,5621,20231012,5143,2,626739.36,1253478.72
45400,1303,3839,5698,5621,20230602,5077,5,626739.36,3133696.8
45401,1603,4705,5222,5621,20241125,5720,1,626739.36,626739.36
45402,17,46,5356,5621,20241203,5724,4,626739.36,2506957.44
45403,490,1431,5895,5621,20241231,5738,4,626739.36,2506957.44
45404,1638,4814,5330,5621,20240917,5313,4,626739.36,2506957.44
45405,1416,4142,5234,5621,20230313,5036,1,626739.36,626739.36
45406,937,2799,5781,5621,20230130,5015,2,626739.36,1253478.72
45407,578,1718,5858,5621,20240129,5197,3,626739.36,1880218.08
45408,524,1537,5924,5623,20230826,5119,1,1035419.63,1035419.63
45409,372,1068,5517,5623,20230220,5026,5,1035419.63,5177098.15
45410,1328,3897,5631,5623,20240513,5250,1,1035419.63,1035419.63
45411,528,1551,5387,5623,20231129,5167,3,1035419.63,3106258.89
45412,1146,3402,5850,5584,20231117,5161,3,3896916.48,11690749.44
45413,1468,4310,5321,5584,20240525,5256,1,3896916.48,3896916.48
45414,1820,5364,5132,5584,20230611,5081,5,3896916.48,19484582.4
45415,484,1412,5174,5586,20230714,5098,4,1573936.22,6295744.88
45416,825,2470,5443,5586,20231004,5139,4,1573936.22,6295744.88
45417,1492,4390,5150,5609,20240802,5290,5,832768.71,4163843.55
45418,354,1009,5034,5609,20230717,5099,4,832768.71,3331074.84
45419,1365,3992,5172,5609,20241202,5723,3,832768.71,2498306.13
45420,690,2068,5155,5609,20230605,5078,4,832768.71,3331074.84
45421,1394,4079,5948,5609,20240603,5260,5,832768.71,4163843.55
45422,1648,4846,5352,5609,20241122,5718,1,832768.71,832768.71
45423,1973,5813,5718,5609,20240119,5192,2,832768.71,1665537.42
45424,1211,3592,5316,5611,20241124,5719,2,3638572.45,7277144.9
45425,439,1274,5420,5611,20240730,5289,4,3638572.45,14554289.8
45426,604,1800,5815,5611,20241010,5697,1,3638572.45,3638572.45
45427,102,293,5559,5611,20230825,5119,1,3638572.45,3638572.45
45428,1804,5320,5501,5611,20240529,5258,4,3638572.45,14554289.8
45429,709,2130,5336,5616,20230328,5044,2,3858535.82,7717071.64
45430,1492,4388,5150,5618,20240802,5290,3,3313229.88,9939689.64
45431,390,1130,5424,5618,20240107,5186,3,3313229.88,9939689.64
45432,1716,5031,5807,5618,20230325,5042,4,3313229.88,13252919.52
45433,1684,4934,5297,5618,20240120,5193,4,3313229.88,13252919.52
45434,1504,4428,5583,5618,20230619,5085,4,3313229.88,13252919.52
45435,1536,4510,5201,5953,20240531,5259,4,3620582.45,14482329.8
45436,1985,5849,5597,5953,20231217,5176,2,3620582.45,7241164.9
45437,214,594,5299,5953,20230704,5093,3,3620582.45,10861747.35
45438,1995,5881,5696,5953,20231211,5173,4,3620582.45,14482329.8
45439,1189,3523,5485,5955,20240504,5245,3,2289188.66,6867565.98
45440,1196,3545,5624,5955,20240725,5286,2,2289188.66,4578377.32
45441,1659,4877,5334,5955,20231116,5160,2,2289188.66,4578377.32
45442,1154,3425,5556,5955,20230426,5058,5,2289188.66,11445943.3
45443,1733,5079,5343,5955,20230328,5044,1,2289188.66,2289188.66
45444,83,236,5366,5955,20231130,5167,2,2289188.66,4578377.32
45445,15,43,5402,5955,20240707,5277,5,2289188.66,11445943.3
45446,416,1208,5856,5955,20230203,5017,5,2289188.66,11445943.3
45447,1468,4308,5321,5962,20240525,5256,1,58264.92,58264.92
45448,1982,5840,5082,5962,20241013,5698,1,58264.92,58264.92
45449,458,1334,5167,5962,20241119,5717,1,58264.92,58264.92
45450,262,748,5375,5962,20231211,5173,4,58264.92,233059.68
45451,1860,5487,5313,5964,20230621,5086,1,1650017.52,1650017.52
45452,1928,5683,5277,5964,20230629,5090,5,1650017.52,8250087.6
45453,588,1744,5322,5964,20240410,5233,4,1650017.52,6600070.08
45454,1563,4581,5623,5987,20240318,5222,5,2169911.06,10849555.3
45455,1610,4728,5901,5987,20240221,5209,2,2169911.06,4339822.12
45456,213,592,5809,5987,20230417,5054,5,2169911.06,10849555.3
45457,1360,3977,5022,5987,20240404,5230,4,2169911.06,8679644.24
45458,818,2452,5788,5987,20240410,5233,3,2169911.06,6509733.18
45459,1787,5261,5958,5987,20230417,5054,4,2169911.06,8679644.24
45460,648,1938,5231,5989,20241029,5706,1,751785.72,751785.72
45461,1019,3036,5686,5989,20230114,5007,3,751785.72,2255357.16
45462,611,1828,5765,5989,20230206,5019,5,751785.72,3758928.6
45463,240,672,5580,5989,20240807,5293,4,751785.72,3007142.88
45464,780,2336,5753,5989,20230411,5051,2,751785.72,1503571.44
45465,1298,3827,5182,5989,20241231,5738,2,751785.72,1503571.44
45466,319,910,5195,5996,20240201,5199,4,2539577.37,10158309.48
45467,1846,5436,5998,5996,20240102,5184,4,2539577.37,10158309.48
45468,145,405,5016,5996,20240320,5223,3,2539577.37,7618732.11
45469,814,2434,5017,5996,20241025,5704,4,2539577.37,10158309.48
45470,636,1895,5948,5996,20230429,5060,3,2539577.37,7618732.11
45471,698,2094,5696,5996,20240103,5184,3,2539577.37,7618732.11
45472,247,696,5244,5996,20230227,5029,5,2539577.37,12697886.85
45473,672,2013,5482,5998,20240313,5219,4,403364.67,1613458.68
45474,752,2254,5496,5998,20230527,5074,5,403364.67,2016823.35
45475,207,580,5199,5998,20240806,5292,2,403364.67,806729.34
45476,1999,5891,5123,5998,20230228,5030,2,403364.67,806729.34
45477,251,705,5794,5998,20230112,5006,3,403364.67,1210094.01
45478,1798,5299,5207,5998,20230312,5036,2,403364.67,806729.34
45479,555,1650,5093,5950,20241022,5703,2,4535331.42,9070662.84
45480,1900,5605,5453,5950,20231023,5148,3,4535331.42,13605994.26
45481,727,2173,5910,5950,20241219,5732,5,4535331.42,22676657.1
45482,254,719,5576,5950,20231123,5164,5,4535331.42,22676657.1
45483,143,400,5887,5950,20241113,5714,2,4535331.42,9070662.84
45484,11,35,5505,5952,20230707,5094,3,3899835.85,11699507.55
45485,83,232,5366,5952,20231130,5167,4,3899835.85,15599343.4
45486,566,1683,5865,5952,20240606,5262,5,3899835.85,19499179.25
45487,90,264,5434,5952,20241017,5700,5,3899835.85,19499179.25
45488,422,1225,5218,5952,20240729,5288,1,3899835.85,3899835.85
45489,1713,5021,5869,5952,20231014,5144,4,3899835.85,15599343.4
45490,891,2667,5680,5967,20231024,5149,1,1869384.54,1869384.54
45491,205,575,5974,5967,20240130,5198,3,1869384.54,5608153.62
45492,1726,5056,5115,5967,20230207,5019,1,1869384.54,1869384.54
45493,1830,5392,5278,5967,20241212,5728,5,1869384.54,9346922.7
45494,1468,4309,5321,5967,20240525,5256,2,1869384.54,3738769.08
45495,54,155,5278,5969,20240402,5229,5,2007248.63,10036243.15
45496,1640,4818,5054,5969,20230227,5029,5,2007248.63,10036243.15
45497,772,2318,5176,5969,20230417,5054,3,2007248.63,6021745.89
45498,572,1700,5291,5969,20240318,5222,3,2007248.63,6021745.89
45499,876,2620,5942,5969,20241226,5735,4,2007248.63,8028994.52
45500,1578,4630,5686,5969,20241118,5716,5,2007248.63,10036243.15
45501,1006,2996,5777,5969,20240222,5209,2,2007248.63,4014497.26
45502,1438,4205,5563,5969,20230406,5048,4,2007248.63,8028994.52
45503,1438,4207,5563,5969,20230406,5048,3,2007248.63,6021745.89
45504,674,2020,5285,5969,20230305,5032,1,2007248.63,2007248.63
45505,1686,4943,5254,5969,20230111,5006,2,2007248.63,4014497.26
45506,773,2320,5938,5969,20240704,5276,3,2007248.63,6021745.89
45507,296,851,5045,5969,20240819,5299,1,2007248.63,2007248.63
45508,1269,3757,5352,5982,20241225,5735,5,2209032.52,11045162.6
45509,1367,3999,5738,5982,20230515,5068,1,2209032.52,2209032.52
45510,290,829,5755,5982,20231206,5170,5,2209032.52,11045162.6
45511,354,1010,5034,5982,20230717,5099,5,2209032.52,11045162.6
45512,1575,4620,5084,5984,20240207,5202,5,71677.46,358387.3
45513,1487,4377,5997,5984,20231109,5157,1,71677.46,71677.46
45514,1493,4395,5374,5984,20231212,5173,4,71677.46,286709.84
45515,452,1313,5550,5984,20240602,5260,4,71677.46,286709.84
45516,1820,5362,5132,5984,20230611,5081,5,71677.46,358387.3
45517,1625,4772,5858,5984,20241003,5693,1,71677.46,71677.46
45518,892,2671,5744,5984,20230531,5076,4,71677.46,286709.84
45519,396,1145,5943,5986,20241106,5710,4,2600307.4,10401229.6
45520,1559,4571,5574,5986,20230615,5083,1,2600307.4,2600307.4
45521,1106,3283,5981,5986,20240706,5277,4,2600307.4,10401229.6
45522,1431,4183,5340,5986,20240925,5689,2,2600307.4,5200614.8
45523,1205,3571,5898,5986,20240409,5233,5,2600307.4,13001537.0
45524,1809,5332,5359,5986,20240805,5292,2,2600307.4,5200614.8
45525,390,1131,5424,5986,20240107,5186,2,2600307.4,5200614.8
45526,83,234,5366,5986,20231130,5167,4,2600307.4,10401229.6
45527,135,367,5679,5999,20230407,5049,3,4008293.83,12024881.49
45528,469,1363,5858,5999,20230602,5077,4,4008293.83,16033175.32
45529,1880,5542,5777,5999,20230629,5090,1,4008293.83,4008293.83
45530,542,1597,5329,5999,20241211,5728,1,4008293.83,4008293.83
45531,735,2195,5551,5999,20231212,5173,4,4008293.83,16033175.32
45532,1321,3879,5484,5999,20230322,5041,5,4008293.83,20041469.15
45533,669,2003,5520,5869,20230708,5095,2,1270881.61,2541763.22
45534,29,87,5349,5869,20240215,5206,3,1270881.61,3812644.83
45535,1703,4988,5898,5880,20240320,5223,2,4828926.72,9657853.44
45536,1540,4527,5646,5880,20230130,5015,1,4828926.72,4828926.72
45537,1541,4529,5494,5880,20230828,5120,4,4828926.72,19315706.88
45538,1480,4352,5515,5880,20240114,5190,5,4828926.72,24144633.6
45539,544,1607,5708,5880,20231217,5176,5,4828926.72,24144633.6
45540,1864,5501,5292,5880,20230801,5107,2,4828926.72,9657853.44
45541,659,1972,5247,5880,20230417,5054,1,4828926.72,4828926.72
45542,263,749,5559,5880,20240808,5293,3,4828926.72,14486780.16
45543,1736,5089,5232,5880,20240608,5263,1,4828926.72,4828926.72
45544,932,2782,5852,5887,20231104,5154,5,2085717.39,10428586.95
45545,1656,4865,5967,5887,20240927,5690,4,2085717.39,8342869.56
45546,1003,2984,5962,5887,20240326,5226,4,2085717.39,8342869.56
45547,290,831,5755,5887,20231206,5170,3,2085717.39,6257152.17
45548,1190,3528,5844,5887,20230627,5089,3,2085717.39,6257152.17
45549,911,2730,5247,5887,20231019,5146,1,2085717.39,2085717.39
45550,1872,5521,5045,5887,20240930,5692,3,2085717.39,6257152.17
45551,525,1542,5163,5887,20240923,5316,2,2085717.39,4171434.78
45552,368,1055,5419,5894,20230213,5022,5,1601358.28,8006791.4
45553,1762,5169,5737,5894,20240719,5283,4,1601358.28,6405433.12
45554,1044,3104,5636,5894,20231107,5156,4,1601358.28,6405433.12
45555,556,1653,5137,5894,20230811,5112,2,1601358.28,3202716.56
45556,588,1745,5322,5894,20240410,5233,1,1601358.28,1601358.28
45557,1599,4688,5907,5894,20230512,5066,1,1601358.28,1601358.28
45558,1742,5104,5255,5905,20241022,5703,1,2253379.31,2253379.31
45559,1382,4050,5328,5905,20230307,5033,3,2253379.31,6760137.93
45560,1881,5547,5869,5905,20241205,5725,1,2253379.31,2253379.31
45561,1157,3440,5374,5905,20230529,5075,4,2253379.31,9013517.24
45562,1227,3641,5478,5905,20230216,5024,5,2253379.31,11266896.55
45563,371,1065,5214,5905,20240612,5265,4,2253379.31,9013517.24
45564,176,490,5632,5905,20230709,5095,3,2253379.31,6760137.93
45565,749,2241,5605,5905,20230402,5046,4,2253379.31,9013517.24
45566,1234,3662,5912,5912,20231214,5174,4,2643297.95,10573191.8
45567,449,1306,5983,5912,20230112,5006,4,2643297.95,10573191.8
45568,1503,4427,5091,5912,20231012,5143,5,2643297.95,13216489.75
45569,1954,5763,5013,5912,20241109,5712,1,2643297.95,2643297.95
45570,108,307,5638,5912,20230323,5041,4,2643297.95,10573191.8
45571,404,1177,5873,5912,20240414,5235,5,2643297.95,13216489.75
45572,1835,5404,5384,5912,20241117,5716,4,2643297.95,10573191.8
45573,1991,5867,5272,5912,20240618,5268,1,2643297.95,2643297.95
45574,1496,4403,5681,5912,20240416,5236,3,2643297.95,7929893.85
45575,1495,4397,5649,5912,20230522,5071,3,2643297.95,7929893.85
45576,1688,4946,5338,5912,20230526,5073,1,2643297.95,2643297.95
45577,1006,2994,5777,5912,20240222,5209,2,2643297.95,5286595.9
45578,513,1504,5089,5912,20240128,5197,1,2643297.95,2643297.95
45579,1512,4448,5214,5919,20240628,5273,4,598129.65,2392518.6
45580,1814,5344,5313,5919,20240919,5314,4,598129.65,2392518.6
45581,1988,5856,5767,5919,20230304,5032,4,598129.65,2392518.6
45582,1562,4579,5505,5930,20230524,5072,3,691308.23,2073924.69
45583,661,1980,5025,5930,20230717,5099,4,691308.23,2765232.92
45584,1531,4497,5143,5930,20230526,5073,2,691308.23,1382616.46
45585,1056,3140,5391,5930,20231107,5156,1,691308.23,691308.23
45586,880,2633,5573,5930,20230708,5095,1,691308.23,691308.23
45587,1478,4343,5870,5930,20230502,5061,1,691308.23,691308.23
45588,251,707,5794,5158,20230112,5006,4,1131968.65,4527874.6
45589,614,1834,5584,5158,20240815,5297,4,1131968.65,4527874.6
45590,646,1927,5250,5158,20240628,5273,1,1131968.65,1131968.65
45591,1444,4226,5859,5165,20230424,5057,5,3802420.61,19012103.05
45592,1397,4091,5778,5165,20231027,5150,1,3802420.61,3802420.61
45593,754,2262,5623,5165,20230902,5123,4,3802420.61,15209682.44
45594,294,843,5709,5165,20240929,5691,5,3802420.61,19012103.05
45595,864,2585,5605,5165,20231201,5168,3,3802420.61,11407261.83
45596,631,1879,5462,5165,20240227,5212,1,3802420.61,3802420.61
45597,1300,3831,5086,5165,20241024,5704,5,3802420.61,19012103.05
45598,1589,4665,5038,5176,20240520,5253,5,3926398.06,19631990.3
45599,713,2140,5809,5176,20240203,5200,2,3926398.06,7852796.12
45600,329,933,5988,5176,20240709,5278,5,3926398.06,19631990.3
45601,790,2358,5062,5176,20241209,5727,4,3926398.06,15705592.24
45602,858,2562,5753,5183,20240306,5216,4,4594655.87,18378623.48
45603,89,260,5424,5183,20240731,5289,3,4594655.87,13783967.61
45604,720,2152,5191,5183,20240619,5268,5,4594655.87,22973279.35
45605,1027,3054,5902,5183,20240901,5305,5,4594655.87,22973279.35
45606,573,1703,5726,5190,20241002,5693,3,2265438.7,6796316.1
45607,970,2897,5705,5190,20231223,5179,3,2265438.7,6796316.1
45608,1780,5239,5585,5190,20240909,5309,4,2265438.7,9061754.8
45609,1354,3960,5020,5190,20230304,5032,4,2265438.7,9061754.8
45610,598,1778,5922,5190,20240508,5247,3,2265438.7,6796316.1
45611,416,1209,5856,5201,20230203,5017,3,1349998.82,4049996.46
45612,569,1691,5718,5201,20230224,5028,1,1349998.82,1349998.82
45613,207,577,5199,5201,20240806,5292,2,1349998.82,2699997.64
45614,681,2039,5626,5201,20240317,5221,1,1349998.82,1349998.82
45615,391,1135,5742,5201,20241225,5735,5,1349998.82,6749994.1
45616,106,304,5846,5201,20241023,5703,1,1349998.82,1349998.82
45617,409,1189,5082,5201,20240224,5210,3,1349998.82,4049996.46
45618,1478,4345,5870,5208,20230502,5061,3,4959272.81,14877818.43
45619,887,2651,5936,5208,20240414,5235,2,4959272.81,9918545.62
45620,1556,4562,5247,5208,20241127,5721,3,4959272.81,14877818.43
45621,1559,4570,5574,5208,20230615,5083,4,4959272.81,19837091.24
45622,257,732,5223,5208,20230221,5026,3,4959272.81,14877818.43
45623,705,2115,5674,5208,20230210,5021,1,4959272.81,4959272.81
45624,465,1354,5566,5208,20241125,5720,4,4959272.81,19837091.24
45625,1814,5346,5313,5215,20240919,5314,1,268418.5,268418.5
45626,1961,5786,5219,5215,20231106,5155,2,268418.5,536837.0
45627,323,916,5421,5215,20230331,5045,3,268418.5,805255.5
45628,87,252,5355,5215,20240828,5303,3,268418.5,805255.5
45629,94,277,5485,5215,20240110,5188,2,268418.5,536837.0
45630,809,2421,5351,5226,20241214,5729,1,455762.09,455762.09
45631,346,985,5625,5226,20240912,5311,5,455762.09,2278810.45
45632,1473,4329,5881,5226,20241222,5733,3,455762.09,1367286.27
45633,237,664,5139,5226,20230929,5136,2,455762.09,911524.18
45634,1704,4996,5811,5226,20230528,5074,2,455762.09,911524.18
45635,637,1897,5375,5233,20240420,5238,4,2206096.11,8824384.44
45636,643,1919,5692,5233,20240404,5230,4,2206096.11,8824384.44
45637,48,140,5247,5240,20240226,5211,1,1579373.3,1579373.3
45638,474,1382,5720,5240,20230430,5060,1,1579373.3,1579373.3
45639,1806,5325,5842,5240,20240401,5229,4,1579373.3,6317493.2
45640,1278,3783,5095,5240,20240908,5309,4,1579373.3,6317493.2
45641,1600,4692,5874,5240,20230923,5133,4,1579373.3,6317493.2
45642,1624,4771,5814,5251,20230125,5013,2,4934543.84,9869087.68
45643,427,1242,5067,5251,20240313,5219,2,4934543.84,9869087.68
45644,1404,4109,5512,5251,20240430,5243,2,4934543.84,9869087.68
45645,1673,4909,5612,5251,20241209,5727,3,4934543.84,14803631.52
45646,1768,5196,5271,5251,20240725,5286,4,4934543.84,19738175.36
45647,1383,4052,5451,5258,20230427,5059,2,4743913.18,9487826.36
45648,403,1172,5013,5258,20240929,5691,2,4743913.18,9487826.36
45649,1443,4223,5405,5258,20231108,5156,5,4743913.18,23719565.9
45650,1958,5772,5160,5258,20230324,5042,5,4743913.18,23719565.9
45651,1940,5721,5282,5258,20230209,5020,4,4743913.18,18975652.72
45652,261,743,5912,5258,20240208,5202,4,4743913.18,18975652.72
45653,1422,4157,5887,5265,20241231,5738,1,2686586.96,2686586.96
45654,1120,3321,5545,5265,20240321,5223,1,2686586.96,2686586.96
45655,809,2420,5351,5265,20241214,5729,5,2686586.96,13432934.8
45656,883,2642,5440,5265,20240117,5191,3,2686586.96,8059760.88
45657,1736,5087,5232,5265,20240608,5263,1,2686586.96,2686586.96
45658,1710,5013,5806,5276,20240702,5275,1,2619796.76,2619796.76
45659,753,2258,5309,5276,20240619,5268,4,2619796.76,10479187.04
45660,886,2649,5199,5276,20240526,5256,2,2619796.76,5239593.52
45661,836,2502,5440,5276,20231209,5172,5,2619796.76,13098983.8
45662,1886,5558,5599,5276,20230827,5120,3,2619796.76,7859390.28
45663,1526,4483,5692,5276,20231111,5158,3,2619796.76,7859390.28
45664,1744,5113,5557,5283,20240528,5257,4,1322118.76,5288475.04
45665,1479,4346,5900,5283,20240223,5210,1,1322118.76,1322118.76
45666,835,2497,5918,5283,20241227,5736,5,1322118.76,6610593.8
45667,374,1073,5360,5283,20231108,5156,5,1322118.76,6610593.8
45668,1931,5695,5074,5283,20240912,5311,3,1322118.76,3966356.28
45669,1085,3216,5549,5283,20240807,5293,4,1322118.76,5288475.04
45670,564,1676,5092,5290,20240321,5223,4,1230311.74,4921246.96
45671,1978,5827,5826,5301,20230302,5031,1,4386186.28,4386186.28
45672,422,1224,5218,5301,20240729,5288,5,4386186.28,21930931.4
45673,1246,3694,5970,5301,20240326,5226,3,4386186.28,13158558.84
45674,715,2142,5217,5301,20240526,5256,4,4386186.28,17544745.12
45675,517,1517,5629,5301,20241207,5726,3,4386186.28,13158558.84
45676,1083,3208,5600,5301,20230121,5011,3,4386186.28,13158558.84
45677,64,180,5496,5308,20241022,5703,2,4988957.71,9977915.42
45678,565,1678,5624,5308,20240819,5299,3,4988957.71,14966873.13
45679,478,1399,5425,5308,20231106,5155,2,4988957.71,9977915.42
45680,535,1577,5073,5308,20240723,5285,2,4988957.71,9977915.42
45681,171,474,5935,5308,20230312,5036,2,4988957.71,9977915.42
45682,197,554,5257,5308,20241016,5700,1,4988957.71,4988957.71
45683,1142,3390,5678,5308,20230504,5062,3,4988957.71,14966873.13
45684,527,1548,5805,5308,20241217,5731,5,4988957.71,24944788.55
45685,1027,3058,5902,5308,20240901,5305,5,4988957.71,24944788.55
45686,1989,5858,5806,5308,20230108,5004,2,4988957.71,9977915.42
45687,555,1647,5093,5308,20241022,5703,3,4988957.71,14966873.13
45688,1378,4036,5255,5315,20230218,5025,1,4246539.88,4246539.88
45689,1924,5666,5778,5315,20240508,5247,3,4246539.88,12739619.64
45690,888,2653,5890,5326,20230105,5003,1,383404.12,383404.12
45691,1766,5188,5991,5326,20241215,5730,2,383404.12,766808.24
45692,1685,4938,5259,5326,20230708,5095,1,383404.12,383404.12
45693,113,321,5916,5333,20230312,5036,2,689198.11,1378396.22
45694,1557,4567,5597,5333,20241009,5696,1,689198.11,689198.11
45695,686,2057,5147,5333,20240401,5229,4,689198.11,2756792.44
45696,1903,5617,5818,5333,20241111,5713,3,689198.11,2067594.33
45697,604,1802,5815,5333,20241010,5697,3,689198.11,2067594.33
45698,1544,4536,5802,5333,20240722,5285,3,689198.11,2067594.33
45699,1994,5876,5327,5340,20231212,5173,1,461200.23,461200.23
45700,525,1540,5163,5340,20240923,5316,1,461200.23,461200.23
45701,672,2015,5482,5340,20240313,5219,1,461200.23,461200.23
45702,1420,4153,5153,5340,20241018,5701,3,461200.23,1383600.69
45703,938,2802,5222,5340,20231011,5142,4,461200.23,1844800.92
45704,885,2644,5302,5340,20230505,5063,5,461200.23,2306001.15
45705,684,2050,5073,5351,20230205,5018,5,616051.74,3080258.7
45706,198,560,5839,5351,20240725,5286,4,616051.74,2464206.96
45707,1990,5862,5993,5351,20230212,5022,5,616051.74,3080258.7
45708,836,2500,5440,5351,20231209,5172,4,616051.74,2464206.96
45709,629,1871,5185,5358,20230529,5075,2,996774.18,1993548.36
45710,478,1398,5425,5358,20231106,5155,4,996774.18,3987096.72
45711,1650,4853,5106,5358,20230717,5099,5,996774.18,4983870.9
45712,1925,5671,5872,5358,20240126,5196,3,996774.18,2990322.54
45713,17,47,5356,5358,20241203,5724,5,996774.18,4983870.9
45714,730,2181,5623,5358,20230410,5050,5,996774.18,4983870.9
45715,1260,3729,5426,5358,20240820,5299,4,996774.18,3987096.72
45716,634,1887,5056,5358,20240814,5296,4,996774.18,3987096.72
45717,1725,5054,5663,5365,20241015,5699,1,3419232.45,3419232.45
45718,509,1493,5142,5365,20231115,5160,1,3419232.45,3419232.45
45719,659,1973,5247,5365,20230417,5054,5,3419232.45,17096162.25
45720,822,2461,5282,5365,20241004,5694,4,3419232.45,13676929.8
45721,569,1689,5718,5369,20230224,5028,4,3074391.82,12297567.28
45722,1092,3239,5396,5369,20240322,5224,2,3074391.82,6148783.64
45723,1313,3858,5960,5369,20241108,5711,3,3074391.82,9223175.46
45724,1259,3725,5994,5369,20241110,5712,2,3074391.82,6148783.64
45725,242,679,5954,5369,20231129,5167,3,3074391.82,9223175.46
45726,359,1027,5389,5369,20240325,5225,2,3074391.82,6148783.64
45727,668,2001,5710,5369,20230709,5095,3,3074391.82,9223175.46
45728,1319,3875,5218,5369,20230929,5136,2,3074391.82,6148783.64
45729,651,1948,5360,5376,20240821,5300,1,4947124.04,4947124.04
45730,1946,5742,5751,5376,20240130,5198,2,4947124.04,9894248.08
45731,1137,3372,5151,5376,20231102,5153,3,4947124.04,14841372.12
45732,1514,4454,5847,5376,20230730,5106,2,4947124.04,9894248.08
45733,1862,5493,5573,5376,20231201,5168,2,4947124.04,9894248.08
45734,1294,3817,5324,5376,20240320,5223,3,4947124.04,14841372.12
45735,608,1818,5585,5383,20240608,5263,4,2651867.14,10607468.56
45736,36,104,5319,5383,20230110,5005,2,2651867.14,5303734.28
45737,1522,4476,5894,5383,20230921,5132,1,2651867.14,2651867.14
45738,652,1950,5749,5383,20241122,5718,3,2651867.14,7955601.42
45739,77,217,5535,5383,20241101,5708,5,2651867.14,13259335.7
45740,30,88,5911,5383,20230704,5093,4,2651867.14,10607468.56
45741,1000,2974,5171,5383,20230412,5051,1,2651867.14,2651867.14
45742,84,238,5559,5390,20240707,5277,5,888740.83,4443704.15
45743,727,2172,5910,5390,20241219,5732,3,888740.83,2666222.49
45744,138,379,5642,5390,20231127,5166,5,888740.83,4443704.15
45745,1806,5326,5842,5390,20240401,5229,2,888740.83,1777481.66
45746,573,1704,5726,5390,20241002,5693,1,888740.83,888740.83
45747,618,1842,5869,5390,20240601,5259,5,888740.83,4443704.15
45748,1769,5199,5123,5394,20230523,5072,1,4738318.09,4738318.09
45749,240,671,5580,5394,20240807,5293,2,4738318.09,9476636.18
45750,546,1615,5755,5394,20241116,5715,5,4738318.09,23691590.45
45751,645,1925,5168,5394,20230212,5022,5,4738318.09,23691590.45
45752,1380,4040,5845,5394,20230612,5082,3,4738318.09,14214954.27
45753,1595,4675,5563,5401,20240520,5253,5,13410.65,67053.25
45754,187,522,5110,5401,20230202,5017,4,13410.65,53642.6
45755,580,1723,5914,5401,20241117,5716,3,13410.65,40231.95
45756,1994,5872,5327,5401,20231212,5173,3,13410.65,40231.95
45757,1465,4296,5300,5401,20241124,5719,3,13410.65,40231.95
45758,1972,5810,5957,5401,20240317,5221,1,13410.65,13410.65
45759,600,1785,5423,5408,20240613,5265,4,3525644.67,14102578.68
45760,1936,5713,5191,5408,20240219,5208,2,3525644.67,7051289.34
45761,181,507,5625,5408,20240718,5283,1,3525644.67,3525644.67
45762,231,646,5788,5408,20231119,5162,4,3525644.67,14102578.68
45763,994,2955,5405,5408,20240919,5314,1,3525644.67,3525644.67
45764,85,243,5221,5408,20240331,5228,5,3525644.67,17628223.35
45765,654,1958,5233,5415,20230719,5100,3,1123953.7,3371861.1
45766,1393,4077,5043,5419,20230415,5053,5,4255277.26,21276386.3
45767,1741,5100,5490,5419,20240328,5227,1,4255277.26,4255277.26
45768,74,213,5424,5419,20230127,5014,2,4255277.26,8510554.52
45769,438,1266,5627,5419,20231229,5182,3,4255277.26,12765831.78
45770,1200,3561,5327,5419,20240215,5206,2,4255277.26,8510554.52
45771,364,1040,5606,5419,20240918,5314,3,4255277.26,12765831.78
45772,868,2598,5806,5419,20231110,5157,5,4255277.26,21276386.3
45773,1118,3317,5465,5419,20240418,5237,4,4255277.26,17021109.04
45774,717,2145,5233,5426,20231214,5174,4,847758.21,3391032.84
45775,1063,3159,5058,5426,20230610,5081,3,847758.21,2543274.63
45776,863,2583,5659,5426,20231218,5176,3,847758.21,2543274.63
45777,553,1639,5787,5426,20230422,5056,3,847758.21,2543274.63
45778,933,2784,5904,5426,20241013,5698,2,847758.21,1695516.42
45779,28,84,5261,5433,20241218,5731,4,4845818.11,19383272.44
45780,731,2188,5066,5433,20230624,5088,3,4845818.11,14537454.33
45781,159,438,5569,5433,20230827,5120,1,4845818.11,4845818.11
45782,1000,2976,5171,5433,20230412,5051,3,4845818.11,14537454.33
45783,1732,5076,5767,5444,20230328,5044,2,3662605.58,7325211.16
45784,587,1739,5961,5444,20240311,5218,1,3662605.58,3662605.58
45785,353,1005,5944,5451,20240430,5243,1,2052306.53,2052306.53
45786,20,54,5276,5451,20241121,5718,1,2052306.53,2052306.53
45787,327,930,5160,5451,20240312,5219,1,2052306.53,2052306.53
45788,506,1483,5194,5451,20231005,5139,2,2052306.53,4104613.06
45789,800,2395,5015,5451,20240418,5237,3,2052306.53,6156919.59
45790,667,1997,5577,5458,20241103,5709,2,1006377.26,2012754.52
45791,1205,3574,5898,5458,20240409,5233,3,1006377.26,3019131.78
45792,753,2260,5309,5458,20240619,5268,1,1006377.26,1006377.26
45793,662,1986,5059,5458,20240926,5690,3,1006377.26,3019131.78
45794,611,1830,5765,5458,20230206,5019,2,1006377.26,2012754.52
45795,104,299,5292,5458,20240728,5288,4,1006377.26,4025509.04
45796,626,1865,5384,5458,20241218,5731,4,1006377.26,4025509.04
45797,936,2792,5469,5469,20241205,5725,1,4187022.97,4187022.97
45798,777,2330,5317,5469,20240816,5297,1,4187022.97,4187022.97
45799,1164,3463,5435,5469,20241202,5723,2,4187022.97,8374045.94
45800,733,2192,5444,5469,20240901,5305,4,4187022.97,16748091.88
45801,951,2849,5652,5469,20231026,5150,4,4187022.97,16748091.88
45802,1719,5037,5271,5469,20241022,5703,3,4187022.97,12561068.91
45803,1357,3971,5139,5476,20241025,5704,1,4828482.24,4828482.24
45804,95,280,5011,5476,20230609,5080,3,4828482.24,14485446.72
45805,1688,4949,5338,5476,20230526,5073,1,4828482.24,4828482.24
45806,1288,3805,5981,5476,20240112,5189,5,4828482.24,24142411.2
45807,922,2761,5165,5476,20240224,5210,1,4828482.24,4828482.24
45808,950,2843,5515,5476,20231231,5183,2,4828482.24,9656964.48
45809,843,2514,5401,5476,20240408,5232,2,4828482.24,9656964.48
45810,1593,4672,5114,5483,20241015,5699,3,4861102.74,14583308.22
45811,808,2417,5378,5483,20240627,5272,1,4861102.74,4861102.74
45812,1486,4375,5050,5483,20240826,5302,4,4861102.74,19444410.96
45813,41,119,5295,5483,20240804,5291,1,4861102.74,4861102.74
45814,1307,3847,5111,5483,20230216,5024,4,4861102.74,19444410.96
45815,396,1148,5943,5483,20241106,5710,5,4861102.74,24305513.7
45816,374,1072,5360,5494,20231108,5156,2,749516.71,1499033.42
45817,781,2338,5272,5494,20240227,5212,2,749516.71,1499033.42
45818,1018,3031,5960,5494,20241126,5720,3,749516.71,2248550.13
45819,1840,5420,5856,5494,20230615,5083,4,749516.71,2998066.84
45820,1879,5538,5228,5494,20241211,5728,3,749516.71,2248550.13
45821,1317,3870,5773,5494,20240824,5301,3,749516.71,2248550.13
45822,817,2447,5025,5494,20240807,5293,2,749516.71,1499033.42
45823,1586,4654,5973,5501,20231015,5144,1,2020840.05,2020840.05
45824,1019,3033,5686,5501,20230114,5007,3,2020840.05,6062520.15
45825,1475,4333,5372,5501,20230806,5109,5,2020840.05,10104200.25
45826,1642,4821,5768,5501,20230409,5050,3,2020840.05,6062520.15
45827,287,816,5239,5501,20231022,5148,5,2020840.05,10104200.25
45828,809,2422,5351,5508,20241214,5729,5,4292591.57,21462957.85
45829,1275,3769,5508,5508,20230219,5025,5,4292591.57,21462957.85
45830,1097,3251,5758,5508,20230820,5116,1,4292591.57,4292591.57
45831,1890,5576,5632,5519,20240314,5220,5,686892.61,3434463.05
45832,1643,4827,5883,5519,20240225,5211,4,686892.61,2747570.44
45833,894,2674,5150,5519,20230426,5058,5,686892.61,3434463.05
45834,1456,4259,5753,5519,20240122,5194,1,686892.61,686892.61
45835,1317,3869,5773,5519,20240824,5301,1,686892.61,686892.61
45836,1836,5412,5085,5526,20240417,5237,3,3409060.06,10227180.18
45837,1850,5447,5287,5526,20241109,5712,5,3409060.06,17045300.3
45838,156,432,5934,5526,20231231,5183,4,3409060.06,13636240.24
45839,1059,3150,5689,5526,20230423,5057,3,3409060.06,10227180.18
45840,991,2943,5200,5526,20230530,5075,2,3409060.06,6818120.12
45841,1589,4664,5038,5526,20240520,5253,4,3409060.06,13636240.24
45842,1471,4322,5384,5526,20240601,5259,4,3409060.06,13636240.24
45843,754,2261,5623,5526,20230902,5123,3,3409060.06,10227180.18
45844,1090,3232,5947,5533,20241114,5714,4,257758.7,1031034.8
45845,1583,4643,5187,5533,20240418,5237,3,257758.7,773276.1
45846,1584,4647,5010,5533,20230717,5099,5,257758.7,1288793.5
45847,1746,5117,5101,5544,20231011,5142,5,1267473.56,6337367.8
45848,873,2617,5175,5544,20230620,5086,2,1267473.56,2534947.12
45849,346,984,5625,5544,20240912,5311,2,1267473.56,2534947.12
45850,828,2479,5415,5551,20231210,5172,3,4941921.22,14825763.66
45851,1735,5086,5364,5551,20240820,5299,2,4941921.22,9883842.44
45852,1814,5347,5313,5551,20240919,5314,4,4941921.22,19767684.88
45853,571,1699,5459,5551,20231016,5145,2,4941921.22,9883842.44
45854,912,2733,5124,5551,20231112,5158,2,4941921.22,9883842.44
45855,1950,5752,5928,5551,20241112,5713,2,4941921.22,9883842.44
45856,1522,4475,5894,5558,20230921,5132,2,4987370.81,9974741.62
45857,185,514,5853,5558,20230310,5035,2,4987370.81,9974741.62
45858,1245,3690,5815,5558,20241104,5709,2,4987370.81,9974741.62
45859,1170,3478,5304,5558,20231121,5163,4,4987370.81,19949483.24
45860,902,2705,5024,5558,20231012,5143,2,4987370.81,9974741.62
45861,1700,4980,5826,5569,20230903,5123,5,3628681.32,18143406.6
45862,1665,4893,5598,5569,20230109,5005,1,3628681.32,3628681.32
45863,1911,5640,5604,5569,20230404,5047,4,3628681.32,14514725.28
45864,1961,5784,5219,5576,20231106,5155,1,2357977.47,2357977.47
45865,1439,4208,5236,5576,20231116,5160,1,2357977.47,2357977.47
45866,1798,5296,5207,5576,20230312,5036,5,2357977.47,11789887.35
45867,1764,5180,5864,5576,20230329,5044,4,2357977.47,9431909.88
45868,1373,4022,5954,5576,20240509,5248,1,2357977.47,2357977.47
45869,1574,4619,5778,5576,20241214,5729,2,2357977.47,4715954.94
45870,1831,5394,5874,5576,20231218,5176,5,2357977.47,11789887.35
45871,1537,4516,5063,5576,20230428,5059,2,2357977.47,4715954.94
45872,683,2045,5106,5576,20240328,5227,5,2357977.47,11789887.35
45873,432,1252,5583,5583,20230301,5030,2,724688.52,1449377.04
45874,751,2248,5988,5583,20240502,5244,3,724688.52,2174065.56
45875,1081,3203,5579,5583,20241104,5709,5,724688.52,3623442.6
45876,744,2221,5913,5583,20240818,5298,2,724688.52,1449377.04
45877,237,662,5139,5583,20230929,5136,4,724688.52,2898754.08
45878,3,11,5852,5583,20230823,5118,1,724688.52,724688.52
45879,411,1194,5503,5583,20230908,5126,1,724688.52,724688.52
45880,1437,4203,5995,5583,20240707,5277,1,724688.52,724688.52
45881,212,590,5133,5594,20241112,5713,2,1922748.94,3845497.88
45882,1271,3763,5225,5594,20241104,5709,2,1922748.94,3845497.88
45883,1946,5744,5751,5594,20240130,5198,2,1922748.94,3845497.88
45884,1161,3451,5478,5601,20241118,5716,5,1567340.38,7836701.9
45885,886,2650,5199,5601,20240526,5256,4,1567340.38,6269361.52
45886,215,599,5671,5601,20240531,5259,4,1567340.38,6269361.52
45887,349,995,5914,5601,20230323,5041,5,1567340.38,7836701.9
45888,1838,5416,5920,5608,20241231,5738,5,1802661.92,9013309.6
45889,1853,5465,5783,5608,20230219,5025,5,1802661.92,9013309.6
45890,622,1855,5955,5608,20230425,5058,3,1802661.92,5407985.76
45891,289,827,5024,5608,20240405,5231,1,1802661.92,1802661.92
45892,1807,5327,5824,5608,20240213,5205,4,1802661.92,7210647.68
45893,1471,4320,5384,5608,20240601,5259,3,1802661.92,5407985.76
45894,437,1265,5636,5608,20240622,5270,2,1802661.92,3605323.84
45895,587,1741,5961,5608,20240311,5218,2,1802661.92,3605323.84
45896,1121,3325,5985,5608,20230307,5033,3,1802661.92,5407985.76
45897,851,2537,5945,5619,20230320,5040,5,250692.93,1253464.65
45898,783,2341,5056,5619,20240822,5300,3,250692.93,752078.79
45899,1519,4472,5335,5938,20230124,5012,4,3117760.91,12471043.64
45900,1430,4180,5805,5938,20240711,5279,5,3117760.91,15588804.55
45901,1097,3253,5758,5938,20230820,5116,1,3117760.91,3117760.91
45902,1052,3132,5348,5938,20230502,5061,5,3117760.91,15588804.55
45903,414,1202,5666,5945,20230601,5076,3,1483802.49,4451407.47
45904,1703,4990,5898,5945,20240320,5223,3,1483802.49,4451407.47
45905,1515,4459,5342,5945,20241223,5734,4,1483802.49,5935209.96
45906,905,2716,5976,5945,20240608,5263,4,1483802.49,5935209.96
45907,1646,4839,5632,5945,20240314,5220,4,1483802.49,5935209.96
45908,602,1794,5757,5945,20240428,5242,1,1483802.49,1483802.49
45909,13,40,5056,5945,20240813,5296,5,1483802.49,7419012.45
45910,400,1162,5639,5945,20240401,5229,1,1483802.49,1483802.49
45911,448,1302,5994,5945,20240727,5287,3,1483802.49,4451407.47
45912,173,483,5263,5956,20230927,5135,3,1327983.86,3983951.58
45913,1224,3629,5159,5956,20230829,5121,4,1327983.86,5311935.44
45914,576,1713,5374,5956,20241109,5712,1,1327983.86,1327983.86
45915,471,1375,5860,5963,20241003,5693,2,3320141.59,6640283.18
45916,63,175,5617,5963,20241228,5736,2,3320141.59,6640283.18
45917,911,2729,5247,5963,20231019,5146,3,3320141.59,9960424.77
45918,1288,3802,5981,5963,20240112,5189,4,3320141.59,13280566.36
45919,1631,4796,5337,5963,20240906,5308,3,3320141.59,9960424.77
45920,837,2503,5377,5963,20230427,5059,4,3320141.59,13280566.36
45921,221,616,5465,5963,20231128,5166,1,3320141.59,3320141.59
45922,1470,4317,5924,5963,20240302,5214,2,3320141.59,6640283.18
45923,1066,3169,5782,5970,20241123,5719,3,1366447.12,4099341.36
45924,285,812,5200,5970,20230225,5028,4,1366447.12,5465788.48
45925,1732,5074,5767,5970,20230328,5044,3,1366447.12,4099341.36
45926,927,2771,5044,5970,20240721,5284,3,1366447.12,4099341.36
45927,73,206,5056,5970,20240429,5243,4,1366447.12,5465788.48
45928,145,407,5016,5970,20240320,5223,5,1366447.12,6832235.6
45929,1767,5190,5871,5970,20240325,5225,3,1366447.12,4099341.36
45930,1999,5890,5123,5970,20230228,5030,4,1366447.12,5465788.48
45931,1883,5549,5621,5970,20231210,5172,4,1366447.12,5465788.48
45932,899,2694,5057,5970,20230405,5048,1,1366447.12,1366447.12
45933,1372,4018,5681,5981,20231017,5145,5,573558.02,2867790.1
45934,1943,5730,5724,5981,20231223,5179,4,573558.02,2294232.08
45935,59,165,5302,5981,20240919,5314,2,573558.02,1147116.04
45936,746,2232,5017,5981,20240121,5193,3,573558.02,1720674.06
45937,1028,3060,5740,5981,20230827,5120,5,573558.02,2867790.1
45938,162,446,5254,5981,20241206,5725,1,573558.02,573558.02
45939,683,2048,5106,5981,20240328,5227,3,573558.02,1720674.06
45940,183,511,5114,5981,20241018,5701,2,573558.02,1147116.04
45941,1603,4704,5222,5981,20241125,5720,5,573558.02,2867790.1
45942,1730,5066,5937,5988,20240122,5194,3,2414829.09,7244487.27
45943,803,2407,5197,5988,20230816,5114,5,2414829.09,12074145.45
45944,931,2780,5487,5988,20230103,5002,3,2414829.09,7244487.27
45945,857,2561,5243,5988,20230516,5068,1,2414829.09,2414829.09
45946,1782,5243,5435,5988,20240205,5201,2,2414829.09,4829658.18
45947,901,2702,5446,5988,20240820,5299,5,2414829.09,12074145.45
45948,65,184,5763,5988,20240331,5228,5,2414829.09,12074145.45
45949,1788,5262,5388,5988,20230202,5017,4,2414829.09,9659316.36
45950,1069,3175,5245,5995,20230512,5066,4,4851023.79,19404095.16
45951,854,2550,5203,5995,20230729,5105,1,4851023.79,4851023.79
45952,608,1820,5585,5995,20240608,5263,2,4851023.79,9702047.58
45953,580,1725,5914,5995,20241117,5716,5,4851023.79,24255118.95
45954,1776,5227,5024,5995,20231130,5167,5,4851023.79,24255118.95
45955,870,2609,5786,5995,20240116,5191,5,4851023.79,24255118.95
45956,138,381,5642,5995,20231127,5166,1,4851023.79,4851023.79
