transaction_item_id,transaction_id,product_id,quantity,price
1,1,892,4,279769.23
2,1,743,2,3604863.8
3,1,27,5,615598.65
4,1,126,5,2808825.0
5,2,974,2,4908030.16
6,2,378,4,2973093.93
7,2,634,4,3507226.08
8,3,424,2,2610363.0
9,3,4,3,1817131.41
10,3,18,3,1008889.92
11,3,895,1,724688.52
12,3,993,3,383577.56
13,4,240,5,2237740.92
14,4,497,4,3510118.37
15,4,757,5,1696373.42
16,4,814,1,203524.84
17,5,439,4,1950290.54
18,5,675,1,4110210.15
19,5,752,4,1481593.98
20,6,622,2,761326.22
21,6,730,2,4744452.64
22,6,891,5,2653894.14
23,7,804,5,3934887.69
24,7,33,2,338083.05
25,7,510,1,4252030.14
26,7,309,5,95541.56
27,7,896,4,3896916.48
28,8,918,4,2173989.5
29,8,978,1,3898029.83
30,9,679,5,1382159.03
31,9,247,2,1192151.13
32,9,217,2,3504920.54
33,9,772,1,4885517.9
34,10,446,1,2988884.44
35,11,952,3,3899835.85
36,11,925,4,2952567.25
37,12,226,3,3271135.15
38,12,682,4,3239919.22
39,12,975,1,527528.4
40,13,945,5,1483802.49
41,13,649,4,4823527.26
42,14,815,3,3455663.63
43,15,955,5,2289188.66
44,15,785,5,4853820.63
45,16,660,3,4274460.51
46,17,933,4,626739.36
47,17,670,5,996774.18
48,17,990,4,68107.89
49,17,828,2,3707314.55
50,18,266,1,471395.34
51,18,298,1,2624482.63
52,19,92,3,265276.86
53,20,960,2,2135716.08
54,20,763,1,2052306.53
55,20,587,3,2487100.53
56,20,131,3,3054282.13
57,20,977,4,914490.2
58,21,755,1,4440777.03
59,21,319,1,1506873.46
60,21,605,5,2768795.29
61,21,195,4,1103451.72
62,21,434,3,4792728.48
63,22,817,2,4486186.5
64,22,533,5,2602026.83
65,22,605,2,2768795.29
66,23,405,1,2915397.66
67,24,873,4,2919288.28
68,24,324,2,3517197.3
69,24,836,3,1377147.72
70,24,858,2,2926590.91
71,24,512,4,4125989.76
72,25,616,3,49766.18
73,25,150,1,3193343.42
74,26,328,3,4475008.15
75,26,515,1,2835049.13
76,26,281,5,2568954.53
77,26,490,2,2666081.18
78,26,507,3,4345849.74
79,27,61,3,2419894.64
80,27,157,2,3781996.19
81,27,869,2,3609203.16
82,27,718,1,3874088.83
83,28,878,4,4204787.09
84,28,745,4,4845818.11
85,29,835,2,4590975.04
86,29,23,5,2754485.77
87,29,402,3,1270881.61
88,30,695,4,2651867.14
89,30,357,4,1809894.14
90,30,401,1,3170346.84
91,30,541,3,1919778.04
92,31,714,2,4034162.61
93,31,718,5,3874088.83
94,31,404,1,379086.03
95,32,332,5,4497565.14
96,32,887,1,2324165.53
97,33,469,2,1467528.65
98,33,592,2,3859437.15
99,33,453,4,593575.03
100,34,919,2,1720236.87
101,34,215,2,3731564.37
102,34,824,2,1354405.71
103,35,371,5,702811.89
104,36,695,2,2651867.14
105,37,974,4,4908030.16
106,37,696,2,4870159.51
107,37,949,1,73619.51
108,37,99,3,2793580.87
109,38,184,1,44082.3
110,38,121,5,1575325.49
111,38,666,3,1867476.32
112,38,608,4,1363577.21
113,39,643,4,1597108.02
114,39,251,1,3133705.76
115,40,247,4,1192151.13
116,41,310,5,4032776.82
117,41,978,2,3898029.83
118,41,669,4,118782.91
119,41,795,1,4861102.74
120,42,886,4,1864695.32
121,42,282,4,2335360.29
122,42,377,1,3607288.27
123,42,123,1,2057783.27
124,43,125,4,3531818.41
125,44,231,1,3370764.29
126,44,601,5,229749.16
127,44,587,4,2487100.53
128,44,281,1,2568954.53
129,44,814,5,203524.84
130,45,394,4,3411746.04
131,45,661,4,482679.13
132,46,586,2,3510483.06
133,46,102,3,2505388.74
134,46,66,5,3037234.71
135,47,416,1,2234434.97
136,47,404,5,379086.03
137,48,803,5,2603244.01
138,48,501,1,3142785.98
139,48,532,5,672171.96
140,48,552,1,1579373.3
141,48,772,2,4885517.9
142,49,186,5,4770633.77
143,50,6,5,4744629.41
144,50,458,3,2779013.75
145,51,41,2,3841230.37
146,52,212,2,2798398.02
147,52,90,5,3640265.24
148,52,263,1,1948211.05
149,52,87,1,1435884.42
150,52,519,3,2212016.88
151,53,990,5,68107.89
152,53,176,4,3244943.84
153,53,968,1,922518.41
154,54,308,1,2683333.13
155,54,969,5,2007248.63
156,55,675,5,4110210.15
157,55,456,2,2878282.16
158,55,591,4,3667349.83
159,56,536,3,3473214.7
160,56,621,5,3664992.05
161,56,523,2,803297.54
162,57,679,1,1382159.03
163,58,38,2,3215269.56
164,58,146,3,1077794.17
165,59,981,2,573558.02
166,59,617,5,1465059.5
167,60,606,3,1130331.42
168,60,285,2,1571480.87
169,61,433,1,1661638.38
170,61,564,3,668594.57
171,61,267,4,267167.78
172,61,666,2,1867476.32
173,61,410,4,840029.08
174,62,968,3,922518.41
175,63,963,2,3320141.59
176,63,549,2,4483998.8
177,63,73,3,1247115.22
178,63,649,2,4823527.26
179,64,578,5,2936321.44
180,64,620,2,4988957.71
181,64,430,2,3243369.89
182,65,807,4,4625391.55
183,65,389,1,4839137.8
184,65,988,5,2414829.09
185,66,80,3,2498810.94
186,66,128,5,4783860.61
187,67,701,5,1780475.13
188,68,68,3,3673656.78
189,68,656,1,4842316.02
190,68,372,3,1349349.92
191,68,797,3,401058.93
192,69,890,2,2507382.1
193,69,281,1,2568954.53
194,70,387,2,4823227.37
195,71,975,1,527528.4
196,71,802,1,2764750.42
197,71,180,5,4136679.23
198,71,746,3,2470479.15
199,72,842,4,1727802.53
200,72,98,5,1975579.53
201,72,358,5,35924.16
202,72,887,3,2324165.53
203,72,565,3,1833408.19
204,73,102,1,2505388.74
205,73,175,3,1660113.64
206,73,970,4,1366447.12
207,73,186,3,4770633.77
208,73,826,5,947799.1
209,74,609,4,2861964.45
210,74,489,5,4029148.06
211,74,131,3,3054282.13
212,74,10,5,1255562.15
213,74,731,2,4255277.26
214,75,147,4,4665789.43
215,75,582,3,4623892.49
216,76,941,3,1420706.77
217,77,695,5,2651867.14
218,77,429,4,122699.72
219,78,450,3,4594226.07
220,78,818,4,1695951.75
221,79,294,3,4832876.25
222,79,976,4,4013301.27
223,79,534,2,56341.87
224,79,313,1,967740.96
225,79,971,3,3452613.13
226,80,790,3,2386548.78
227,80,866,1,949916.81
228,80,650,1,2265066.21
229,80,79,2,2496345.05
230,81,170,5,4642989.68
231,82,87,3,1435884.42
232,83,952,4,3899835.85
233,83,828,1,3707314.55
234,83,986,4,2600307.4
235,83,694,5,302370.24
236,83,955,2,2289188.66
237,84,510,5,4252030.14
238,84,702,5,888740.83
239,84,715,1,3587518.79
240,84,416,1,2234434.97
241,85,195,1,1103451.72
242,85,732,4,918587.96
243,85,720,5,3525644.67
244,85,768,3,29039.71
245,85,251,5,3133705.76
246,86,44,5,1527581.47
247,86,460,2,1579754.27
248,86,691,5,1948022.56
249,86,926,2,624578.29
250,86,180,1,4136679.23
251,87,860,2,2811671.02
252,87,527,3,268418.5
253,87,976,1,4013301.27
254,88,508,4,3657350.37
255,88,175,3,1660113.64
256,88,994,1,1609962.74
257,88,347,2,157832.04
258,89,872,1,1947491.86
259,89,298,3,2624482.63
260,89,495,3,4594655.87
261,89,272,2,1522908.25
262,89,3,5,1187616.95
263,90,223,3,1878559.99
264,90,952,5,3899835.85
265,90,846,1,4286984.83
266,90,958,4,4371960.84
267,91,869,4,3609203.16
268,91,59,3,2495209.92
269,91,7,5,2225257.05
270,91,472,3,2832595.8
271,91,306,3,42995.66
272,92,6,3,4744629.41
273,93,412,3,4834387.56
274,93,10,1,1255562.15
275,94,504,2,3476571.04
276,94,87,5,1435884.42
277,94,527,2,268418.5
278,94,421,1,589186.0
279,95,8,2,2873869.67
280,95,788,3,4828482.24
281,95,232,4,2664348.71
282,95,405,3,2915397.66
283,96,374,4,1387049.74
284,96,914,2,1923916.88
285,96,550,3,3764703.78
286,97,450,4,4594226.07
287,98,144,3,1738353.94
288,98,766,4,1970582.05
289,99,368,2,3898053.84
290,100,195,3,1103451.72
291,101,137,4,1592033.32
292,102,762,3,1662161.95
293,102,923,1,3638572.45
294,102,165,2,4985887.3
295,102,972,4,4001496.49
296,103,122,4,2070670.95
297,103,501,5,3142785.98
298,103,508,2,3657350.37
299,104,770,4,1006377.26
300,104,514,4,1695398.22
301,104,135,1,3858159.6
302,105,812,1,196953.7
303,106,160,3,3264970.66
304,106,513,1,1349998.82
305,107,54,3,4214224.72
306,107,440,5,1036864.55
307,108,445,4,2643297.95
308,109,289,4,1483009.51
309,109,85,4,262196.62
310,109,254,5,3931164.93
311,110,747,5,1762643.53
312,110,192,2,3433507.36
313,111,786,1,2772473.51
314,111,885,3,2108158.12
315,111,718,2,3874088.83
316,112,204,4,2867781.35
317,112,724,1,3961294.2
318,112,718,5,3874088.83
319,112,626,2,3797056.47
320,113,876,5,4533567.26
321,113,645,2,689198.11
322,114,124,2,4365360.37
323,114,411,1,2820469.26
324,115,197,2,3741196.84
325,115,437,1,1983956.07
326,115,632,2,229062.33
327,116,886,1,1864695.32
328,117,418,5,1731387.26
329,117,314,2,4077919.81
330,117,228,3,2648924.27
331,117,437,4,1983956.07
332,118,523,4,803297.54
333,119,312,1,2626683.15
334,120,373,3,325703.08
335,120,966,3,4393592.93
336,120,729,4,645468.34
337,121,328,1,4475008.15
338,121,187,1,2916479.15
339,122,54,3,4214224.72
340,123,293,4,1294060.52
341,123,287,5,3708849.37
342,124,442,2,1835307.22
343,125,972,4,4001496.49
344,125,373,3,325703.08
345,125,312,1,2626683.15
346,126,686,1,1005294.46
347,127,789,2,2867844.31
348,127,340,3,1925392.61
349,127,760,3,3040514.95
350,127,761,5,793947.85
351,127,542,5,3211464.98
352,128,244,3,709276.52
353,128,216,5,235996.12
354,128,394,1,3411746.04
355,129,134,5,4708012.88
356,130,43,5,4158640.12
357,131,198,4,2085069.62
358,131,948,1,1659712.04
359,132,965,5,4775894.89
360,133,352,3,437613.65
361,133,743,4,3604863.8
362,133,780,2,2330639.2
363,133,547,2,4600271.68
364,133,45,2,1620077.15
365,134,429,5,122699.72
366,134,729,3,645468.34
367,135,999,3,4008293.83
368,135,917,3,2285072.3
369,135,460,1,1579754.27
370,135,933,4,626739.36
371,135,70,4,3805718.32
372,136,537,5,363433.24
373,136,810,1,1921386.93
374,136,171,5,1429962.65
375,136,281,2,2568954.53
376,137,47,5,4231209.19
377,137,63,2,3446181.72
378,137,759,4,4712786.87
379,138,702,5,888740.83
380,138,892,5,279769.23
381,138,995,1,4851023.79
382,138,170,4,4642989.68
383,139,394,5,3411746.04
384,139,799,4,4172199.51
385,139,411,5,2820469.26
386,139,279,2,1909502.1
387,139,189,1,3466915.27
388,140,586,2,3510483.06
389,140,607,1,2087120.43
390,141,467,5,2448610.56
391,141,725,5,3249409.53
392,141,266,3,471395.34
393,141,873,2,2919288.28
394,141,304,3,1872271.46
395,142,122,2,2070670.95
396,142,230,1,4892668.51
397,142,547,2,4600271.68
398,142,299,1,4726488.67
399,142,655,2,750135.75
400,143,950,2,4535331.42
401,143,277,1,1989193.98
402,143,658,2,1308232.3
403,144,548,1,4301213.0
404,144,2,3,183646.84
405,145,996,3,2539577.37
406,145,333,1,904978.97
407,145,970,5,1366447.12
408,145,271,2,2402177.09
409,145,419,5,2419027.71
410,146,333,1,904978.97
411,146,641,1,4256059.39
412,146,844,3,1432496.19
413,147,749,3,3945762.67
414,147,181,3,442821.47
415,148,551,5,1764162.85
416,149,740,4,2238683.37
417,150,891,5,2653894.14
418,150,565,2,1833408.19
419,150,837,4,2530580.61
420,151,333,3,904978.97
421,151,209,5,4045373.5
422,152,160,4,3264970.66
423,152,238,4,1210924.81
424,152,378,2,2973093.93
425,152,924,4,1063839.24
426,153,508,2,3657350.37
427,154,190,2,3342252.71
428,154,194,5,1844044.08
429,154,503,2,2020225.36
430,154,664,3,4153557.94
431,155,318,2,4951262.83
432,156,838,4,3409060.06
433,156,704,5,4570760.22
434,157,72,2,621384.33
435,157,74,4,262520.41
436,158,466,4,2083995.87
437,158,103,5,204180.69
438,159,745,1,4845818.11
439,159,618,1,3700484.17
440,160,394,1,3411746.04
441,160,113,1,3985806.52
442,160,782,1,764142.07
443,160,136,2,3454297.16
444,161,275,2,3736927.35
445,162,14,1,1316265.62
446,162,981,1,573558.02
447,162,556,3,4240981.6
448,162,874,1,1722403.58
449,162,208,2,463798.81
450,163,778,5,1853314.31
451,163,914,4,1923916.88
452,163,836,2,1377147.72
453,163,315,3,3976732.3
454,164,159,2,4540605.42
455,164,58,5,3094361.05
456,164,709,3,2715201.76
457,164,643,5,1597108.02
458,165,22,1,3342520.55
459,166,558,3,3741739.77
460,167,524,4,475766.52
461,168,2,2,183646.84
462,168,25,2,3561927.43
463,169,395,2,4765493.01
464,169,362,3,2789355.31
465,169,232,4,2664348.71
466,169,704,1,4570760.22
467,170,174,1,1371457.04
468,170,230,1,4892668.51
469,170,980,3,2420567.49
470,170,366,1,4319953.7
471,171,342,1,2508956.33
472,171,370,1,3429726.8
473,171,918,1,2173989.5
474,171,620,2,4988957.71
475,171,183,4,2392495.95
476,172,343,5,277945.2
477,172,186,4,4770633.77
478,172,154,3,35855.42
479,172,640,3,1191490.96
480,172,357,1,1809894.14
481,173,939,4,2099940.5
482,173,678,3,1776176.83
483,173,956,3,1327983.86
484,174,808,1,3930870.7
485,175,797,2,401058.93
486,175,328,2,4475008.15
487,176,458,4,2779013.75
488,176,835,1,4590975.04
489,176,116,5,3609786.56
490,176,438,3,2253379.31
491,177,93,3,1818993.64
492,177,131,2,3054282.13
493,178,362,3,2789355.31
494,178,507,4,4345849.74
495,178,493,4,4762462.75
496,178,617,3,1465059.5
497,179,822,2,680583.75
498,179,393,4,2965212.9
499,180,510,5,4252030.14
500,180,547,4,4600271.68
501,180,546,5,3144119.39
502,180,842,2,1727802.53
503,180,394,1,3411746.04
504,181,733,4,4605980.7
505,181,540,5,4406135.08
506,181,796,2,639668.13
507,181,720,1,3525644.67
508,181,241,3,1231223.41
509,182,209,1,4045373.5
510,183,572,4,2123640.42
511,183,981,2,573558.02
512,183,944,1,1796029.96
513,184,934,3,2377237.73
514,185,870,2,4987370.81
515,185,302,4,349160.03
516,185,148,5,694992.04
517,186,249,2,2073665.43
518,186,848,2,3261420.79
519,186,58,2,3094361.05
520,186,121,2,1575325.49
521,187,751,1,3997980.88
522,187,713,4,13410.65
523,187,381,1,1667763.9
524,187,719,1,4803188.16
525,188,76,4,1248868.7
526,188,858,5,2926590.91
527,188,892,2,279769.23
528,188,31,2,2342355.14
529,188,375,2,2426314.26
530,189,251,1,3133705.76
531,190,583,4,2272325.49
532,191,784,2,4042818.99
533,191,482,2,4312376.13
534,192,716,3,307184.25
535,192,482,4,4312376.13
536,192,740,3,2238683.37
537,192,455,1,2097013.14
538,192,294,1,4832876.25
539,193,62,1,1494195.02
540,193,619,2,2324994.19
541,194,165,1,4985887.3
542,194,406,4,2722789.56
543,194,697,4,1246806.7
544,194,568,3,78829.19
545,194,942,5,2493717.93
546,195,314,2,4077919.81
547,195,434,2,4792728.48
548,195,279,1,1909502.1
549,195,535,4,4087374.04
550,195,974,2,4908030.16
551,196,411,5,2820469.26
552,196,58,2,3094361.05
553,197,189,5,3466915.27
554,197,620,1,4988957.71
555,197,837,4,2530580.61
556,197,489,3,4029148.06
557,198,848,4,3261420.79
558,198,169,1,1498977.13
559,198,823,3,3872414.19
560,198,663,4,616051.74
561,199,277,1,1989193.98
562,199,107,1,820885.21
563,200,618,3,3700484.17
564,200,29,2,3953961.57
565,200,289,2,1483009.51
566,201,110,1,2379714.07
567,201,217,5,3504920.54
568,201,12,3,2500229.36
569,201,193,5,3454548.98
570,201,207,1,3587420.65
571,202,276,1,4573062.07
572,202,584,5,1553357.42
573,203,578,4,2936321.44
574,204,50,3,3075997.11
575,205,967,3,1869384.54
576,206,366,3,4319953.7
577,207,513,2,1349998.82
578,207,323,4,290013.55
579,207,744,3,1935826.12
580,207,998,2,403364.67
581,208,340,4,1925392.61
582,209,104,5,4021789.62
583,209,827,2,4568029.7
584,209,25,5,3561927.43
585,209,816,4,3731291.6
586,209,489,5,4029148.06
587,210,298,2,2624482.63
588,211,699,4,3822608.12
589,211,81,1,2491877.66
590,212,906,2,1922748.94
591,212,827,2,4568029.7
592,213,987,5,2169911.06
593,213,529,5,2151862.39
594,214,953,3,3620582.45
595,214,459,2,1451285.52
596,214,348,3,3919905.21
597,214,369,5,2864082.55
598,214,877,4,2541501.13
599,215,913,4,1567340.38
600,216,214,5,1279741.52
601,216,622,1,761326.22
602,217,581,4,298950.66
603,217,100,1,3777276.21
604,218,785,3,4853820.63
605,218,561,1,1212997.96
606,219,97,4,652030.32
607,219,322,2,1892076.15
608,219,957,3,508046.49
609,219,166,1,3941923.54
610,220,591,3,3667349.83
611,220,362,1,2789355.31
612,220,73,2,1247115.22
613,221,265,4,4611908.26
614,221,263,4,1948211.05
615,221,666,2,1867476.32
616,221,963,1,3320141.59
617,222,500,1,2452399.04
618,222,373,3,325703.08
619,222,411,4,2820469.26
620,222,878,5,4204787.09
621,222,940,2,2562808.08
622,223,376,5,1812013.31
623,223,866,5,949916.81
624,223,975,3,527528.4
625,223,383,1,2206712.38
626,224,519,4,2212016.88
627,224,270,1,4025206.58
628,224,636,1,2908045.43
629,224,759,2,4712786.87
630,225,9,2,1996189.89
631,225,874,1,1722403.58
632,225,298,4,2624482.63
633,225,163,5,2095246.06
634,225,409,1,3291432.21
635,226,398,4,4158096.23
636,226,686,1,1005294.46
637,227,478,4,2736302.84
638,227,658,5,1308232.3
639,227,922,4,105432.42
640,228,88,2,4237390.1
641,229,940,4,2562808.08
642,230,205,4,831040.41
643,230,337,1,820626.75
644,230,325,3,2504293.38
645,230,619,4,2324994.19
646,231,720,4,3525644.67
647,231,118,3,747400.78
648,232,40,5,650389.71
649,232,160,4,3264970.66
650,232,150,2,3193343.42
651,232,328,5,4475008.15
652,233,616,4,49766.18
653,234,959,3,1807471.17
654,235,485,2,1057292.06
655,235,56,2,415302.05
656,235,889,1,2366376.22
657,235,976,4,4013301.27
658,236,259,2,1510674.73
659,236,86,2,2991618.67
660,236,71,3,1602388.27
661,237,84,3,2920887.12
662,237,895,4,724688.52
663,237,893,4,695452.64
664,237,538,2,455762.09
665,238,189,1,3466915.27
666,238,95,4,3824376.53
667,238,351,3,2164921.25
668,239,204,3,2867781.35
669,239,965,4,4775894.89
670,240,487,5,838248.27
671,240,706,2,4738318.09
672,240,989,4,751785.72
673,240,364,5,1776032.29
674,241,843,1,3747316.06
675,241,575,5,404317.59
676,241,204,1,2867781.35
677,241,741,5,1056324.58
678,242,149,3,1219865.61
679,242,681,3,3074391.82
680,242,15,2,3523148.68
681,242,919,4,1720236.87
682,242,957,2,508046.49
683,243,886,3,1864695.32
684,243,117,4,860855.19
685,243,270,5,4025206.58
686,243,740,1,2238683.37
687,244,966,2,4393592.93
688,244,650,4,2265066.21
689,244,655,5,750135.75
690,244,100,1,3777276.21
691,245,764,2,3306383.48
692,245,431,5,4650313.01
693,246,616,4,49766.18
694,246,222,3,3831480.14
695,247,976,2,4013301.27
696,247,996,5,2539577.37
697,248,380,3,1530243.4
698,249,310,3,4032776.82
699,250,839,1,1868609.14
700,250,717,4,2937179.78
701,250,665,4,662269.04
702,250,424,4,2610363.0
703,250,361,3,945085.0
704,251,437,5,1983956.07
705,251,998,3,403364.67
706,251,117,2,860855.19
707,251,470,4,1131968.65
708,251,383,2,2206712.38
709,252,610,2,2515184.3
710,252,556,4,4240981.6
711,252,391,3,4084307.63
712,252,866,4,949916.81
713,252,650,3,2265066.21
714,253,961,1,484042.37
715,253,90,1,3640265.24
716,253,92,1,265276.86
717,253,632,4,229062.33
718,253,107,4,820885.21
719,254,950,5,4535331.42
720,254,103,4,204180.69
721,254,516,5,3943635.23
722,254,826,1,947799.1
723,254,684,3,314285.55
724,255,217,2,3504920.54
725,255,796,4,639668.13
726,255,565,4,1833408.19
727,255,118,2,747400.78
728,256,974,1,4908030.16
729,256,360,4,520134.76
730,256,423,4,2282109.85
731,256,8,3,2873869.67
732,257,520,3,4959272.81
733,257,275,3,3736927.35
734,258,859,4,2562453.45
735,258,690,2,1726730.26
736,258,5,4,3029423.2
737,259,16,1,4981861.91
738,260,810,3,1921386.93
739,260,861,5,1499394.87
740,261,326,3,3228087.14
741,261,175,5,1660113.64
742,261,441,2,2890966.05
743,261,570,4,4743913.18
744,261,198,5,2085069.62
745,262,849,1,4324503.35
746,262,821,5,4862758.25
747,262,440,2,1036864.55
748,262,962,4,58264.92
749,263,413,3,4828926.72
750,263,530,2,3521453.22
751,264,237,1,3078466.8
752,264,728,2,1898136.7
753,264,517,1,239255.2
754,264,647,5,2253338.07
755,265,864,3,4308843.09
756,265,858,5,2926590.91
757,265,163,3,2095246.06
758,265,209,1,4045373.5
759,266,27,4,615598.65
760,267,644,5,1175720.02
761,268,29,5,3953961.57
762,268,725,5,3249409.53
763,269,586,4,3510483.06
764,270,761,2,793947.85
765,271,650,3,2265066.21
766,271,192,2,3433507.36
767,271,669,2,118782.91
768,271,305,2,3299828.87
769,272,861,2,1499394.87
770,272,744,4,1935826.12
771,272,789,3,2867844.31
772,272,676,1,2485670.69
773,272,282,1,2335360.29
774,273,643,1,1597108.02
775,273,654,5,1082953.74
776,274,114,4,2988578.98
777,275,126,1,2808825.0
778,275,146,3,1077794.17
779,275,269,2,4369366.09
780,275,96,1,4128303.48
781,275,507,3,4345849.74
782,276,401,1,3170346.84
783,276,503,1,2020225.36
784,277,76,4,1248868.7
785,277,983,1,1315448.21
786,277,216,4,235996.12
787,277,385,3,1509172.07
788,278,828,2,3707314.55
789,278,185,3,1185251.05
790,278,11,2,139307.57
791,278,676,5,2485670.69
792,279,876,1,4533567.26
793,279,121,3,1575325.49
794,279,356,4,3700879.89
795,279,629,5,2104881.05
796,279,560,1,2479489.72
797,280,535,3,4087374.04
798,280,949,1,73619.51
799,281,621,1,3664992.05
800,281,549,1,4483998.8
801,282,525,2,1259442.5
802,282,222,3,3831480.14
803,282,118,2,747400.78
804,282,31,3,2342355.14
805,282,142,2,1459358.73
806,283,746,2,2470479.15
807,284,281,4,2568954.53
808,284,205,1,831040.41
809,284,357,5,1809894.14
810,285,479,4,521058.03
811,285,447,5,2939153.53
812,285,970,4,1366447.12
813,286,257,2,927556.1
814,286,203,3,318172.66
815,287,106,5,1646549.58
816,287,813,5,2020840.05
817,287,320,2,3272141.24
818,287,814,2,203524.84
819,288,444,4,3356800.13
820,288,434,5,4792728.48
821,288,766,3,1970582.05
822,288,836,3,1377147.72
823,289,111,5,1848105.47
824,289,393,4,2965212.9
825,289,205,5,831040.41
826,289,362,3,2789355.31
827,289,920,1,1802661.92
828,290,172,1,4447407.22
829,290,982,5,2209032.52
830,290,260,5,4030823.04
831,290,420,3,2085717.39
832,291,847,5,3391699.28
833,291,361,4,945085.0
834,291,31,1,2342355.14
835,291,185,3,1185251.05
836,291,440,2,1036864.55
837,292,252,1,2783694.82
838,292,221,3,908106.82
839,292,381,2,1667763.9
840,293,126,1,2808825.0
841,293,327,1,2833624.57
842,293,735,3,4684072.09
843,294,477,5,3802420.61
844,294,815,3,3455663.63
845,295,576,1,4871823.79
846,295,395,3,4765493.01
847,296,218,5,4673568.17
848,296,223,1,1878559.99
849,296,575,3,404317.59
850,296,734,5,3201837.4
851,296,969,1,2007248.63
852,297,915,4,843430.73
853,297,699,4,3822608.12
854,297,326,3,3228087.14
855,297,203,2,318172.66
856,297,51,4,2517839.99
857,298,48,3,989546.58
858,298,432,1,2584809.57
859,298,128,4,4783860.61
860,298,176,5,3244943.84
861,299,606,4,1130331.42
862,299,243,5,2703401.45
863,299,22,3,3342520.55
864,300,660,5,4274460.51
865,301,934,4,2377237.73
866,302,135,4,3858159.6
867,302,38,5,3215269.56
868,302,941,5,1420706.77
869,303,346,1,4844913.43
870,304,482,1,4312376.13
871,305,741,3,1056324.58
872,305,282,3,2335360.29
873,305,772,3,4885517.9
874,305,410,1,840029.08
875,306,794,3,872666.07
876,306,506,5,1643173.51
877,306,49,4,634599.77
878,306,306,4,42995.66
879,306,506,1,1643173.51
880,307,961,5,484042.37
881,307,106,1,1646549.58
882,307,230,1,4892668.51
883,308,143,1,4777015.45
884,309,883,4,3275628.88
885,309,232,2,2664348.71
886,309,91,2,1836027.39
887,310,836,5,1377147.72
888,310,6,1,4744629.41
889,310,266,1,471395.34
890,311,50,3,3075997.11
891,312,271,3,2402177.09
892,313,811,4,2864395.97
893,313,277,2,1989193.98
894,313,948,2,1659712.04
895,313,598,4,1844762.01
896,313,123,2,2057783.27
897,314,883,2,3275628.88
898,314,772,5,4885517.9
899,314,910,4,99401.47
900,315,685,1,1921246.23
901,315,535,5,4087374.04
902,315,247,5,1192151.13
903,315,490,4,2666081.18
904,316,330,4,1362764.31
905,316,232,1,2664348.71
906,316,271,3,2402177.09
907,317,362,5,2789355.31
908,318,676,2,2485670.69
909,318,712,1,109440.67
910,319,996,4,2539577.37
911,320,218,1,4673568.17
912,321,480,4,1495567.59
913,321,193,4,3454548.98
914,322,349,2,2458111.25
915,323,780,5,2330639.2
916,323,527,3,268418.5
917,323,779,3,232638.45
918,323,726,4,3538842.78
919,323,672,2,4526339.07
920,324,109,2,3546611.63
921,324,225,3,1884471.21
922,324,395,4,4765493.01
923,324,889,5,2366376.22
924,324,526,2,3325898.97
925,325,193,1,3454548.98
926,325,285,4,1571480.87
927,325,169,3,1498977.13
928,325,975,5,527528.4
929,326,151,4,509987.82
930,327,763,1,2052306.53
931,328,17,4,3472963.4
932,328,192,3,3433507.36
933,329,488,5,3926398.06
934,330,361,3,945085.0
935,330,122,5,2070670.95
936,330,87,3,1435884.42
937,330,442,2,1835307.22
938,331,407,5,3511155.09
939,331,442,5,1835307.22
940,332,55,4,4127928.97
941,332,280,3,1549027.2
942,332,101,1,3016290.13
943,333,750,4,821655.99
944,333,199,3,3789179.11
945,333,194,4,1844044.08
946,333,181,5,442821.47
947,334,543,5,351373.92
948,334,506,5,1643173.51
949,334,444,1,3356800.13
950,335,662,2,4021444.8
951,336,225,1,1884471.21
952,337,917,1,2285072.3
953,338,273,2,1066920.78
954,338,68,5,3673656.78
955,338,104,3,4021789.62
956,338,232,5,2664348.71
957,338,717,4,2937179.78
958,339,403,1,3579029.59
959,339,226,3,3271135.15
960,339,508,2,3657350.37
961,339,176,2,3244943.84
962,340,653,3,4133669.57
963,340,723,5,4879544.75
964,340,295,1,2309536.7
965,341,190,5,3342252.71
966,342,489,3,4029148.06
967,342,874,2,1722403.58
968,342,175,3,1660113.64
969,342,698,1,1339969.74
970,342,171,2,1429962.65
971,343,922,4,105432.42
972,343,146,1,1077794.17
973,343,683,4,2065841.11
974,344,343,1,277945.2
975,344,182,3,932058.19
976,344,903,1,655735.73
977,344,175,1,1660113.64
978,345,361,4,945085.0
979,345,598,1,1844762.01
980,345,501,2,3142785.98
981,345,484,1,3880401.93
982,345,47,1,4231209.19
983,346,697,3,1246806.7
984,346,856,2,1267473.56
985,346,538,5,455762.09
986,346,172,2,4447407.22
987,346,794,1,872666.07
988,347,312,3,2626683.15
989,348,503,3,2020225.36
990,348,559,3,3234387.18
991,348,680,4,4418284.76
992,348,260,3,4030823.04
993,349,14,3,1316265.62
994,349,309,3,95541.56
995,349,913,5,1567340.38
996,349,794,5,872666.07
997,350,116,3,3609786.56
998,350,703,5,4032989.02
999,350,746,1,2470479.15
1000,350,152,4,3589616.7
1001,351,676,2,2485670.69
1002,351,366,4,4319953.7
1003,352,251,5,3133705.76
1004,353,369,2,2864082.55
1005,353,763,1,2052306.53
1006,353,199,4,3789179.11
1007,353,655,1,750135.75
1008,354,899,5,33520.37
1009,354,921,4,832768.71
1010,354,982,5,2209032.52
1011,355,272,3,1522908.25
1012,355,910,3,99401.47
1013,356,604,4,903015.06
1014,356,968,3,922518.41
1015,356,317,2,2300398.75
1016,356,43,5,4158640.12
1017,357,719,3,4803188.16
1018,357,855,5,4259415.0
1019,357,126,4,2808825.0
1020,357,815,4,3455663.63
1021,357,581,3,298950.66
1022,358,113,1,3985806.52
1023,358,511,2,1096971.38
1024,358,478,2,2736302.84
1025,359,990,3,68107.89
1026,359,639,5,2180564.56
1027,359,681,2,3074391.82
1028,359,311,4,544011.98
1029,359,296,1,854635.9
1030,360,16,4,4981861.91
1031,360,42,2,2168765.25
1032,360,290,5,1656027.78
1033,361,55,4,4127928.97
1034,362,6,4,4744629.41
1035,362,361,1,945085.0
1036,362,52,3,2963124.14
1037,363,359,3,2229231.97
1038,363,805,5,571469.02
1039,364,159,1,4540605.42
1040,364,731,3,4255277.26
1041,364,147,2,4665789.43
1042,364,443,5,2293176.61
1043,364,941,1,1420706.77
1044,365,225,1,1884471.21
1045,365,485,3,1057292.06
1046,365,255,4,3484578.95
1047,366,409,1,3291432.21
1048,366,915,3,843430.73
1049,366,943,3,3892014.99
1050,366,612,3,4770856.24
1051,367,578,4,2936321.44
1052,367,696,3,4870159.51
1053,368,143,2,4777015.45
1054,368,257,2,927556.1
1055,368,427,5,1601358.28
1056,368,205,3,831040.41
1057,368,313,1,967740.96
1058,369,581,4,298950.66
1059,369,559,2,3234387.18
1060,369,385,4,1509172.07
1061,370,142,5,1459358.73
1062,371,711,3,290278.2
1063,371,516,3,3943635.23
1064,371,480,3,1495567.59
1065,371,438,4,2253379.31
1066,372,985,4,4889698.83
1067,372,473,1,2753133.66
1068,372,935,5,1035419.63
1069,372,28,4,3962407.71
1070,373,774,2,3926534.1
1071,374,929,3,2973681.1
1072,374,806,2,749516.71
1073,374,595,5,1322118.76
1074,374,383,2,2206712.38
1075,374,636,5,2908045.43
1076,375,899,3,33520.37
1077,375,55,4,4127928.97
1078,375,129,4,4561499.56
1079,375,687,1,3157464.4
1080,375,474,5,2867843.13
1081,376,860,1,2811671.02
1082,376,87,1,1435884.42
1083,376,277,1,1989193.98
1084,376,342,5,2508956.33
1085,377,842,3,1727802.53
1086,378,494,3,686588.64
1087,378,886,1,1864695.32
1088,378,125,5,3531818.41
1089,378,691,5,1948022.56
1090,378,758,1,3525478.19
1091,379,529,2,2151862.39
1092,379,576,4,4871823.79
1093,380,229,2,4175759.84
1094,380,309,3,95541.56
1095,381,825,4,3028845.87
1096,382,705,2,3520229.89
1097,382,118,1,747400.78
1098,382,1,2,4244859.86
1099,382,619,1,2324994.19
1100,382,533,1,2602026.83
1101,383,210,1,668402.26
1102,383,486,1,4306632.99
1103,384,455,4,2097013.14
1104,384,57,1,3259138.59
1105,384,308,4,2683333.13
1106,384,496,2,4336567.48
1107,384,840,2,896142.63
1108,385,267,5,267167.78
1109,385,698,4,1339969.74
1110,385,880,5,648441.26
1111,385,127,4,2632130.99
1112,385,150,1,3193343.42
1113,386,146,2,1077794.17
1114,386,175,5,1660113.64
1115,387,206,4,590037.71
1116,387,492,3,1453772.88
1117,387,297,1,928398.39
1118,387,983,5,1315448.21
1119,387,505,3,2278931.29
1120,388,401,4,3170346.84
1121,388,715,1,3587518.79
1122,388,476,4,2714796.46
1123,389,152,1,3589616.7
1124,389,291,4,2853249.67
1125,389,124,5,4365360.37
1126,389,399,1,4096638.18
1127,390,311,1,544011.98
1128,390,661,5,482679.13
1129,390,456,1,2878282.16
1130,390,930,3,3313229.88
1131,390,986,2,2600307.4
1132,391,904,4,3171102.83
1133,391,284,1,4572509.19
1134,391,163,3,2095246.06
1135,391,513,5,1349998.82
1136,392,358,5,35924.16
1137,392,400,5,3368158.49
1138,393,179,2,885719.62
1139,394,672,5,4526339.07
1140,394,348,4,3919905.21
1141,394,733,2,4605980.7
1142,395,804,3,3934887.69
1143,395,946,4,2745212.43
1144,395,70,4,3805718.32
1145,396,986,4,2600307.4
1146,396,621,2,3664992.05
1147,396,590,5,3751384.16
1148,396,795,5,4861102.74
1149,397,133,3,2794852.39
1150,397,603,5,1826242.72
1151,397,357,5,1809894.14
1152,398,850,4,2375745.06
1153,398,70,1,3805718.32
1154,398,31,2,2342355.14
1155,398,238,1,1210924.81
1156,398,682,1,3239919.22
1157,399,957,4,508046.49
1158,399,332,2,4497565.14
1159,399,791,2,1980073.78
1160,399,108,2,2972686.03
1161,400,774,4,3926534.1
1162,400,945,1,1483802.49
1163,400,64,5,2203631.44
1164,400,257,1,927556.1
1165,401,868,1,3306046.32
1166,402,782,3,764142.07
1167,402,622,1,761326.22
1168,402,946,2,2745212.43
1169,402,329,1,1156534.82
1170,403,387,2,4823227.37
1171,403,653,5,4133669.57
1172,403,570,2,4743913.18
1173,403,201,3,2632278.21
1174,404,449,3,3090639.77
1175,404,231,2,3370764.29
1176,404,760,2,3040514.95
1177,404,445,5,2643297.95
1178,405,89,5,678335.37
1179,405,25,1,3561927.43
1180,406,35,2,2633221.32
1181,406,915,1,843430.73
1182,407,793,4,610206.56
1183,407,582,5,4623892.49
1184,407,886,1,1864695.32
1185,408,190,5,3342252.71
1186,408,509,2,3177854.32
1187,408,853,2,3566575.04
1188,409,848,4,3261420.79
1189,409,513,3,1349998.82
1190,409,366,5,4319953.7
1191,409,922,5,105432.42
1192,409,874,2,1722403.58
1193,410,450,4,4594226.07
1194,411,895,1,724688.52
1195,411,583,1,2272325.49
1196,411,131,5,3054282.13
1197,411,306,1,42995.66
1198,412,511,2,1096971.38
1199,413,616,5,49766.18
1200,414,24,2,4457745.09
1201,414,842,3,1727802.53
1202,414,945,3,1483802.49
1203,415,721,3,2934223.15
1204,415,70,2,3805718.32
1205,415,992,3,4260837.05
1206,415,77,5,4069254.45
1207,416,248,5,4928620.85
1208,416,955,5,2289188.66
1209,416,513,3,1349998.82
1210,416,409,5,3291432.21
1211,416,59,5,2495209.92
1212,417,597,4,286641.16
1213,418,669,1,118782.91
1214,418,34,3,4997979.27
1215,418,432,3,2584809.57
1216,419,343,1,277945.2
1217,419,143,2,4777015.45
1218,420,837,3,2530580.61
1219,420,947,1,3444137.54
1220,420,242,4,2017304.1
1221,420,75,5,4322177.61
1222,420,927,5,1882210.24
1223,421,355,1,1906199.97
1224,422,613,5,4386186.28
1225,422,952,1,3899835.85
1226,422,909,5,3786670.21
1227,422,491,2,1625031.54
1228,423,741,1,1056324.58
1229,423,107,1,820885.21
1230,423,509,5,3177854.32
1231,424,666,3,1867476.32
1232,424,442,4,1835307.22
1233,425,801,2,444266.93
1234,425,22,1,3342520.55
1235,425,27,2,615598.65
1236,426,623,4,129312.18
1237,426,699,1,3822608.12
1238,426,566,4,3816002.43
1239,426,54,4,4214224.72
1240,426,785,4,4853820.63
1241,427,441,4,2890966.05
1242,427,563,2,4934543.84
1243,428,449,1,3090639.77
1244,429,926,3,624578.29
1245,429,361,2,945085.0
1246,429,352,4,437613.65
1247,429,941,1,1420706.77
1248,429,244,2,709276.52
1249,430,603,1,1826242.72
1250,431,423,5,2282109.85
1251,431,582,1,4623892.49
1252,432,895,2,724688.52
1253,433,79,1,2496345.05
1254,434,450,2,4594226.07
1255,434,290,1,1656027.78
1256,435,359,5,2229231.97
1257,435,671,2,4048400.34
1258,435,300,2,3824050.83
1259,436,408,4,555753.43
1260,436,674,1,262682.13
1261,436,673,1,621413.02
1262,436,79,3,2496345.05
1263,436,961,5,484042.37
1264,437,507,3,4345849.74
1265,437,920,2,1802661.92
1266,438,731,3,4255277.26
1267,438,965,3,4775894.89
1268,438,799,5,4172199.51
1269,438,300,2,3824050.83
1270,439,915,3,843430.73
1271,439,327,5,2833624.57
1272,439,516,1,3943635.23
1273,439,56,3,415302.05
1274,439,923,4,3638572.45
1275,440,498,3,1255889.44
1276,440,81,2,2491877.66
1277,440,934,2,2377237.73
1278,440,862,5,2413874.71
1279,440,237,3,3078466.8
1280,441,216,1,235996.12
1281,441,382,2,4022341.55
1282,441,37,2,635380.64
1283,441,716,4,307184.25
1284,441,666,4,1867476.32
1285,442,22,4,3342520.55
1286,443,277,3,1989193.98
1287,444,394,3,3411746.04
1288,444,848,1,3261420.79
1289,444,62,3,1494195.02
1290,444,876,5,4533567.26
1291,444,394,4,3411746.04
1292,445,884,4,1782864.15
1293,446,455,1,2097013.14
1294,446,230,2,4892668.51
1295,446,389,2,4839137.8
1296,446,676,4,2485670.69
1297,447,54,3,4214224.72
1298,447,33,5,338083.05
1299,447,782,3,764142.07
1300,447,960,1,2135716.08
1301,447,932,5,2089710.07
1302,448,945,3,1483802.49
1303,448,830,5,337428.67
1304,448,222,1,3831480.14
1305,449,744,5,1935826.12
1306,449,445,4,2643297.95
1307,449,802,1,2764750.42
1308,450,567,4,93280.11
1309,451,880,5,648441.26
1310,451,475,4,3877814.01
1311,451,587,5,2487100.53
1312,452,267,2,267167.78
1313,452,984,4,71677.46
1314,452,479,2,521058.03
1315,452,136,1,3454297.16
1316,452,288,3,1311262.81
1317,453,256,5,754595.86
1318,454,346,5,4844913.43
1319,454,405,1,2915397.66
1320,454,631,3,3561145.85
1321,455,276,3,4573062.07
1322,455,802,5,2764750.42
1323,455,13,1,4568577.1
1324,456,583,3,2272325.49
1325,456,857,3,1517704.01
1326,456,868,2,3306046.32
1327,457,474,1,2867843.13
1328,457,451,1,3363829.31
1329,457,478,1,2736302.84
1330,457,990,3,68107.89
1331,458,654,5,1082953.74
1332,458,224,4,2248200.29
1333,458,60,5,3213117.37
1334,458,962,1,58264.92
1335,459,919,5,1720236.87
1336,459,565,3,1833408.19
1337,459,977,1,914490.2
1338,460,185,3,1185251.05
1339,460,785,3,4853820.63
1340,460,266,4,471395.34
1341,460,131,2,3054282.13
1342,461,151,5,509987.82
1343,461,672,1,4526339.07
1344,462,118,1,747400.78
1345,462,189,5,3466915.27
1346,463,594,3,1367183.17
1347,463,43,5,4158640.12
1348,463,735,2,4684072.09
1349,463,63,3,3446181.72
1350,464,17,3,3472963.4
1351,464,554,1,1248353.47
1352,464,615,2,1643231.6
1353,465,112,1,4899691.18
1354,465,520,4,4959272.81
1355,465,116,5,3609786.56
1356,466,243,2,2703401.45
1357,467,585,3,606020.6
1358,467,850,4,2375745.06
1359,467,74,4,262520.41
1360,468,147,1,4665789.43
1361,468,335,5,2939310.16
1362,468,808,3,3930870.7
1363,469,999,4,4008293.83
1364,469,919,3,1720236.87
1365,469,482,3,4312376.13
1366,470,32,2,3063622.33
1367,470,378,1,2973093.93
1368,470,298,2,2624482.63
1369,470,934,5,2377237.73
1370,470,27,1,615598.65
1371,471,217,3,3504920.54
1372,471,524,5,475766.52
1373,471,803,5,2603244.01
1374,471,730,3,4744452.64
1375,471,963,2,3320141.59
1376,472,851,5,3240384.06
1377,472,34,2,4997979.27
1378,472,391,1,4084307.63
1379,472,979,1,4314253.11
1380,473,579,5,1557745.77
1381,473,589,5,843145.14
1382,474,552,1,1579373.3
1383,474,868,5,3306046.32
1384,474,818,1,1695951.75
1385,474,622,4,761326.22
1386,475,533,4,2602026.83
1387,475,325,3,2504293.38
1388,475,200,5,3811679.5
1389,475,301,2,696082.74
1390,475,337,2,820626.75
1391,476,237,4,3078466.8
1392,476,323,1,290013.55
1393,476,710,2,2457277.74
1394,477,751,4,3997980.88
1395,477,371,1,702811.89
1396,477,361,5,945085.0
1397,477,518,1,91243.95
1398,478,670,4,996774.18
1399,478,620,2,4988957.71
1400,478,460,4,1579754.27
1401,479,584,2,1553357.42
1402,479,948,5,1659712.04
1403,480,796,4,639668.13
1404,480,691,5,1948022.56
1405,481,621,3,3664992.05
1406,481,815,3,3455663.63
1407,482,322,1,1892076.15
1408,482,84,4,2920887.12
1409,482,432,5,2584809.57
1410,483,590,4,3751384.16
1411,483,648,2,2038497.63
1412,484,898,4,1573936.22
1413,484,16,2,4981861.91
1414,485,429,3,122699.72
1415,486,729,4,645468.34
1416,486,761,1,793947.85
1417,486,130,1,2735903.36
1418,486,854,4,2124795.94
1419,486,25,2,3561927.43
1420,487,136,5,3454297.16
1421,488,941,4,1420706.77
1422,488,926,4,624578.29
1423,488,363,2,525431.71
1424,488,412,5,4834387.56
1425,488,248,3,4928620.85
1426,489,345,3,1709557.8
1427,490,624,5,3183349.78
1428,490,111,1,1848105.47
1429,490,76,3,1248868.7
1430,490,973,4,574152.22
1431,490,933,4,626739.36
1432,491,759,4,4712786.87
1433,491,297,4,928398.39
1434,491,717,2,2937179.78
1435,491,752,2,1481593.98
1436,492,939,5,2099940.5
1437,492,86,2,2991618.67
1438,492,918,1,2173989.5
1439,492,608,5,1363577.21
1440,492,379,4,2294729.55
1441,493,329,4,1156534.82
1442,493,181,5,442821.47
1443,493,740,5,2238683.37
1444,493,287,1,3708849.37
1445,494,305,4,3299828.87
1446,494,350,1,2769658.25
1447,495,531,5,1074971.67
1448,495,594,5,1367183.17
1449,495,865,4,3284036.83
1450,495,293,3,1294060.52
1451,495,394,3,3411746.04
1452,496,977,2,914490.2
1453,496,43,2,4158640.12
1454,497,532,3,672171.96
1455,497,589,5,843145.14
1456,497,322,1,1892076.15
1457,497,356,3,3700879.89
1458,498,122,3,2070670.95
1459,498,281,4,2568954.53
1460,499,230,2,4892668.51
1461,499,296,3,854635.9
1462,499,621,1,3664992.05
1463,499,947,2,3444137.54
1464,500,145,1,3283300.53
1465,500,212,5,2798398.02
1466,500,859,5,2562453.45
1467,501,29,5,3953961.57
1468,501,925,1,2952567.25
1469,502,551,2,1764162.85
1470,502,7,4,2225257.05
1471,502,853,1,3566575.04
1472,502,379,2,2294729.55
1473,502,289,5,1483009.51
1474,503,750,4,821655.99
1475,503,534,2,56341.87
1476,503,851,4,3240384.06
1477,503,303,1,55615.89
1478,504,456,4,2878282.16
1479,505,270,1,4025206.58
1480,505,886,2,1864695.32
1481,505,286,1,2816998.39
1482,505,992,3,4260837.05
1483,506,763,2,2052306.53
1484,507,335,2,2939310.16
1485,508,344,3,1168398.58
1486,508,465,5,2051580.4
1487,508,689,1,2403625.35
1488,508,724,3,3961294.2
1489,508,914,1,1923916.88
1490,509,103,5,204180.69
1491,509,326,2,3228087.14
1492,509,862,5,2413874.71
1493,509,677,1,3419232.45
1494,510,252,2,2783694.82
1495,511,386,2,2400258.61
1496,511,690,2,1726730.26
1497,511,272,4,1522908.25
1498,511,156,4,2392468.12
1499,511,834,2,175024.51
1500,512,290,2,1656027.78
1501,512,204,1,2867781.35
1502,512,974,5,4908030.16
1503,512,878,2,4204787.09
1504,513,445,1,2643297.95
1505,514,572,5,2123640.42
1506,514,214,2,1279741.52
1507,514,40,4,650389.71
1508,514,705,3,3520229.89
1509,515,390,5,1636172.32
1510,515,241,3,1231223.41
1511,515,496,5,4336567.48
1512,515,673,2,621413.02
1513,515,899,3,33520.37
1514,516,897,3,1669820.94
1515,516,685,4,1921246.23
1516,517,816,4,3731291.6
1517,517,613,3,4386186.28
1518,517,557,4,1035174.13
1519,517,303,1,55615.89
1520,518,116,3,3609786.56
1521,518,430,4,3243369.89
1522,519,254,4,3931164.93
1523,519,119,2,167536.86
1524,519,476,3,2714796.46
1525,520,356,4,3700879.89
1526,521,793,4,610206.56
1527,521,861,4,1499394.87
1528,522,422,2,1748159.98
1529,522,30,3,1810873.66
1530,522,275,5,3736927.35
1531,522,221,4,908106.82
1532,522,63,5,3446181.72
1533,523,268,3,3371622.88
1534,523,422,4,1748159.98
1535,523,829,4,4106876.79
1536,524,409,3,3291432.21
1537,524,935,1,1035419.63
1538,524,275,4,3736927.35
1539,524,746,2,2470479.15
1540,525,652,1,461200.23
1541,525,316,4,1871527.4
1542,525,420,2,2085717.39
1543,526,897,2,1669820.94
1544,526,549,2,4483998.8
1545,526,799,1,4172199.51
1546,526,971,5,3452613.13
1547,526,626,3,3797056.47
1548,527,620,5,4988957.71
1549,527,21,1,4986339.4
1550,528,93,3,1818993.64
1551,528,935,3,1035419.63
1552,528,786,5,2772473.51
1553,528,65,1,2327566.37
1554,529,216,3,235996.12
1555,529,549,2,4483998.8
1556,529,161,5,2680409.86
1557,529,406,2,2722789.56
1558,529,298,2,2624482.63
1559,530,340,4,1925392.61
1560,530,221,5,908106.82
1561,530,751,2,3997980.88
1562,531,37,1,635380.64
1563,532,105,5,753213.92
1564,532,408,4,555753.43
1565,532,44,2,1527581.47
1566,532,290,3,1656027.78
1567,532,25,2,3561927.43
1568,533,35,3,2633221.32
1569,533,768,1,29039.71
1570,534,672,4,4526339.07
1571,534,135,3,3858159.6
1572,534,883,1,3275628.88
1573,534,79,1,2496345.05
1574,535,740,4,2238683.37
1575,535,21,1,4986339.4
1576,535,761,5,793947.85
1577,535,620,2,4988957.71
1578,535,98,5,1975579.53
1579,536,199,5,3789179.11
1580,536,880,3,648441.26
1581,536,804,3,3934887.69
1582,536,436,5,940070.76
1583,537,310,3,4032776.82
1584,538,208,1,463798.81
1585,538,271,5,2402177.09
1586,538,483,4,2200958.82
1587,538,299,4,4726488.67
1588,539,228,4,2648924.27
1589,540,286,4,2816998.39
1590,540,292,5,2501514.4
1591,540,519,2,2212016.88
1592,540,392,1,1831427.53
1593,540,509,4,3177854.32
1594,541,782,5,764142.07
1595,541,732,1,918587.96
1596,541,464,2,4819507.16
1597,542,999,1,4008293.83
1598,542,407,2,3511155.09
1599,542,458,3,2779013.75
1600,542,489,5,4029148.06
1601,542,112,3,4899691.18
1602,543,148,1,694992.04
1603,543,98,5,1975579.53
1604,543,174,2,1371457.04
1605,544,608,2,1363577.21
1606,544,86,2,2991618.67
1607,544,413,5,4828926.72
1608,544,859,4,2562453.45
1609,545,741,5,1056324.58
1610,545,779,2,232638.45
1611,545,61,4,2419894.64
1612,545,259,4,1510674.73
1613,545,319,3,1506873.46
1614,546,38,3,3215269.56
1615,546,706,5,4738318.09
1616,547,417,1,2320685.41
1617,547,275,2,3736927.35
1618,547,774,5,3926534.1
1619,547,814,4,203524.84
1620,547,559,4,3234387.18
1621,548,983,2,1315448.21
1622,548,330,4,1362764.31
1623,548,726,4,3538842.78
1624,549,569,1,208736.04
1625,549,944,1,1796029.96
1626,549,436,1,940070.76
1627,549,385,2,1509172.07
1628,549,776,1,464773.02
1629,550,533,1,2602026.83
1630,550,171,2,1429962.65
1631,551,891,1,2653894.14
1632,551,40,4,650389.71
1633,551,508,2,3657350.37
1634,551,642,5,3506620.78
1635,552,144,5,1738353.94
1636,552,429,4,122699.72
1637,552,10,3,1255562.15
1638,552,121,4,1575325.49
1639,553,738,3,847758.21
1640,553,536,3,3473214.7
1641,553,630,3,4863070.59
1642,554,666,2,1867476.32
1643,554,145,3,3283300.53
1644,554,536,2,3473214.7
1645,554,823,5,3872414.19
1646,554,975,3,527528.4
1647,555,620,3,4988957.71
1648,555,484,4,3880401.93
1649,555,216,3,235996.12
1650,555,950,2,4535331.42
1651,555,169,5,1498977.13
1652,556,11,3,139307.57
1653,556,427,2,1601358.28
1654,556,154,4,35855.42
1655,556,69,1,4877116.9
1656,557,719,2,4803188.16
1657,557,205,1,831040.41
1658,557,551,4,1764162.85
1659,558,97,1,652030.32
1660,558,640,4,1191490.96
1661,558,609,2,2861964.45
1662,559,359,5,2229231.97
1663,560,354,1,419369.67
1664,560,951,2,754231.02
1665,561,292,4,2501514.4
1666,561,599,3,3868911.48
1667,561,377,5,3607288.27
1668,562,957,3,508046.49
1669,562,575,5,404317.59
1670,562,657,2,2572163.78
1671,562,80,5,2498810.94
1672,563,106,2,1646549.58
1673,563,287,2,3708849.37
1674,564,578,1,2936321.44
1675,564,130,5,2735903.36
1676,564,602,4,1230311.74
1677,565,590,5,3751384.16
1678,565,620,3,4988957.71
1679,565,990,5,68107.89
1680,566,215,2,3731564.37
1681,566,3,2,1187616.95
1682,566,222,1,3831480.14
1683,566,952,5,3899835.85
1684,567,147,2,4665789.43
1685,567,487,1,838248.27
1686,568,80,1,2498810.94
1687,568,141,5,4093703.53
1688,568,827,4,4568029.7
1689,569,681,4,3074391.82
1690,569,335,3,2939310.16
1691,569,513,1,1349998.82
1692,569,247,5,1192151.13
1693,570,387,4,4823227.37
1694,570,724,4,3961294.2
1695,570,364,3,1776032.29
1696,570,859,5,2562453.45
1697,571,544,1,3055493.0
1698,571,905,5,2150836.99
1699,571,863,2,4941921.22
1700,572,969,3,2007248.63
1701,572,729,2,645468.34
1702,573,574,4,1394564.0
1703,573,502,3,2265438.7
1704,573,702,1,888740.83
1705,573,572,4,2123640.42
1706,574,183,1,2392495.95
1707,574,887,3,2324165.53
1708,574,876,4,4533567.26
1709,575,746,4,2470479.15
1710,575,219,5,4930824.87
1711,575,574,2,1394564.0
1712,576,384,2,4079222.6
1713,576,956,1,1327983.86
1714,576,201,4,2632278.21
1715,576,370,5,3429726.8
1716,577,6,5,4744629.41
1717,577,318,3,4951262.83
1718,578,933,3,626739.36
1719,579,515,1,2835049.13
1720,579,622,3,761326.22
1721,579,35,3,2633221.32
1722,580,408,1,555753.43
1723,580,713,3,13410.65
1724,580,281,1,2568954.53
1725,580,995,5,4851023.79
1726,581,884,4,1782864.15
1727,582,648,4,2038497.63
1728,582,503,2,2020225.36
1729,582,485,5,1057292.06
1730,582,827,1,4568029.7
1731,582,40,3,650389.71
1732,583,628,2,528705.61
1733,584,892,2,279769.23
1734,584,85,4,262196.62
1735,585,58,4,3094361.05
1736,586,322,1,1892076.15
1737,587,285,2,1571480.87
1738,587,671,5,4048400.34
1739,587,756,1,3662605.58
1740,587,341,3,3954585.45
1741,587,920,2,1802661.92
1742,588,740,3,2238683.37
1743,588,529,1,2151862.39
1744,588,964,4,1650017.52
1745,588,427,1,1601358.28
1746,588,67,2,4308810.53
1747,589,152,3,3589616.7
1748,589,86,2,2991618.67
1749,589,455,1,2097013.14
1750,589,283,5,3810528.56
1751,589,204,5,2867781.35
1752,590,178,1,3955930.65
1753,590,319,3,1506873.46
1754,590,575,3,404317.59
1755,590,121,3,1575325.49
1756,591,582,1,4623892.49
1757,591,580,4,3652492.3
1758,591,91,1,1836027.39
1759,591,941,1,1420706.77
1760,592,748,1,516128.51
1761,592,191,3,1540963.65
1762,593,642,1,3506620.78
1763,593,786,2,2772473.51
1764,593,808,1,3930870.7
1765,593,223,3,1878559.99
1766,593,472,1,2832595.8
1767,594,316,2,1871527.4
1768,594,766,2,1970582.05
1769,595,55,4,4127928.97
1770,595,723,3,4879544.75
1771,595,183,3,2392495.95
1772,596,579,3,1557745.77
1773,596,424,2,2610363.0
1774,597,280,2,1549027.2
1775,597,182,3,932058.19
1776,598,715,4,3587518.79
1777,598,271,1,2402177.09
1778,598,502,3,2265438.7
1779,599,373,3,325703.08
1780,599,791,5,1980073.78
1781,599,461,2,3100855.79
1782,599,38,5,3215269.56
1783,599,395,2,4765493.01
1784,600,583,2,2272325.49
1785,600,720,4,3525644.67
1786,600,356,3,3700879.89
1787,600,213,3,3619167.6
1788,600,717,5,2937179.78
1789,601,850,3,2375745.06
1790,601,93,5,1818993.64
1791,601,792,2,2515486.34
1792,601,265,2,4611908.26
1793,601,479,3,521058.03
1794,602,945,1,1483802.49
1795,603,675,2,4110210.15
1796,603,487,2,838248.27
1797,603,479,5,521058.03
1798,603,331,3,3425299.43
1799,603,578,4,2936321.44
1800,604,923,1,3638572.45
1801,604,331,1,3425299.43
1802,604,645,3,689198.11
1803,604,891,1,2653894.14
1804,604,163,4,2095246.06
1805,605,343,3,277945.2
1806,605,664,1,4153557.94
1807,605,192,3,3433507.36
1808,605,314,2,4077919.81
1809,606,560,2,2479489.72
1810,606,771,1,1042695.38
1811,606,450,5,4594226.07
1812,606,468,5,2831335.02
1813,607,712,4,109440.67
1814,607,749,4,3945762.67
1815,607,485,2,1057292.06
1816,607,259,3,1510674.73
1817,607,616,3,49766.18
1818,608,695,4,2651867.14
1819,608,308,1,2683333.13
1820,608,995,2,4851023.79
1821,608,782,5,764142.07
1822,609,432,4,2584809.57
1823,610,977,5,914490.2
1824,610,411,5,2820469.26
1825,610,30,2,1810873.66
1826,611,171,3,1429962.65
1827,611,908,5,4750842.39
1828,611,989,5,751785.72
1829,611,204,5,2867781.35
1830,611,770,2,1006377.26
1831,612,680,3,4418284.76
1832,612,808,1,3930870.7
1833,613,317,2,2300398.75
1834,614,470,4,1131968.65
1835,614,170,4,4642989.68
1836,614,1,2,4244859.86
1837,615,905,2,2150836.99
1838,615,309,3,95541.56
1839,616,190,2,3342252.71
1840,617,448,1,1766404.77
1841,617,742,2,1758901.0
1842,618,702,5,888740.83
1843,618,866,3,949916.81
1844,619,489,2,4029148.06
1845,620,103,4,204180.69
1846,620,564,4,668594.57
1847,620,716,2,307184.25
1848,621,685,4,1921246.23
1849,621,852,4,1126612.46
1850,621,724,2,3961294.2
1851,621,782,1,764142.07
1852,622,132,3,4787113.61
1853,622,782,2,764142.07
1854,622,410,3,840029.08
1855,622,920,3,1802661.92
1856,623,612,4,4770856.24
1857,623,547,1,4600271.68
1858,623,356,4,3700879.89
1859,623,686,5,1005294.46
1860,624,228,5,2648924.27
1861,625,787,2,4093842.02
1862,625,378,3,2973093.93
1863,626,514,1,1695398.22
1864,626,626,5,3797056.47
1865,626,770,4,1006377.26
1866,627,662,2,4021444.8
1867,628,512,2,4125989.76
1868,628,46,2,1736655.18
1869,629,446,1,2988884.44
1870,629,348,4,3919905.21
1871,629,670,2,996774.18
1872,630,155,3,2040468.18
1873,630,319,4,1506873.46
1874,630,692,4,140054.21
1875,630,36,3,4118463.6
1876,631,184,2,44082.3
1877,631,408,5,555753.43
1878,631,855,1,4259415.0
1879,631,477,1,3802420.61
1880,632,703,1,4032989.02
1881,632,672,4,4526339.07
1882,632,823,1,3872414.19
1883,633,327,2,2833624.57
1884,633,589,5,843145.14
1885,634,703,4,4032989.02
1886,634,12,4,2500229.36
1887,634,670,4,996774.18
1888,634,433,1,1661638.38
1889,635,436,3,940070.76
1890,635,760,1,3040514.95
1891,635,619,4,2324994.19
1892,636,382,4,4022341.55
1893,636,730,3,4744452.64
1894,636,865,5,3284036.83
1895,636,996,3,2539577.37
1896,636,115,2,4835682.77
1897,637,545,4,2206096.11
1898,637,892,1,279769.23
1899,637,154,1,35855.42
1900,637,346,5,4844913.43
1901,638,203,5,318172.66
1902,638,833,5,4186513.62
1903,638,746,4,2470479.15
1904,639,50,4,3075997.11
1905,639,289,1,1483009.51
1906,639,125,4,3531818.41
1907,639,472,3,2832595.8
1908,640,911,5,3137167.77
1909,641,259,4,1510674.73
1910,641,346,3,4844913.43
1911,641,786,1,2772473.51
1912,642,274,2,4810767.01
1913,642,301,3,696082.74
1914,642,428,1,232968.43
1915,642,458,3,2779013.75
1916,642,305,1,3299828.87
1917,643,115,3,4835682.77
1918,643,750,1,821655.99
1919,643,545,4,2206096.11
1920,643,255,2,3484578.95
1921,643,87,5,1435884.42
1922,644,130,2,2735903.36
1923,645,442,3,1835307.22
1924,645,354,4,419369.67
1925,645,706,5,4738318.09
1926,645,250,5,314178.61
1927,646,470,1,1131968.65
1928,646,79,3,2496345.05
1929,646,382,1,4022341.55
1930,646,151,5,509987.82
1931,646,742,1,1758901.0
1932,647,525,1,1259442.5
1933,647,346,3,4844913.43
1934,647,433,4,1661638.38
1935,647,23,2,2754485.77
1936,648,739,1,4110092.41
1937,648,857,4,1517704.01
1938,648,989,1,751785.72
1939,649,585,3,606020.6
1940,649,311,5,544011.98
1941,650,553,2,1246454.01
1942,650,711,1,290278.2
1943,650,384,5,4079222.6
1944,650,485,2,1057292.06
1945,650,779,4,232638.45
1946,651,765,2,1195365.94
1947,651,284,5,4572509.19
1948,651,688,1,4947124.04
1949,652,409,2,3291432.21
1950,652,695,3,2651867.14
1951,652,280,1,1549027.2
1952,652,417,2,2320685.41
1953,652,20,4,871555.26
1954,653,282,3,2335360.29
1955,653,474,5,2867843.13
1956,654,100,2,3777276.21
1957,654,231,1,3370764.29
1958,654,727,3,1123953.7
1959,655,66,5,3037234.71
1960,655,295,5,2309536.7
1961,656,603,4,1826242.72
1962,656,651,5,1332389.56
1963,656,337,5,820626.75
1964,656,399,4,4096638.18
1965,657,13,3,4568577.1
1966,657,349,3,2458111.25
1967,657,355,4,1906199.97
1968,657,156,4,2392468.12
1969,657,875,4,3434727.37
1970,658,546,2,3144119.39
1971,658,690,4,1726730.26
1972,659,413,1,4828926.72
1973,659,677,5,3419232.45
1974,659,991,1,2532782.18
1975,660,575,3,404317.59
1976,660,86,2,2991618.67
1977,660,766,5,1970582.05
1978,660,379,3,2294729.55
1979,661,769,3,1479801.75
1980,661,463,4,691308.23
1981,661,31,2,2342355.14
1982,662,599,2,3868911.48
1983,662,640,3,1191490.96
1984,662,579,4,1557745.77
1985,662,426,1,3612749.78
1986,662,770,3,1006377.26
1987,663,762,4,1662161.95
1988,663,241,4,1231223.41
1989,663,944,5,1796029.96
1990,663,135,4,3858159.6
1991,663,622,1,761326.22
1992,664,406,2,2722789.56
1993,665,114,5,2988578.98
1994,665,297,2,928398.39
1995,666,786,4,2772473.51
1996,666,564,4,668594.57
1997,667,770,2,1006377.26
1998,667,429,5,122699.72
1999,667,286,3,2816998.39
2000,668,646,1,785498.65
2001,668,681,3,3074391.82
2002,668,515,5,2835049.13
2003,669,402,2,1270881.61
2004,669,880,4,648441.26
2005,669,507,4,4345849.74
2006,669,294,4,4832876.25
2007,669,161,2,2680409.86
2008,670,296,1,854635.9
2009,670,546,3,3144119.39
2010,670,782,4,764142.07
2011,670,672,2,4526339.07
2012,671,393,5,2965212.9
2013,672,998,4,403364.67
2014,672,421,2,589186.0
2015,672,652,1,461200.23
2016,672,634,2,3507226.08
2017,673,625,5,4755441.41
2018,673,516,1,3943635.23
2019,674,585,4,606020.6
2020,674,969,1,2007248.63
2021,674,333,5,904978.97
2022,674,256,2,754595.86
2023,674,583,4,2272325.49
2024,675,975,3,527528.4
2025,676,761,5,793947.85
2026,677,566,5,3816002.43
2027,677,885,2,2108158.12
2028,677,871,2,4535488.7
2029,677,469,3,1467528.65
2030,678,180,4,4136679.23
2031,678,960,2,2135716.08
2032,679,136,3,3454297.16
2033,679,67,1,4308810.53
2034,679,212,5,2798398.02
2035,680,471,2,849362.8
2036,680,701,5,1780475.13
2037,680,455,2,2097013.14
2038,680,816,2,3731291.6
2039,681,513,1,1349998.82
2040,681,823,5,3872414.19
2041,681,858,3,2926590.91
2042,681,894,2,1719922.73
2043,682,474,1,2867843.13
2044,682,8,1,2873869.67
2045,683,888,5,2357977.47
2046,683,482,4,4312376.13
2047,683,73,4,1247115.22
2048,683,981,3,573558.02
2049,684,124,5,4365360.37
2050,684,663,5,616051.74
2051,684,732,1,918587.96
2052,684,450,4,4594226.07
2053,684,848,1,3261420.79
2054,685,832,4,876949.41
2055,685,849,1,4324503.35
2056,685,373,4,325703.08
2057,686,645,4,689198.11
2058,686,439,1,1950290.54
2059,686,107,2,820885.21
2060,686,868,3,3306046.32
2061,686,777,5,932557.29
2062,687,740,2,2238683.37
2063,688,423,3,2282109.85
2064,688,146,2,1077794.17
2065,688,815,4,3455663.63
2066,689,271,1,2402177.09
2067,689,338,1,2837812.64
2068,690,921,4,832768.71
2069,690,771,2,1042695.38
2070,690,776,3,464773.02
2071,690,351,3,2164921.25
2072,691,339,4,3388404.48
2073,691,717,3,2937179.78
2074,691,582,3,4623892.49
2075,691,609,1,2861964.45
2076,692,152,5,3589616.7
2077,692,296,1,854635.9
2078,693,902,3,2452989.68
2079,693,578,3,2936321.44
2080,694,315,2,3976732.3
2081,694,582,3,4623892.49
2082,694,487,4,838248.27
2083,695,159,2,4540605.42
2084,695,151,5,509987.82
2085,695,300,4,3824050.83
2086,696,653,2,4133669.57
2087,696,29,2,3953961.57
2088,696,598,3,1844762.01
2089,697,599,1,3868911.48
2090,697,266,3,471395.34
2091,698,764,5,3306383.48
2092,698,416,4,2234434.97
2093,698,634,2,3507226.08
2094,698,996,3,2539577.37
2095,698,660,2,4274460.51
2096,699,874,5,1722403.58
2097,699,322,5,1892076.15
2098,699,384,4,4079222.6
2099,699,887,4,2324165.53
2100,699,664,2,4153557.94
2101,700,494,2,686588.64
2102,700,496,4,4336567.48
2103,700,15,1,3523148.68
2104,700,351,2,2164921.25
2105,700,317,2,2300398.75
2106,701,154,3,35855.42
2107,701,624,1,3183349.78
2108,702,366,4,4319953.7
2109,702,471,5,849362.8
2110,703,861,5,1499394.87
2111,704,760,2,3040514.95
2112,704,373,1,325703.08
2113,705,642,1,3506620.78
2114,705,975,3,527528.4
2115,705,520,1,4959272.81
2116,705,278,5,2764875.67
2117,706,867,5,4499438.35
2118,706,894,1,1719922.73
2119,706,994,1,1609962.74
2120,706,458,5,2779013.75
2121,706,536,2,3473214.7
2122,707,263,2,1948211.05
2123,707,707,2,2819913.37
2124,708,707,4,2819913.37
2125,708,182,1,932058.19
2126,709,273,5,1066920.78
2127,709,285,1,1571480.87
2128,709,761,2,793947.85
2129,709,751,1,3997980.88
2130,709,928,2,3858535.82
2131,710,311,1,544011.98
2132,710,213,2,3619167.6
2133,710,250,5,314178.61
2134,710,780,5,2330639.2
2135,710,489,4,4029148.06
2136,711,550,1,3764703.78
2137,712,809,1,4390688.88
2138,712,202,4,399732.58
2139,712,120,4,962013.8
2140,713,488,2,3926398.06
2141,714,556,5,4240981.6
2142,715,613,4,4386186.28
2143,715,308,5,2683333.13
2144,716,596,4,2485776.37
2145,717,738,4,847758.21
2146,718,604,5,903015.06
2147,718,774,4,3926534.1
2148,719,258,4,1212431.26
2149,720,278,4,2764875.67
2150,720,647,2,2253338.07
2151,720,337,5,820626.75
2152,720,495,5,4594655.87
2153,720,291,3,2853249.67
2154,721,889,5,2366376.22
2155,721,255,3,3484578.95
2156,721,282,5,2335360.29
2157,722,317,4,2300398.75
2158,722,115,2,4835682.77
2159,722,500,1,2452399.04
2160,722,327,5,2833624.57
2161,722,482,4,4312376.13
2162,723,184,1,44082.3
2163,723,779,4,232638.45
2164,724,97,4,652030.32
2165,724,351,5,2164921.25
2166,724,843,2,3747316.06
2167,725,798,1,1017577.21
2168,725,782,2,764142.07
2169,726,315,5,3976732.3
2170,726,313,3,967740.96
2171,727,484,1,3880401.93
2172,727,702,3,888740.83
2173,727,950,5,4535331.42
2174,727,216,5,235996.12
2175,727,689,2,2403625.35
2176,728,161,2,2680409.86
2177,728,785,4,4853820.63
2178,728,805,2,571469.02
2179,729,625,2,4755441.41
2180,729,334,5,88133.9
2181,730,670,5,996774.18
2182,730,808,4,3930870.7
2183,730,799,3,4172199.51
2184,730,235,3,4687677.7
2185,731,957,3,508046.49
2186,731,380,2,1530243.4
2187,731,314,3,4077919.81
2188,731,745,3,4845818.11
2189,732,461,3,3100855.79
2190,732,436,5,940070.76
2191,732,403,4,3579029.59
2192,733,781,4,4187022.97
2193,734,992,4,4260837.05
2194,735,662,2,4021444.8
2195,735,999,4,4008293.83
2196,735,786,3,2772473.51
2197,736,839,2,1868609.14
2198,737,678,3,1776176.83
2199,737,302,3,349160.03
2200,738,330,4,1362764.31
2201,739,334,5,88133.9
2202,739,574,2,1394564.0
2203,739,817,2,4486186.5
2204,739,633,5,4487464.48
2205,740,877,3,2541501.13
2206,740,110,1,2379714.07
2207,740,249,2,2073665.43
2208,740,334,4,88133.9
2209,741,482,1,4312376.13
2210,741,800,4,1605549.95
2211,741,705,4,3520229.89
2212,741,256,3,754595.86
2213,741,622,5,761326.22
2214,742,61,1,2419894.64
2215,742,58,3,3094361.05
2216,742,283,5,3810528.56
2217,742,379,4,2294729.55
2218,743,114,4,2988578.98
2219,743,138,1,2806833.08
2220,743,333,4,904978.97
2221,744,895,2,724688.52
2222,744,604,3,903015.06
2223,745,205,5,831040.41
2224,745,91,4,1836027.39
2225,745,252,3,2783694.82
2226,745,587,5,2487100.53
2227,745,782,3,764142.07
2228,746,544,3,3055493.0
2229,746,707,1,2819913.37
2230,746,144,1,1738353.94
2231,746,892,3,279769.23
2232,746,981,3,573558.02
2233,747,766,2,1970582.05
2234,747,189,3,3466915.27
2235,747,480,2,1495567.59
2236,747,472,3,2832595.8
2237,748,204,3,2867781.35
2238,748,262,5,2790860.92
2239,748,766,1,1970582.05
2240,749,123,4,2057783.27
2241,749,438,4,2253379.31
2242,750,818,1,1695951.75
2243,750,852,5,1126612.46
2244,750,62,5,1494195.02
2245,750,383,1,2206712.38
2246,751,448,1,1766404.77
2247,751,983,5,1315448.21
2248,751,895,3,724688.52
2249,751,810,5,1921386.93
2250,751,504,3,3476571.04
2251,752,342,1,2508956.33
2252,752,753,1,1313027.27
2253,752,579,1,1557745.77
2254,752,998,5,403364.67
2255,752,800,1,1605549.95
2256,753,163,5,2095246.06
2257,753,867,1,4499438.35
2258,753,588,4,2619796.76
2259,753,625,2,4755441.41
2260,753,770,1,1006377.26
2261,754,838,3,3409060.06
2262,754,477,4,3802420.61
2263,754,911,2,3137167.77
2264,754,667,3,2915795.77
2265,755,187,5,2916479.15
2266,756,465,5,2051580.4
2267,756,800,4,1605549.95
2268,756,911,1,3137167.77
2269,757,589,3,843145.14
2270,757,7,5,2225257.05
2271,757,849,4,4324503.35
2272,757,20,1,871555.26
2273,758,331,4,3425299.43
2274,758,155,3,2040468.18
2275,759,599,3,3868911.48
2276,759,546,4,3144119.39
2277,760,789,5,2867844.31
2278,760,948,3,1659712.04
2279,761,157,2,3781996.19
2280,761,792,2,2515486.34
2281,761,212,3,2798398.02
2282,761,186,1,4770633.77
2283,761,27,5,615598.65
2284,762,968,1,922518.41
2285,762,799,2,4172199.51
2286,762,554,3,1248353.47
2287,762,978,1,3898029.83
2288,762,336,3,4645085.95
2289,763,674,2,262682.13
2290,763,207,3,3587420.65
2291,764,435,3,3990801.38
2292,764,239,2,513474.6
2293,765,28,2,3962407.71
2294,765,899,4,33520.37
2295,765,127,4,2632130.99
2296,766,455,2,2097013.14
2297,767,51,4,2517839.99
2298,767,450,4,4594226.07
2299,767,204,2,2867781.35
2300,767,790,4,2386548.78
2301,768,835,1,4590975.04
2302,768,96,2,4128303.48
2303,768,519,5,2212016.88
2304,768,742,5,1758901.0
2305,768,125,2,3531818.41
2306,769,124,4,4365360.37
2307,769,759,5,4712786.87
2308,770,768,3,29039.71
2309,770,426,2,3612749.78
2310,770,216,1,235996.12
2311,771,369,4,2864082.55
2312,771,262,5,2790860.92
2313,771,115,4,4835682.77
2314,771,17,1,3472963.4
2315,771,390,4,1636172.32
2316,772,985,1,4889698.83
2317,772,364,3,1776032.29
2318,772,969,3,2007248.63
2319,772,857,1,1517704.01
2320,773,969,3,2007248.63
2321,773,235,1,4687677.7
2322,773,667,4,2915795.77
2323,773,897,4,1669820.94
2324,774,975,3,527528.4
2325,775,47,2,4231209.19
2326,775,868,2,3306046.32
2327,775,182,5,932058.19
2328,776,132,5,4787113.61
2329,777,144,4,1738353.94
2330,777,781,1,4187022.97
2331,778,611,2,904928.31
2332,779,381,5,1667763.9
2333,779,425,2,2386051.03
2334,779,430,2,3243369.89
2335,780,959,5,1807471.17
2336,780,989,2,751785.72
2337,781,374,1,1387049.74
2338,781,806,2,749516.71
2339,782,510,2,4252030.14
2340,783,414,3,538663.31
2341,783,931,3,250692.93
2342,783,637,3,3189706.24
2343,784,803,1,2603244.01
2344,785,30,4,1810873.66
2345,785,36,2,4118463.6
2346,785,936,4,1512571.11
2347,786,553,4,1246454.01
2348,787,740,5,2238683.37
2349,787,174,2,1371457.04
2350,787,103,1,204180.69
2351,787,358,2,35924.16
2352,787,95,4,3824376.53
2353,788,116,4,3609786.56
2354,789,426,5,3612749.78
2355,789,451,2,3363829.31
2356,789,878,5,4204787.09
2357,789,829,1,4106876.79
2358,790,488,4,3926398.06
2359,790,922,3,105432.42
2360,790,132,3,4787113.61
2361,791,375,5,2426314.26
2362,791,685,1,1921246.23
2363,791,490,4,2666081.18
2364,791,767,5,776413.77
2365,791,201,2,2632278.21
2366,792,528,2,3632681.93
2367,792,825,2,3028845.87
2368,793,676,1,2485670.69
2369,793,762,1,1662161.95
2370,794,290,5,1656027.78
2371,794,108,2,2972686.03
2372,794,232,3,2664348.71
2373,794,190,3,3342252.71
2374,795,728,4,1898136.7
2375,795,685,5,1921246.23
2376,795,533,5,2602026.83
2377,796,905,3,2150836.99
2378,796,779,2,232638.45
2379,796,336,4,4645085.95
2380,796,384,2,4079222.6
2381,796,594,1,1367183.17
2382,797,648,1,2038497.63
2383,797,814,2,203524.84
2384,797,187,1,2916479.15
2385,797,147,1,4665789.43
2386,798,166,4,3941923.54
2387,798,331,1,3425299.43
2388,799,493,4,4762462.75
2389,799,879,3,1475982.42
2390,799,193,5,3454548.98
2391,799,416,4,2234434.97
2392,799,220,4,168357.01
2393,800,270,5,4025206.58
2394,800,451,1,3363829.31
2395,800,763,3,2052306.53
2396,800,672,5,4526339.07
2397,800,947,3,3444137.54
2398,801,914,2,1923916.88
2399,801,262,3,2790860.92
2400,801,827,4,4568029.7
2401,802,468,1,2831335.02
2402,802,685,3,1921246.23
2403,802,782,5,764142.07
2404,802,270,1,4025206.58
2405,802,801,3,444266.93
2406,803,658,1,1308232.3
2407,803,988,5,2414829.09
2408,803,130,1,2735903.36
2409,803,233,4,1245085.07
2410,804,124,5,4365360.37
2411,805,130,3,2735903.36
2412,805,315,4,3976732.3
2413,805,447,5,2939153.53
2414,806,990,5,68107.89
2415,807,408,5,555753.43
2416,807,200,2,3811679.5
2417,808,795,1,4861102.74
2418,808,204,3,2867781.35
2419,809,616,2,49766.18
2420,809,577,5,2686586.96
2421,809,538,1,455762.09
2422,809,820,5,4292591.57
2423,809,372,5,1349349.92
2424,810,711,5,290278.2
2425,810,171,3,1429962.65
2426,811,103,2,204180.69
2427,811,651,5,1332389.56
2428,812,864,2,4308843.09
2429,812,554,5,1248353.47
2430,813,879,2,1475982.42
2431,813,286,1,2816998.39
2432,813,983,4,1315448.21
2433,813,304,4,1872271.46
2434,814,996,4,2539577.37
2435,814,916,4,1498029.24
2436,814,480,3,1495567.59
2437,814,140,3,4479844.7
2438,814,1,1,4244859.86
2439,815,726,5,3538842.78
2440,815,685,3,1921246.23
2441,815,214,5,1279741.52
2442,816,983,1,1315448.21
2443,816,61,4,2419894.64
2444,816,144,2,1738353.94
2445,816,493,2,4762462.75
2446,816,783,2,437679.49
2447,817,806,2,749516.71
2448,817,662,4,4021444.8
2449,817,401,5,3170346.84
2450,817,199,2,3789179.11
2451,818,73,2,1247115.22
2452,818,987,3,2169911.06
2453,818,144,4,1738353.94
2454,819,744,5,1935826.12
2455,820,211,4,2289424.39
2456,820,146,3,1077794.17
2457,821,12,1,2500229.36
2458,821,534,3,56341.87
2459,821,537,1,363433.24
2460,822,483,2,2200958.82
2461,822,677,4,3419232.45
2462,822,306,1,42995.66
2463,822,555,5,3897058.57
2464,822,466,2,2083995.87
2465,823,902,3,2452989.68
2466,824,973,1,574152.22
2467,824,391,3,4084307.63
2468,824,116,4,3609786.56
2469,825,600,2,1149738.07
2470,825,898,4,1573936.22
2471,825,777,3,932557.29
2472,825,231,5,3370764.29
2473,826,91,5,1836027.39
2474,827,886,3,1864695.32
2475,827,248,4,4928620.85
2476,827,857,4,1517704.01
2477,827,432,1,2584809.57
2478,827,654,1,1082953.74
2479,828,863,3,4941921.22
2480,828,927,3,1882210.24
2481,828,656,5,4842316.02
2482,829,430,3,3243369.89
2483,829,366,1,4319953.7
2484,829,14,1,1316265.62
2485,830,249,5,2073665.43
2486,830,507,2,4345849.74
2487,830,606,4,1130331.42
2488,830,682,3,3239919.22
2489,831,800,4,1605549.95
2490,832,622,5,761326.22
2491,832,385,5,1509172.07
2492,832,532,4,672171.96
2493,832,44,5,1527581.47
2494,832,111,5,1848105.47
2495,833,590,1,3751384.16
2496,834,990,2,68107.89
2497,835,595,5,1322118.76
2498,835,432,4,2584809.57
2499,835,736,1,1662530.45
2500,836,663,4,616051.74
2501,836,873,4,2919288.28
2502,836,588,5,2619796.76
2503,837,963,4,3320141.59
2504,838,686,1,1005294.46
2505,838,222,5,3831480.14
2506,838,186,1,4770633.77
2507,838,646,3,785498.65
2508,839,300,4,3824050.83
2509,840,747,4,1762643.53
2510,841,368,3,3898053.84
2511,841,361,2,945085.0
2512,841,284,4,4572509.19
2513,842,333,4,904978.97
2514,843,788,2,4828482.24
2515,843,215,5,3731564.37
2516,843,790,5,2386548.78
2517,844,759,4,4712786.87
2518,844,772,3,4885517.9
2519,844,800,2,1605549.95
2520,845,878,1,4204787.09
2521,845,342,3,2508956.33
2522,845,632,5,229062.33
2523,845,758,2,3525478.19
2524,846,849,3,4324503.35
2525,846,104,1,4021789.62
2526,846,655,4,750135.75
2527,847,637,4,3189706.24
2528,847,655,2,750135.75
2529,847,775,4,2450593.09
2530,848,272,4,1522908.25
2531,848,360,3,520134.76
2532,849,918,3,2173989.5
2533,849,773,2,4220407.68
2534,849,983,2,1315448.21
2535,849,331,1,3425299.43
2536,850,195,5,1103451.72
2537,851,931,5,250692.93
2538,851,718,5,3874088.83
2539,851,304,5,1872271.46
2540,852,183,4,2392495.95
2541,852,634,1,3507226.08
2542,852,204,1,2867781.35
2543,852,93,5,1818993.64
2544,852,937,4,3315790.0
2545,853,150,3,3193343.42
2546,853,546,3,3144119.39
2547,853,407,2,3511155.09
2548,854,107,3,820885.21
2549,854,629,5,2104881.05
2550,854,995,1,4851023.79
2551,854,332,2,4497565.14
2552,855,846,1,4286984.83
2553,855,252,5,2783694.82
2554,855,159,3,4540605.42
2555,855,27,4,615598.65
2556,856,854,2,2124795.94
2557,856,252,2,2783694.82
2558,857,664,2,4153557.94
2559,857,149,1,1219865.61
2560,857,304,2,1872271.46
2561,857,988,1,2414829.09
2562,858,495,4,4594655.87
2563,858,425,5,2386051.03
2564,858,565,5,1833408.19
2565,858,197,4,3741196.84
2566,858,191,5,1540963.65
2567,859,410,5,840029.08
2568,859,910,4,99401.47
2569,859,765,3,1195365.94
2570,859,724,3,3961294.2
2571,859,823,3,3872414.19
2572,860,380,3,1530243.4
2573,860,922,2,105432.42
2574,860,328,5,4475008.15
2575,860,366,1,4319953.7
2576,861,330,2,1362764.31
2577,861,815,5,3455663.63
2578,862,132,1,4787113.61
2579,862,940,5,2562808.08
2580,862,726,4,3538842.78
2581,862,549,3,4483998.8
2582,862,108,5,2972686.03
2583,863,738,3,847758.21
2584,863,735,5,4684072.09
2585,864,477,3,3802420.61
2586,864,589,1,843145.14
2587,865,634,4,3507226.08
2588,865,510,5,4252030.14
2589,865,447,1,2939153.53
2590,865,977,2,914490.2
2591,866,574,4,1394564.0
2592,867,666,1,1867476.32
2593,867,918,3,2173989.5
2594,867,489,2,4029148.06
2595,867,66,3,3037234.71
2596,867,67,3,4308810.53
2597,868,259,1,1510674.73
2598,868,731,5,4255277.26
2599,868,503,4,2020225.36
2600,868,722,2,1515808.12
2601,868,406,2,2722789.56
2602,869,318,5,4951262.83
2603,869,714,3,4034162.61
2604,869,339,2,3388404.48
2605,869,584,5,1553357.42
2606,870,148,5,694992.04
2607,870,698,5,1339969.74
2608,870,323,1,290013.55
2609,870,995,5,4851023.79
2610,871,730,3,4744452.64
2611,872,123,1,2057783.27
2612,872,629,1,2104881.05
2613,872,543,4,351373.92
2614,872,748,2,516128.51
2615,872,751,2,3997980.88
2616,873,616,2,49766.18
2617,873,856,2,1267473.56
2618,874,665,4,662269.04
2619,875,340,1,1925392.61
2620,876,969,4,2007248.63
2621,877,718,4,3874088.83
2622,877,825,4,3028845.87
2623,877,391,4,4084307.63
2624,877,142,3,1459358.73
2625,877,188,1,1315150.22
2626,878,364,2,1776032.29
2627,878,725,4,3249409.53
2628,878,901,3,2885631.79
2629,879,93,2,1818993.64
2630,879,267,4,267167.78
2631,879,206,2,590037.71
2632,879,360,1,520134.76
2633,880,463,1,691308.23
2634,880,537,3,363433.24
2635,880,21,5,4986339.4
2636,881,571,1,2537986.92
2637,882,98,2,1975579.53
2638,882,2,5,183646.84
2639,882,13,1,4568577.1
2640,883,394,3,3411746.04
2641,883,29,5,3953961.57
2642,883,577,3,2686586.96
2643,884,979,2,4314253.11
2644,885,652,5,461200.23
2645,885,511,2,1096971.38
2646,886,224,3,2248200.29
2647,886,100,2,3777276.21
2648,886,615,3,1643231.6
2649,886,588,2,2619796.76
2650,886,913,4,1567340.38
2651,887,520,2,4959272.81
2652,887,834,4,175024.51
2653,888,638,1,383404.12
2654,889,910,1,99401.47
2655,889,827,3,4568029.7
2656,889,958,3,4371960.84
2657,889,111,3,1848105.47
2658,889,700,2,2882703.62
2659,890,531,2,1074971.67
2660,890,922,1,105432.42
2661,890,510,2,4252030.14
2662,890,618,2,3700484.17
2663,890,628,3,528705.61
2664,891,951,5,754231.02
2665,891,852,4,1126612.46
2666,891,803,4,2603244.01
2667,891,967,1,1869384.54
2668,892,68,3,3673656.78
2669,892,253,3,4861728.27
2670,892,145,2,3283300.53
2671,892,984,4,71677.46
2672,892,193,4,3454548.98
2673,893,367,1,1466318.28
2674,894,831,5,686892.61
2675,894,102,5,2505388.74
2676,894,94,3,376923.43
2677,894,934,5,2377237.73
2678,895,589,5,843145.14
2679,895,535,4,4087374.04
2680,895,776,5,464773.02
2681,895,659,2,165099.65
2682,895,290,3,1656027.78
2683,896,459,2,1451285.52
2684,896,300,4,3824050.83
2685,897,446,4,2988884.44
2686,897,85,4,262196.62
2687,897,25,4,3561927.43
2688,897,107,3,820885.21
2689,898,496,5,4336567.48
2690,898,399,3,4096638.18
2691,898,510,3,4252030.14
2692,898,790,1,2386548.78
2693,898,541,1,1919778.04
2694,899,970,1,1366447.12
2695,899,315,5,3976732.3
2696,900,556,2,4240981.6
2697,900,657,3,2572163.78
2698,900,757,1,1696373.42
2699,900,548,1,4301213.0
2700,900,49,3,634599.77
2701,901,193,3,3454548.98
2702,901,988,5,2414829.09
2703,901,54,4,4214224.72
2704,901,757,5,1696373.42
2705,902,870,2,4987370.81
2706,902,521,3,1019567.85
2707,902,698,1,1339969.74
2708,902,933,2,626739.36
2709,902,102,4,2505388.74
2710,903,914,2,1923916.88
2711,903,730,3,4744452.64
2712,904,732,2,918587.96
2713,905,212,5,2798398.02
2714,905,656,5,4842316.02
2715,905,16,1,4981861.91
2716,905,945,4,1483802.49
2717,906,922,1,105432.42
2718,906,947,3,3444137.54
2719,907,927,2,1882210.24
2720,908,182,4,932058.19
2721,908,847,2,3391699.28
2722,908,381,4,1667763.9
2723,909,160,2,3264970.66
2724,910,253,5,4861728.27
2725,910,685,3,1921246.23
2726,910,904,4,3171102.83
2727,910,697,5,1246806.7
2728,910,728,3,1898136.7
2729,911,963,3,3320141.59
2730,911,420,1,2085717.39
2731,912,844,4,1432496.19
2732,912,387,3,4823227.37
2733,912,863,2,4941921.22
2734,912,837,4,2530580.61
2735,913,615,1,1643231.6
2736,913,642,4,3506620.78
2737,913,43,4,4158640.12
2738,914,679,2,1382159.03
2739,914,73,1,1247115.22
2740,915,163,4,2095246.06
2741,916,188,5,1315150.22
2742,917,172,3,4447407.22
2743,917,979,4,4314253.11
2744,917,292,5,2501514.4
2745,918,292,5,2501514.4
2746,918,268,1,3371622.88
2747,918,780,1,2330639.2
2748,919,843,2,3747316.06
2749,919,974,1,4908030.16
2750,919,569,4,208736.04
2751,919,206,2,590037.71
2752,920,37,4,635380.64
2753,920,491,1,1625031.54
2754,920,115,2,4835682.77
2755,920,39,4,2334507.67
2756,920,189,1,3466915.27
2757,921,248,4,4928620.85
2758,922,380,4,1530243.4
2759,922,757,2,1696373.42
2760,922,453,5,593575.03
2761,922,788,1,4828482.24
2762,922,679,5,1382159.03
2763,923,787,2,4093842.02
2764,923,743,3,3604863.8
2765,924,583,1,2272325.49
2766,925,350,3,2769658.25
2767,925,944,2,1796029.96
2768,926,474,2,2867843.13
2769,926,924,1,1063839.24
2770,926,401,4,3170346.84
2771,927,970,3,1366447.12
2772,927,518,1,91243.95
2773,928,189,2,3466915.27
2774,928,344,4,1168398.58
2775,929,893,4,695452.64
2776,930,864,2,4308843.09
2777,931,542,3,3211464.98
2778,931,571,2,2537986.92
2779,931,147,5,4665789.43
2780,931,988,3,2414829.09
2781,931,59,1,2495209.92
2782,932,420,5,2085717.39
2783,933,18,5,1008889.92
2784,933,738,2,847758.21
2785,933,742,3,1758901.0
2786,933,380,1,1530243.4
2787,933,147,1,4665789.43
2788,934,7,4,2225257.05
2789,934,4,5,1817131.41
2790,935,834,4,175024.51
2791,936,123,2,2057783.27
2792,936,781,1,4187022.97
2793,936,578,5,2936321.44
2794,936,76,1,1248868.7
2795,936,665,4,662269.04
2796,937,661,4,482679.13
2797,937,290,5,1656027.78
2798,937,397,4,2197890.22
2799,937,933,2,626739.36
2800,937,700,4,2882703.62
2801,938,257,3,927556.1
2802,938,652,4,461200.23
2803,938,491,2,1625031.54
2804,938,466,5,2083995.87
2805,938,901,3,2885631.79
2806,939,148,3,694992.04
2807,939,653,2,4133669.57
2808,940,264,2,1024650.3
2809,940,377,1,3607288.27
2810,940,443,3,2293176.61
2811,940,148,1,694992.04
2812,941,421,5,589186.0
2813,941,873,2,2919288.28
2814,941,412,2,4834387.56
2815,941,861,3,1499394.87
2816,942,965,4,4775894.89
2817,942,432,4,2584809.57
2818,943,752,4,1481593.98
2819,943,455,4,2097013.14
2820,943,475,3,3877814.01
2821,943,346,3,4844913.43
2822,944,137,5,1592033.32
2823,944,211,2,2289424.39
2824,944,223,2,1878559.99
2825,944,583,2,2272325.49
2826,945,373,4,325703.08
2827,945,562,4,2646149.64
2828,945,384,3,4079222.6
2829,945,219,4,4930824.87
2830,945,145,4,3283300.53
2831,946,556,4,4240981.6
2832,947,927,5,1882210.24
2833,947,423,1,2282109.85
2834,947,205,2,831040.41
2835,948,565,2,1833408.19
2836,948,676,4,2485670.69
2837,948,960,5,2135716.08
2838,949,185,4,1185251.05
2839,949,25,2,3561927.43
2840,949,396,5,4715444.83
2841,949,684,2,314285.55
2842,950,764,5,3306383.48
2843,950,788,2,4828482.24
2844,950,657,4,2572163.78
2845,951,801,2,444266.93
2846,951,155,4,2040468.18
2847,951,325,4,2504293.38
2848,951,252,2,2783694.82
2849,951,781,4,4187022.97
2850,952,626,5,3797056.47
2851,952,544,1,3055493.0
2852,952,693,1,156224.27
2853,953,88,1,4237390.1
2854,954,943,1,3892014.99
2855,955,874,1,1722403.58
2856,955,321,3,476567.52
2857,955,208,2,463798.81
2858,956,315,1,3976732.3
2859,956,372,5,1349349.92
2860,957,598,4,1844762.01
2861,957,487,3,838248.27
2862,957,721,2,2934223.15
2863,958,311,1,544011.98
2864,958,822,5,680583.75
2865,958,164,2,4670273.83
2866,959,426,1,3612749.78
2867,959,546,5,3144119.39
2868,960,163,5,2095246.06
2869,960,566,4,3816002.43
2870,960,717,3,2937179.78
2871,960,707,2,2819913.37
2872,961,680,2,4418284.76
2873,962,100,1,3777276.21
2874,962,139,4,1446068.98
2875,962,485,4,1057292.06
2876,962,489,2,4029148.06
2877,963,601,3,229749.16
2878,964,599,5,3868911.48
2879,964,187,4,2916479.15
2880,964,916,1,1498029.24
2881,964,994,4,1609962.74
2882,965,353,3,3992295.32
2883,965,88,3,4237390.1
2884,965,71,2,1602388.27
2885,965,139,5,1446068.98
2886,965,308,4,2683333.13
2887,966,114,2,2988578.98
2888,966,985,3,4889698.83
2889,967,729,1,645468.34
2890,967,364,5,1776032.29
2891,967,819,4,1561637.0
2892,968,637,5,3189706.24
2893,969,174,3,1371457.04
2894,969,872,3,1947491.86
2895,969,197,5,3741196.84
2896,969,287,5,3708849.37
2897,970,502,3,2265438.7
2898,971,54,2,4214224.72
2899,971,718,3,3874088.83
2900,972,460,4,1579754.27
2901,972,346,1,4844913.43
2902,972,280,4,1549027.2
2903,973,341,5,3954585.45
2904,974,134,5,4708012.88
2905,975,753,5,1313027.27
2906,976,310,4,4032776.82
2907,977,927,4,1882210.24
2908,977,390,4,1636172.32
2909,978,712,3,109440.67
2910,979,344,3,1168398.58
2911,979,823,5,3872414.19
2912,979,875,4,3434727.37
2913,979,417,3,2320685.41
2914,980,966,3,4393592.93
2915,980,737,3,1197599.67
2916,981,198,4,2085069.62
2917,981,289,3,1483009.51
2918,981,86,4,2991618.67
2919,981,941,1,1420706.77
2920,981,825,3,3028845.87
2921,982,918,1,2173989.5
2922,982,24,2,4457745.09
2923,982,826,1,947799.1
2924,982,249,1,2073665.43
2925,982,182,3,932058.19
2926,983,158,5,1612626.83
2927,984,798,1,1017577.21
2928,984,885,1,2108158.12
2929,985,741,1,1056324.58
2930,986,892,5,279769.23
2931,986,73,2,1247115.22
2932,986,597,4,286641.16
2933,987,805,1,571469.02
2934,987,628,1,528705.61
2935,987,58,2,3094361.05
2936,988,941,1,1420706.77
2937,988,191,1,1540963.65
2938,989,4,4,1817131.41
2939,990,216,1,235996.12
2940,990,735,1,4684072.09
2941,991,329,5,1156534.82
2942,991,198,4,2085069.62
2943,991,838,2,3409060.06
2944,991,726,4,3538842.78
2945,992,724,2,3961294.2
2946,992,481,3,2254164.39
2947,992,750,5,821655.99
2948,992,886,1,1864695.32
2949,992,454,2,3470248.34
2950,993,7,1,2225257.05
2951,993,181,2,442821.47
2952,993,270,2,4025206.58
2953,993,900,5,1054818.02
2954,993,590,2,3751384.16
2955,994,720,1,3525644.67
2956,995,192,3,3433507.36
2957,995,775,2,2450593.09
2958,996,405,5,2915397.66
2959,996,304,5,1872271.46
2960,997,519,3,2212016.88
2961,997,224,4,2248200.29
2962,997,257,3,927556.1
2963,997,754,2,380260.0
2964,998,8,3,2873869.67
2965,998,289,2,1483009.51
2966,998,67,1,4308810.53
2967,998,65,4,2327566.37
2968,998,353,1,3992295.32
2969,999,774,4,3926534.1
2970,999,82,4,4726711.69
2971,999,13,1,4568577.1
2972,999,327,5,2833624.57
2973,999,790,3,2386548.78
2974,1000,695,1,2651867.14
2975,1000,583,3,2272325.49
2976,1000,745,3,4845818.11
2977,1000,462,3,4759691.33
2978,1000,761,4,793947.85
2979,1001,512,3,4125989.76
2980,1001,782,4,764142.07
2981,1001,321,5,476567.52
2982,1002,234,5,784055.65
2983,1002,175,1,1660113.64
2984,1003,420,4,2085717.39
2985,1003,902,4,2452989.68
2986,1003,333,4,904978.97
2987,1004,890,4,2507382.1
2988,1004,464,2,4819507.16
2989,1004,146,4,1077794.17
2990,1004,430,1,3243369.89
2991,1005,808,3,3930870.7
2992,1005,391,2,4084307.63
2993,1006,375,1,2426314.26
2994,1006,445,2,2643297.95
2995,1006,155,5,2040468.18
2996,1006,969,2,2007248.63
2997,1007,98,1,1975579.53
2998,1007,401,4,3170346.84
2999,1008,278,3,2764875.67
3000,1008,203,1,318172.66
3001,1009,402,2,1270881.61
3002,1009,311,5,544011.98
3003,1009,285,2,1571480.87
3004,1009,195,4,1103451.72
3005,1010,742,4,1758901.0
3006,1010,444,4,3356800.13
3007,1010,971,2,3452613.13
3008,1010,500,1,2452399.04
3009,1010,362,1,2789355.31
3010,1011,976,3,4013301.27
3011,1012,623,3,129312.18
3012,1012,145,2,3283300.53
3013,1012,532,4,672171.96
3014,1012,823,2,3872414.19
3015,1013,503,1,2020225.36
3016,1013,980,3,2420567.49
3017,1013,647,2,2253338.07
3018,1013,347,3,157832.04
3019,1014,440,5,1036864.55
3020,1014,125,5,3531818.41
3021,1014,133,5,2794852.39
3022,1014,289,3,1483009.51
3023,1014,743,3,3604863.8
3024,1015,379,5,2294729.55
3025,1015,994,4,1609962.74
3026,1016,19,4,4265603.19
3027,1017,428,2,232968.43
3028,1017,215,3,3731564.37
3029,1017,705,2,3520229.89
3030,1018,650,4,2265066.21
3031,1018,806,3,749516.71
3032,1018,569,3,208736.04
3033,1019,813,3,2020840.05
3034,1019,716,2,307184.25
3035,1019,924,2,1063839.24
3036,1019,989,3,751785.72
3037,1019,801,5,444266.93
3038,1020,726,5,3538842.78
3039,1020,625,2,4755441.41
3040,1021,501,5,3142785.98
3041,1021,482,1,4312376.13
3042,1022,524,1,475766.52
3043,1022,394,2,3411746.04
3044,1022,639,3,2180564.56
3045,1023,542,4,3211464.98
3046,1024,618,3,3700484.17
3047,1024,69,4,4877116.9
3048,1024,399,2,4096638.18
3049,1024,811,3,2864395.97
3050,1025,373,1,325703.08
3051,1025,486,2,4306632.99
3052,1026,649,1,4823527.26
3053,1026,336,3,4645085.95
3054,1027,495,5,4594655.87
3055,1027,150,3,3193343.42
3056,1027,980,3,2420567.49
3057,1027,497,3,3510118.37
3058,1027,620,5,4988957.71
3059,1028,844,2,1432496.19
3060,1028,981,5,573558.02
3061,1029,124,3,4365360.37
3062,1029,752,1,1481593.98
3063,1029,754,2,380260.0
3064,1029,537,5,363433.24
3065,1029,290,2,1656027.78
3066,1030,434,1,4792728.48
3067,1030,306,3,42995.66
3068,1030,210,2,668402.26
3069,1030,304,1,1872271.46
3070,1031,668,4,4587968.62
3071,1032,378,4,2973093.93
3072,1033,458,4,2779013.75
3073,1033,569,2,208736.04
3074,1034,455,3,2097013.14
3075,1034,111,3,1848105.47
3076,1034,467,3,2448610.56
3077,1034,203,5,318172.66
3078,1034,465,3,2051580.4
3079,1035,601,2,229749.16
3080,1035,331,1,3425299.43
3081,1036,54,3,4214224.72
3082,1037,489,3,4029148.06
3083,1037,146,3,1077794.17
3084,1037,852,4,1126612.46
3085,1037,564,1,668594.57
3086,1037,644,4,1175720.02
3087,1038,406,2,2722789.56
3088,1038,335,5,2939310.16
3089,1038,857,1,1517704.01
3090,1039,332,5,4497565.14
3091,1039,775,5,2450593.09
3092,1039,41,5,3841230.37
3093,1040,741,2,1056324.58
3094,1041,66,1,3037234.71
3095,1041,144,2,1738353.94
3096,1041,105,5,753213.92
3097,1041,168,2,4384948.41
3098,1042,773,3,4220407.68
3099,1043,347,1,157832.04
3100,1043,423,3,2282109.85
3101,1043,769,1,1479801.75
3102,1044,411,5,2820469.26
3103,1044,64,5,2203631.44
3104,1044,427,4,1601358.28
3105,1044,712,2,109440.67
3106,1045,843,1,3747316.06
3107,1045,834,2,175024.51
3108,1045,460,2,1579754.27
3109,1045,119,3,167536.86
3110,1045,233,2,1245085.07
3111,1046,661,5,482679.13
3112,1047,54,2,4214224.72
3113,1048,44,1,1527581.47
3114,1048,225,2,1884471.21
3115,1048,973,2,574152.22
3116,1048,978,2,3898029.83
3117,1049,328,3,4475008.15
3118,1049,397,4,2197890.22
3119,1049,20,5,871555.26
3120,1049,784,3,4042818.99
3121,1049,505,1,2278931.29
3122,1050,564,1,668594.57
3123,1050,42,2,2168765.25
3124,1050,604,1,903015.06
3125,1050,214,2,1279741.52
3126,1051,504,1,3476571.04
3127,1051,358,1,35924.16
3128,1051,596,3,2485776.37
3129,1051,522,2,4411917.34
3130,1051,407,2,3511155.09
3131,1052,550,1,3764703.78
3132,1052,938,5,3117760.91
3133,1053,273,5,1066920.78
3134,1053,384,5,4079222.6
3135,1053,398,2,4158096.23
3136,1054,773,5,4220407.68
3137,1054,263,3,1948211.05
3138,1055,335,3,2939310.16
3139,1055,403,1,3579029.59
3140,1056,463,1,691308.23
3141,1056,457,5,936910.96
3142,1056,991,5,2532782.18
3143,1057,210,2,668402.26
3144,1057,116,1,3609786.56
3145,1057,397,1,2197890.22
3146,1057,761,2,793947.85
3147,1058,778,5,1853314.31
3148,1058,754,3,380260.0
3149,1059,908,5,4750842.39
3150,1059,838,3,3409060.06
3151,1060,475,1,3877814.01
3152,1060,664,2,4153557.94
3153,1060,581,3,298950.66
3154,1061,524,1,475766.52
3155,1061,318,1,4951262.83
3156,1062,850,2,2375745.06
3157,1062,882,3,4735147.67
3158,1063,512,4,4125989.76
3159,1063,738,3,847758.21
3160,1064,401,5,3170346.84
3161,1064,772,2,4885517.9
3162,1064,943,4,3892014.99
3163,1064,492,5,1453772.88
3164,1065,293,2,1294060.52
3165,1065,80,5,2498810.94
3166,1065,110,1,2379714.07
3167,1065,874,1,1722403.58
3168,1065,635,1,2297705.56
3169,1066,970,3,1366447.12
3170,1067,311,4,544011.98
3171,1068,747,5,1762643.53
3172,1068,985,2,4889698.83
3173,1068,100,1,3777276.21
3174,1068,377,2,3607288.27
3175,1069,995,4,4851023.79
3176,1069,760,3,3040514.95
3177,1070,287,4,3708849.37
3178,1071,305,1,3299828.87
3179,1072,310,2,4032776.82
3180,1073,468,2,2831335.02
3181,1073,124,1,4365360.37
3182,1073,902,4,2452989.68
3183,1074,15,1,3523148.68
3184,1074,89,2,678335.37
3185,1075,891,5,2653894.14
3186,1075,712,5,109440.67
3187,1075,280,3,1549027.2
3188,1075,24,5,4457745.09
3189,1076,65,2,2327566.37
3190,1076,221,1,908106.82
3191,1076,408,4,555753.43
3192,1076,31,1,2342355.14
3193,1077,443,4,2293176.61
3194,1077,423,2,2282109.85
3195,1077,997,1,2022352.2
3196,1077,591,1,3667349.83
3197,1078,983,3,1315448.21
3198,1079,737,4,1197599.67
3199,1079,208,3,463798.81
3200,1079,25,3,3561927.43
3201,1080,241,4,1231223.41
3202,1080,830,1,337428.67
3203,1081,895,5,724688.52
3204,1082,573,4,421314.78
3205,1082,811,2,2864395.97
3206,1082,733,1,4605980.7
3207,1082,294,3,4832876.25
3208,1083,613,3,4386186.28
3209,1084,841,4,2938532.44
3210,1084,558,2,3741739.77
3211,1084,383,3,2206712.38
3212,1084,744,5,1935826.12
3213,1085,150,3,3193343.42
3214,1085,753,3,1313027.27
3215,1085,417,2,2320685.41
3216,1085,595,4,1322118.76
3217,1085,382,4,4022341.55
3218,1086,786,3,2772473.51
3219,1086,152,4,3589616.7
3220,1086,692,5,140054.21
3221,1087,369,4,2864082.55
3222,1087,89,5,678335.37
3223,1087,260,2,4030823.04
3224,1087,341,3,3954585.45
3225,1088,462,5,4759691.33
3226,1088,883,2,3275628.88
3227,1088,912,1,1139065.9
3228,1088,352,5,437613.65
3229,1089,614,3,3869902.12
3230,1089,554,2,1248353.47
3231,1090,143,2,4777015.45
3232,1090,845,4,257758.7
3233,1090,84,4,2920887.12
3234,1090,902,1,2452989.68
3235,1090,514,5,1695398.22
3236,1091,533,1,2602026.83
3237,1092,5,3,3029423.2
3238,1092,957,5,508046.49
3239,1092,681,2,3074391.82
3240,1092,758,2,3525478.19
3241,1092,701,3,1780475.13
3242,1093,120,3,962013.8
3243,1093,750,3,821655.99
3244,1093,562,4,2646149.64
3245,1093,536,4,3473214.7
3246,1094,591,3,3667349.83
3247,1094,768,4,29039.71
3248,1095,232,4,2664348.71
3249,1096,855,2,4259415.0
3250,1096,734,1,3201837.4
3251,1097,820,1,4292591.57
3252,1097,508,2,3657350.37
3253,1097,938,1,3117760.91
3254,1097,712,3,109440.67
3255,1097,248,4,4928620.85
3256,1098,846,2,4286984.83
3257,1098,555,1,3897058.57
3258,1098,975,2,527528.4
3259,1099,17,1,3472963.4
3260,1100,124,2,4365360.37
3261,1100,191,1,1540963.65
3262,1100,69,3,4877116.9
3263,1101,974,1,4908030.16
3264,1101,433,3,1661638.38
3265,1101,678,4,1776176.83
3266,1101,11,5,139307.57
3267,1102,352,4,437613.65
3268,1102,384,2,4079222.6
3269,1102,312,4,2626683.15
3270,1103,604,4,903015.06
3271,1103,651,5,1332389.56
3272,1103,608,1,1363577.21
3273,1103,696,4,4870159.51
3274,1103,33,4,338083.05
3275,1104,360,1,520134.76
3276,1104,262,4,2790860.92
3277,1104,882,4,4735147.67
3278,1105,789,1,2867844.31
3279,1105,433,5,1661638.38
3280,1105,636,3,2908045.43
3281,1105,972,4,4001496.49
3282,1105,28,4,3962407.71
3283,1106,986,4,2600307.4
3284,1107,487,3,838248.27
3285,1108,95,1,3824376.53
3286,1108,252,1,2783694.82
3287,1108,466,4,2083995.87
3288,1108,768,3,29039.71
3289,1108,248,5,4928620.85
3290,1109,36,3,4118463.6
3291,1109,318,5,4951262.83
3292,1109,796,4,639668.13
3293,1109,222,5,3831480.14
3294,1110,98,1,1975579.53
3295,1110,701,2,1780475.13
3296,1110,608,1,1363577.21
3297,1110,958,5,4371960.84
3298,1111,71,5,1602388.27
3299,1111,186,4,4770633.77
3300,1111,282,5,2335360.29
3301,1111,398,5,4158096.23
3302,1112,260,5,4030823.04
3303,1113,715,5,3587518.79
3304,1114,179,4,885719.62
3305,1114,301,2,696082.74
3306,1114,41,3,3841230.37
3307,1114,616,3,49766.18
3308,1115,113,2,3985806.52
3309,1115,992,1,4260837.05
3310,1115,204,4,2867781.35
3311,1115,498,2,1255889.44
3312,1116,397,2,2197890.22
3313,1117,45,3,1620077.15
3314,1117,188,2,1315150.22
3315,1117,349,5,2458111.25
3316,1117,866,4,949916.81
3317,1118,731,4,4255277.26
3318,1118,828,1,3707314.55
3319,1119,169,2,1498977.13
3320,1120,759,5,4712786.87
3321,1120,577,1,2686586.96
3322,1121,509,3,3177854.32
3323,1121,814,4,203524.84
3324,1121,22,5,3342520.55
3325,1121,920,3,1802661.92
3326,1122,109,4,3546611.63
3327,1122,486,1,4306632.99
3328,1122,286,4,2816998.39
3329,1122,571,4,2537986.92
3330,1122,69,1,4877116.9
3331,1123,270,3,4025206.58
3332,1124,411,5,2820469.26
3333,1124,942,2,2493717.93
3334,1124,929,2,2973681.1
3335,1124,124,1,4365360.37
3336,1125,89,5,678335.37
3337,1125,192,2,3433507.36
3338,1126,676,5,2485670.69
3339,1126,383,5,2206712.38
3340,1126,270,4,4025206.58
3341,1126,69,2,4877116.9
3342,1127,424,1,2610363.0
3343,1127,574,1,1394564.0
3344,1127,238,2,1210924.81
3345,1127,151,3,509987.82
3346,1127,137,4,1592033.32
3347,1128,381,1,1667763.9
3348,1129,808,1,3930870.7
3349,1129,116,5,3609786.56
3350,1129,682,3,3239919.22
3351,1129,600,5,1149738.07
3352,1129,10,3,1255562.15
3353,1130,328,2,4475008.15
3354,1130,882,4,4735147.67
3355,1131,194,4,1844044.08
3356,1131,490,4,2666081.18
3357,1132,102,2,2505388.74
3358,1132,398,5,4158096.23
3359,1133,880,1,648441.26
3360,1133,150,2,3193343.42
3361,1133,879,5,1475982.42
3362,1133,149,1,1219865.61
3363,1133,490,5,2666081.18
3364,1134,580,2,3652492.3
3365,1135,642,4,3506620.78
3366,1135,860,3,2811671.02
3367,1136,848,3,3261420.79
3368,1136,417,1,2320685.41
3369,1137,44,3,1527581.47
3370,1137,800,4,1605549.95
3371,1137,29,2,3953961.57
3372,1137,688,3,4947124.04
3373,1138,461,5,3100855.79
3374,1138,857,2,1517704.01
3375,1138,767,2,776413.77
3376,1138,491,5,1625031.54
3377,1139,911,4,3137167.77
3378,1139,662,2,4021444.8
3379,1139,248,5,4928620.85
3380,1139,534,3,56341.87
3381,1139,510,1,4252030.14
3382,1140,615,1,1643231.6
3383,1140,428,1,232968.43
3384,1140,576,1,4871823.79
3385,1140,722,2,1515808.12
3386,1141,379,3,2294729.55
3387,1142,288,4,1311262.81
3388,1142,666,3,1867476.32
3389,1142,311,5,544011.98
3390,1142,620,3,4988957.71
3391,1143,876,4,4533567.26
3392,1143,524,4,475766.52
3393,1143,396,5,4715444.83
3394,1144,946,5,2745212.43
3395,1144,614,5,3869902.12
3396,1144,141,4,4093703.53
3397,1144,346,1,4844913.43
3398,1144,709,4,2715201.76
3399,1145,546,5,3144119.39
3400,1145,632,1,229062.33
3401,1145,258,3,1212431.26
3402,1146,896,3,3896916.48
3403,1146,609,5,2861964.45
3404,1146,234,3,784055.65
3405,1147,929,2,2973681.1
3406,1147,580,2,3652492.3
3407,1147,357,3,1809894.14
3408,1148,846,3,4286984.83
3409,1148,531,4,1074971.67
3410,1149,271,5,2402177.09
3411,1149,435,2,3990801.38
3412,1149,787,5,4093842.02
3413,1150,822,3,680583.75
3414,1150,195,3,1103451.72
3415,1151,567,3,93280.11
3416,1151,210,4,668402.26
3417,1151,596,5,2485776.37
3418,1151,178,1,3955930.65
3419,1151,742,3,1758901.0
3420,1152,211,5,2289424.39
3421,1152,809,3,4390688.88
3422,1153,909,4,3786670.21
3423,1153,384,2,4079222.6
3424,1154,496,3,4336567.48
3425,1154,955,5,2289188.66
3426,1154,471,5,849362.8
3427,1154,350,2,2769658.25
3428,1155,621,1,3664992.05
3429,1155,259,1,1510674.73
3430,1155,990,4,68107.89
3431,1156,403,1,3579029.59
3432,1156,69,2,4877116.9
3433,1156,832,3,876949.41
3434,1156,951,4,754231.02
3435,1156,466,5,2083995.87
3436,1157,841,3,2938532.44
3437,1157,524,5,475766.52
3438,1157,431,2,4650313.01
3439,1157,273,1,1066920.78
3440,1157,438,4,2253379.31
3441,1158,111,4,1848105.47
3442,1158,448,4,1766404.77
3443,1158,321,1,476567.52
3444,1158,144,2,1738353.94
3445,1158,126,3,2808825.0
3446,1159,43,1,4158640.12
3447,1160,111,5,1848105.47
3448,1160,549,3,4483998.8
3449,1160,131,1,3054282.13
3450,1161,210,1,668402.26
3451,1161,913,5,1567340.38
3452,1161,62,1,1494195.02
3453,1161,115,3,4835682.77
3454,1162,737,3,1197599.67
3455,1162,292,4,2501514.4
3456,1162,247,2,1192151.13
3457,1162,226,5,3271135.15
3458,1162,619,5,2324994.19
3459,1163,951,5,754231.02
3460,1163,363,2,525431.71
3461,1163,156,1,2392468.12
3462,1164,599,3,3868911.48
3463,1164,781,2,4187022.97
3464,1164,176,4,3244943.84
3465,1164,209,5,4045373.5
3466,1164,632,1,229062.33
3467,1165,94,5,376923.43
3468,1165,759,5,4712786.87
3469,1166,829,4,4106876.79
3470,1166,128,1,4783860.61
3471,1166,253,4,4861728.27
3472,1167,248,4,4928620.85
3473,1167,625,2,4755441.41
3474,1168,940,2,2562808.08
3475,1168,287,1,3708849.37
3476,1169,245,3,1178465.97
3477,1170,594,5,1367183.17
3478,1170,870,4,4987370.81
3479,1170,457,2,936910.96
3480,1170,238,1,1210924.81
3481,1171,419,4,2419027.71
3482,1172,154,4,35855.42
3483,1172,872,5,1947491.86
3484,1172,769,4,1479801.75
3485,1172,24,5,4457745.09
3486,1173,211,4,2289424.39
3487,1173,448,5,1766404.77
3488,1173,351,3,2164921.25
3489,1174,512,5,4125989.76
3490,1175,398,4,4158096.23
3491,1175,622,2,761326.22
3492,1175,382,2,4022341.55
3493,1175,721,1,2934223.15
3494,1175,616,4,49766.18
3495,1176,807,4,4625391.55
3496,1176,213,2,3619167.6
3497,1177,362,4,2789355.31
3498,1177,281,2,2568954.53
3499,1177,733,3,4605980.7
3500,1178,389,5,4839137.8
3501,1178,899,4,33520.37
3502,1179,703,5,4032989.02
3503,1180,661,1,482679.13
3504,1180,464,1,4819507.16
3505,1181,586,3,3510483.06
3506,1181,369,4,2864082.55
3507,1181,21,4,4986339.4
3508,1181,447,4,2939153.53
3509,1182,92,4,265276.86
3510,1182,262,3,2790860.92
3511,1182,235,3,4687677.7
3512,1182,376,3,1812013.31
3513,1183,162,2,4567016.33
3514,1183,225,5,1884471.21
3515,1183,661,5,482679.13
3516,1183,614,5,3869902.12
3517,1184,867,1,4499438.35
3518,1184,391,3,4084307.63
3519,1185,779,2,232638.45
3520,1186,725,2,3249409.53
3521,1187,631,5,3561145.85
3522,1188,257,1,927556.1
3523,1189,955,3,2289188.66
3524,1189,464,2,4819507.16
3525,1189,301,2,696082.74
3526,1189,880,4,648441.26
3527,1189,286,2,2816998.39
3528,1190,420,3,2085717.39
3529,1190,171,5,1429962.65
3530,1191,238,1,1210924.81
3531,1192,54,5,4214224.72
3532,1192,671,2,4048400.34
3533,1192,296,5,854635.9
3534,1192,482,4,4312376.13
3535,1192,917,2,2285072.3
3536,1193,18,2,1008889.92
3537,1193,618,1,3700484.17
3538,1194,792,1,2515486.34
3539,1195,837,2,2530580.61
3540,1195,547,1,4600271.68
3541,1195,798,4,1017577.21
3542,1196,780,3,2330639.2
3543,1196,741,2,1056324.58
3544,1196,157,5,3781996.19
3545,1196,955,2,2289188.66
3546,1196,252,1,2783694.82
3547,1197,876,2,4533567.26
3548,1197,785,3,4853820.63
3549,1197,526,1,3325898.97
3550,1198,517,1,239255.2
3551,1198,404,2,379086.03
3552,1198,172,1,4447407.22
3553,1198,481,2,2254164.39
3554,1198,867,2,4499438.35
3555,1199,883,5,3275628.88
3556,1199,855,3,4259415.0
3557,1200,802,3,2764750.42
3558,1200,474,2,2867843.13
3559,1200,466,2,2083995.87
3560,1200,728,1,1898136.7
3561,1200,731,2,4255277.26
3562,1201,656,5,4842316.02
3563,1201,773,1,4220407.68
3564,1202,387,2,4823227.37
3565,1203,295,4,2309536.7
3566,1204,819,4,1561637.0
3567,1204,694,4,302370.24
3568,1204,564,5,668594.57
3569,1204,744,4,1935826.12
3570,1204,911,5,3137167.77
3571,1205,986,5,2600307.4
3572,1205,363,5,525431.71
3573,1205,592,4,3859437.15
3574,1205,770,3,1006377.26
3575,1206,960,4,2135716.08
3576,1206,171,5,1429962.65
3577,1206,879,4,1475982.42
3578,1206,130,1,2735903.36
3579,1206,212,1,2798398.02
3580,1207,377,3,3607288.27
3581,1207,119,5,167536.86
3582,1207,926,4,624578.29
3583,1207,392,4,1831427.53
3584,1207,307,3,69136.33
3585,1208,323,4,290013.55
3586,1209,769,1,1479801.75
3587,1209,221,4,908106.82
3588,1210,461,5,3100855.79
3589,1210,810,2,1921386.93
3590,1211,406,2,2722789.56
3591,1211,146,1,1077794.17
3592,1211,923,2,3638572.45
3593,1212,259,4,1510674.73
3594,1212,409,4,3291432.21
3595,1212,730,4,4744452.64
3596,1212,381,2,1667763.9
3597,1213,134,4,4708012.88
3598,1213,983,1,1315448.21
3599,1213,252,2,2783694.82
3600,1213,919,1,1720236.87
3601,1214,384,1,4079222.6
3602,1214,359,4,2229231.97
3603,1214,932,4,2089710.07
3604,1215,80,5,2498810.94
3605,1215,302,3,349160.03
3606,1215,841,5,2938532.44
3607,1215,565,4,1833408.19
3608,1216,957,4,508046.49
3609,1217,361,3,945085.0
3610,1218,318,5,4951262.83
3611,1218,170,1,4642989.68
3612,1219,150,5,3193343.42
3613,1220,62,1,1494195.02
3614,1220,522,2,4411917.34
3615,1220,646,5,785498.65
3616,1221,25,4,3561927.43
3617,1221,414,3,538663.31
3618,1221,818,5,1695951.75
3619,1222,356,5,3700879.89
3620,1222,335,3,2939310.16
3621,1222,377,1,3607288.27
3622,1222,821,5,4862758.25
3623,1223,127,4,2632130.99
3624,1223,777,4,932557.29
3625,1223,444,5,3356800.13
3626,1223,38,5,3215269.56
3627,1223,747,5,1762643.53
3628,1224,69,2,4877116.9
3629,1224,956,4,1327983.86
3630,1224,339,4,3388404.48
3631,1224,750,3,821655.99
3632,1224,148,2,694992.04
3633,1225,96,5,4128303.48
3634,1225,394,3,3411746.04
3635,1226,226,1,3271135.15
3636,1226,46,3,1736655.18
3637,1226,13,2,4568577.1
3638,1226,200,4,3811679.5
3639,1227,199,4,3789179.11
3640,1227,819,2,1561637.0
3641,1227,438,5,2253379.31
3642,1227,582,3,4623892.49
3643,1227,939,2,2099940.5
3644,1228,68,2,3673656.78
3645,1229,272,4,1522908.25
3646,1230,225,4,1884471.21
3647,1231,948,4,1659712.04
3648,1231,117,1,860855.19
3649,1232,832,3,876949.41
3650,1232,632,3,229062.33
3651,1232,872,4,1947491.86
3652,1232,979,3,4314253.11
3653,1233,572,5,2123640.42
3654,1233,911,3,3137167.77
3655,1233,647,3,2253338.07
3656,1233,540,2,4406135.08
3657,1233,684,5,314285.55
3658,1234,699,3,3822608.12
3659,1234,826,5,947799.1
3660,1234,797,2,401058.93
3661,1234,232,1,2664348.71
3662,1234,445,4,2643297.95
3663,1235,337,5,820626.75
3664,1235,308,4,2683333.13
3665,1235,997,4,2022352.2
3666,1236,975,5,527528.4
3667,1237,821,3,4862758.25
3668,1237,110,2,2379714.07
3669,1237,569,2,208736.04
3670,1238,902,2,2452989.68
3671,1238,476,2,2714796.46
3672,1239,715,5,3587518.79
3673,1240,372,4,1349349.92
3674,1240,761,4,793947.85
3675,1240,430,5,3243369.89
3676,1240,340,3,1925392.61
3677,1240,84,2,2920887.12
3678,1241,639,4,2180564.56
3679,1241,972,1,4001496.49
3680,1242,949,1,73619.51
3681,1242,447,4,2939153.53
3682,1242,835,4,4590975.04
3683,1243,425,4,2386051.03
3684,1243,32,3,3063622.33
3685,1244,122,3,2070670.95
3686,1244,242,4,2017304.1
3687,1244,901,4,2885631.79
3688,1245,603,2,1826242.72
3689,1245,416,4,2234434.97
3690,1245,870,2,4987370.81
3691,1245,294,2,4832876.25
3692,1246,824,2,1354405.71
3693,1246,345,2,1709557.8
3694,1246,613,3,4386186.28
3695,1246,608,4,1363577.21
3696,1246,874,1,1722403.58
3697,1247,85,1,262196.62
3698,1248,154,5,35855.42
3699,1249,505,1,2278931.29
3700,1249,957,2,508046.49
3701,1249,53,1,864291.11
3702,1249,483,2,2200958.82
3703,1250,137,3,1592033.32
3704,1251,696,3,4870159.51
3705,1251,683,5,2065841.11
3706,1251,90,1,3640265.24
3707,1252,915,3,843430.73
3708,1252,339,1,3388404.48
3709,1253,597,1,286641.16
3710,1254,630,1,4863070.59
3711,1255,809,2,4390688.88
3712,1255,919,4,1720236.87
3713,1256,111,3,1848105.47
3714,1256,608,3,1363577.21
3715,1256,631,5,3561145.85
3716,1256,74,5,262520.41
3717,1257,142,1,1459358.73
3718,1257,474,5,2867843.13
3719,1257,873,3,2919288.28
3720,1258,659,5,165099.65
3721,1258,99,4,2793580.87
3722,1259,230,3,4892668.51
3723,1259,33,4,338083.05
3724,1259,873,3,2919288.28
3725,1259,681,2,3074391.82
3726,1259,712,4,109440.67
3727,1260,368,5,3898053.84
3728,1260,314,3,4077919.81
3729,1260,670,4,996774.18
3730,1260,429,2,122699.72
3731,1261,683,3,2065841.11
3732,1261,216,2,235996.12
3733,1261,473,2,2753133.66
3734,1262,38,1,3215269.56
3735,1262,61,5,2419894.64
3736,1263,152,1,3589616.7
3737,1264,130,2,2735903.36
3738,1264,741,1,1056324.58
3739,1264,290,3,1656027.78
3740,1264,705,3,3520229.89
3741,1265,245,4,1178465.97
3742,1265,446,4,2988884.44
3743,1265,126,5,2808825.0
3744,1265,747,5,1762643.53
3745,1265,310,2,4032776.82
3746,1266,672,1,4526339.07
3747,1266,373,2,325703.08
3748,1266,401,2,3170346.84
3749,1266,354,1,419369.67
3750,1267,33,3,338083.05
3751,1268,192,4,3433507.36
3752,1268,475,4,3877814.01
3753,1268,803,3,2603244.01
3754,1268,461,2,3100855.79
3755,1269,764,4,3306383.48
3756,1269,675,3,4110210.15
3757,1269,982,5,2209032.52
3758,1270,8,2,2873869.67
3759,1270,978,3,3898029.83
3760,1271,96,4,4128303.48
3761,1271,897,3,1669820.94
3762,1271,152,1,3589616.7
3763,1271,906,2,1922748.94
3764,1272,526,5,3325898.97
3765,1272,508,3,3657350.37
3766,1273,739,2,4110092.41
3767,1273,428,1,232968.43
3768,1274,647,3,2253338.07
3769,1275,820,5,4292591.57
3770,1275,382,3,4022341.55
3771,1275,3,1,1187616.95
3772,1276,791,5,1980073.78
3773,1276,207,2,3587420.65
3774,1276,152,3,3589616.7
3775,1276,697,5,1246806.7
3776,1277,544,4,3055493.0
3777,1277,911,5,3137167.77
3778,1277,605,5,2768795.29
3779,1278,202,4,399732.58
3780,1278,789,1,2867844.31
3781,1278,466,5,2083995.87
3782,1278,561,3,1212997.96
3783,1278,552,4,1579373.3
3784,1279,292,3,2501514.4
3785,1280,418,5,1731387.26
3786,1281,486,4,4306632.99
3787,1282,937,5,3315790.0
3788,1282,586,2,3510483.06
3789,1282,946,3,2745212.43
3790,1282,855,5,4259415.0
3791,1283,461,3,3100855.79
3792,1283,308,1,2683333.13
3793,1284,685,5,1921246.23
3794,1284,261,4,2816305.89
3795,1285,5,5,3029423.2
3796,1285,235,1,4687677.7
3797,1285,228,4,2648924.27
3798,1286,407,1,3511155.09
3799,1286,441,1,2890966.05
3800,1287,822,3,680583.75
3801,1288,834,5,175024.51
3802,1288,963,4,3320141.59
3803,1288,17,5,3472963.4
3804,1288,890,3,2507382.1
3805,1288,788,5,4828482.24
3806,1289,509,5,3177854.32
3807,1290,547,5,4600271.68
3808,1290,295,1,2309536.7
3809,1291,948,4,1659712.04
3810,1291,575,3,404317.59
3811,1292,559,2,3234387.18
3812,1292,15,4,3523148.68
3813,1293,337,2,820626.75
3814,1294,22,1,3342520.55
3815,1294,133,3,2794852.39
3816,1294,174,3,1371457.04
3817,1294,688,3,4947124.04
3818,1295,166,4,3941923.54
3819,1295,209,2,4045373.5
3820,1295,371,1,702811.89
3821,1295,784,3,4042818.99
3822,1296,556,5,4240981.6
3823,1296,655,1,750135.75
3824,1296,79,2,2496345.05
3825,1297,874,1,1722403.58
3826,1298,68,3,3673656.78
3827,1298,989,2,751785.72
3828,1299,784,4,4042818.99
3829,1300,125,5,3531818.41
3830,1300,785,5,4853820.63
3831,1300,477,5,3802420.61
3832,1301,493,5,4762462.75
3833,1302,805,1,571469.02
3834,1302,365,1,2988653.53
3835,1302,362,2,2789355.31
3836,1303,826,2,947799.1
3837,1303,559,3,3234387.18
3838,1303,743,1,3604863.8
3839,1303,933,5,626739.36
3840,1304,65,2,2327566.37
3841,1305,351,2,2164921.25
3842,1305,535,5,4087374.04
3843,1306,491,3,1625031.54
3844,1306,31,3,2342355.14
3845,1307,812,4,196953.7
3846,1307,107,5,820885.21
3847,1307,795,4,4861102.74
3848,1307,218,2,4673568.17
3849,1308,636,4,2908045.43
3850,1308,793,5,610206.56
3851,1309,1000,2,449219.11
3852,1310,571,4,2537986.92
3853,1310,397,3,2197890.22
3854,1310,658,3,1308232.3
3855,1310,204,1,2867781.35
3856,1311,464,2,4819507.16
3857,1312,585,3,606020.6
3858,1313,681,3,3074391.82
3859,1314,426,1,3612749.78
3860,1314,993,3,383577.56
3861,1314,883,4,3275628.88
3862,1315,138,1,2806833.08
3863,1316,534,5,56341.87
3864,1316,785,1,4853820.63
3865,1316,608,2,1363577.21
3866,1316,485,4,1057292.06
3867,1316,567,5,93280.11
3868,1317,123,5,2057783.27
3869,1317,831,1,686892.61
3870,1317,806,3,749516.71
3871,1318,320,5,3272141.24
3872,1318,842,4,1727802.53
3873,1319,40,1,650389.71
3874,1319,57,3,3259138.59
3875,1319,681,2,3074391.82
3876,1320,836,4,1377147.72
3877,1320,157,3,3781996.19
3878,1320,349,4,2458111.25
3879,1321,999,5,4008293.83
3880,1322,77,4,4069254.45
3881,1322,316,3,1871527.4
3882,1322,417,1,2320685.41
3883,1323,292,3,2501514.4
3884,1324,729,1,645468.34
3885,1324,891,2,2653894.14
3886,1325,618,5,3700484.17
3887,1325,873,1,2919288.28
3888,1325,372,1,1349349.92
3889,1325,98,3,1975579.53
3890,1325,787,3,4093842.02
3891,1326,910,1,99401.47
3892,1326,188,5,1315150.22
3893,1326,218,5,4673568.17
3894,1327,238,1,1210924.81
3895,1328,319,5,1506873.46
3896,1328,773,5,4220407.68
3897,1328,935,1,1035419.63
3898,1329,958,5,4371960.84
3899,1329,892,5,279769.23
3900,1329,305,5,3299828.87
3901,1329,674,3,262682.13
3902,1329,103,4,204180.69
3903,1330,320,4,3272141.24
3904,1331,674,3,262682.13
3905,1332,759,1,4712786.87
3906,1332,141,1,4093703.53
3907,1332,97,5,652030.32
3908,1333,110,4,2379714.07
3909,1334,481,3,2254164.39
3910,1335,555,1,3897058.57
3911,1335,271,2,2402177.09
3912,1335,606,5,1130331.42
3913,1335,917,2,2285072.3
3914,1336,343,2,277945.2
3915,1337,665,5,662269.04
3916,1337,718,1,3874088.83
3917,1338,482,2,4312376.13
3918,1339,174,5,1371457.04
3919,1339,245,4,1178465.97
3920,1340,698,5,1339969.74
3921,1341,591,2,3667349.83
3922,1341,505,5,2278931.29
3923,1341,244,1,709276.52
3924,1342,217,5,3504920.54
3925,1342,683,4,2065841.11
3926,1342,198,5,2085069.62
3927,1342,300,3,3824050.83
3928,1343,415,5,1301104.47
3929,1343,422,5,1748159.98
3930,1344,276,2,4573062.07
3931,1344,632,1,229062.33
3932,1344,724,4,3961294.2
3933,1345,664,5,4153557.94
3934,1345,510,1,4252030.14
3935,1345,118,4,747400.78
3936,1346,196,3,2396127.68
3937,1346,708,2,4185117.24
3938,1346,591,2,3667349.83
3939,1346,834,5,175024.51
3940,1346,123,2,2057783.27
3941,1347,729,1,645468.34
3942,1347,237,2,3078466.8
3943,1348,749,1,3945762.67
3944,1349,137,2,1592033.32
3945,1349,284,1,4572509.19
3946,1349,589,1,843145.14
3947,1349,668,2,4587968.62
3948,1350,850,1,2375745.06
3949,1351,110,3,2379714.07
3950,1351,212,4,2798398.02
3951,1351,148,2,694992.04
3952,1351,742,1,1758901.0
3953,1352,333,4,904978.97
3954,1352,388,5,1464326.28
3955,1352,697,3,1246806.7
3956,1353,680,2,4418284.76
3957,1353,879,2,1475982.42
3958,1353,212,4,2798398.02
3959,1353,362,2,2789355.31
3960,1354,502,4,2265438.7
3961,1354,972,3,4001496.49
3962,1355,51,3,2517839.99
3963,1355,4,4,1817131.41
3964,1355,475,2,3877814.01
3965,1355,63,1,3446181.72
3966,1356,537,3,363433.24
3967,1356,209,4,4045373.5
3968,1356,114,3,2988578.98
3969,1356,145,3,3283300.53
3970,1357,182,4,932058.19
3971,1357,788,1,4828482.24
3972,1357,485,5,1057292.06
3973,1358,601,4,229749.16
3974,1359,311,2,544011.98
3975,1359,461,2,3100855.79
3976,1359,705,3,3520229.89
3977,1360,987,4,2169911.06
3978,1360,277,2,1989193.98
3979,1360,492,2,1453772.88
3980,1360,449,2,3090639.77
3981,1361,800,2,1605549.95
3982,1362,394,2,3411746.04
3983,1362,972,5,4001496.49
3984,1362,522,2,4411917.34
3985,1362,113,3,3985806.52
3986,1363,535,3,4087374.04
3987,1363,707,1,2819913.37
3988,1363,279,5,1909502.1
3989,1364,765,4,1195365.94
3990,1364,21,1,4986339.4
3991,1364,581,1,298950.66
3992,1365,921,3,832768.71
3993,1365,259,2,1510674.73
3994,1366,877,5,2541501.13
3995,1366,589,5,843145.14
3996,1366,944,2,1796029.96
3997,1366,643,4,1597108.02
3998,1366,542,1,3211464.98
3999,1367,982,1,2209032.52
4000,1367,336,5,4645085.95
4001,1368,582,3,4623892.49
4002,1368,2,4,183646.84
4003,1368,199,2,3789179.11
4004,1368,112,3,4899691.18
4005,1369,258,3,1212431.26
4006,1369,601,2,229749.16
4007,1369,644,4,1175720.02
4008,1369,686,5,1005294.46
4009,1370,578,3,2936321.44
4010,1370,99,4,2793580.87
4011,1370,484,5,3880401.93
4012,1370,201,2,2632278.21
4013,1370,333,1,904978.97
4014,1371,366,4,4319953.7
4015,1371,778,2,1853314.31
4016,1371,546,3,3144119.39
4017,1372,234,4,784055.65
4018,1372,981,5,573558.02
4019,1372,17,1,3472963.4
4020,1372,106,5,1646549.58
4021,1373,237,4,3078466.8
4022,1373,888,1,2357977.47
4023,1374,479,4,521058.03
4024,1374,548,1,4301213.0
4025,1375,698,5,1339969.74
4026,1376,736,2,1662530.45
4027,1376,227,2,601979.5
4028,1376,224,3,2248200.29
4029,1376,100,1,3777276.21
4030,1377,12,5,2500229.36
4031,1377,419,1,2419027.71
4032,1377,288,5,1311262.81
4033,1378,915,2,843430.73
4034,1378,96,3,4128303.48
4035,1378,946,2,2745212.43
4036,1378,627,1,4246539.88
4037,1379,825,3,3028845.87
4038,1380,550,2,3764703.78
4039,1380,46,4,1736655.18
4040,1380,706,3,4738318.09
4041,1380,555,2,3897058.57
4042,1380,674,1,262682.13
4043,1381,837,2,2530580.61
4044,1381,815,4,3455663.63
4045,1381,909,3,3786670.21
4046,1381,103,1,204180.69
4047,1382,597,2,286641.16
4048,1382,948,5,1659712.04
4049,1382,285,1,1571480.87
4050,1382,438,3,2253379.31
4051,1382,958,3,4371960.84
4052,1383,570,2,4743913.18
4053,1383,28,1,3962407.71
4054,1383,643,5,1597108.02
4055,1383,22,3,3342520.55
4056,1384,177,2,80280.14
4057,1384,240,1,2237740.92
4058,1385,201,2,2632278.21
4059,1385,203,2,318172.66
4060,1386,472,1,2832595.8
4061,1386,678,4,1776176.83
4062,1386,232,5,2664348.71
4063,1387,33,1,338083.05
4064,1387,744,2,1935826.12
4065,1388,643,3,1597108.02
4066,1388,855,4,4259415.0
4067,1388,158,1,1612626.83
4068,1389,486,4,4306632.99
4069,1389,8,2,2873869.67
4070,1390,36,5,4118463.6
4071,1390,180,4,4136679.23
4072,1390,112,1,4899691.18
4073,1391,217,1,3504920.54
4074,1391,158,4,1612626.83
4075,1392,446,2,2988884.44
4076,1393,273,5,1066920.78
4077,1393,731,5,4255277.26
4078,1394,973,5,574152.22
4079,1394,921,5,832768.71
4080,1394,338,4,2837812.64
4081,1394,162,5,4567016.33
4082,1394,546,5,3144119.39
4083,1395,977,4,914490.2
4084,1395,436,2,940070.76
4085,1396,857,4,1517704.01
4086,1396,286,3,2816998.39
4087,1396,267,5,267167.78
4088,1396,220,1,168357.01
4089,1396,201,4,2632278.21
4090,1397,385,5,1509172.07
4091,1397,477,1,3802420.61
4092,1397,896,5,3896916.48
4093,1398,816,2,3731291.6
4094,1399,236,5,170764.4
4095,1400,574,4,1394564.0
4096,1401,932,5,2089710.07
4097,1401,730,2,4744452.64
4098,1401,55,5,4127928.97
4099,1401,185,5,1185251.05
4100,1402,819,2,1561637.0
4101,1402,247,1,1192151.13
4102,1403,879,5,1475982.42
4103,1403,557,1,1035174.13
4104,1403,248,5,4928620.85
4105,1403,566,1,3816002.43
4106,1403,348,5,3919905.21
4107,1404,96,3,4128303.48
4108,1404,268,3,3371622.88
4109,1404,563,2,4934543.84
4110,1404,848,2,3261420.79
4111,1404,46,4,1736655.18
4112,1405,871,2,4535488.7
4113,1405,144,2,1738353.94
4114,1405,716,1,307184.25
4115,1405,531,2,1074971.67
4116,1406,453,1,593575.03
4117,1406,433,5,1661638.38
4118,1406,83,3,4833766.29
4119,1406,472,2,2832595.8
4120,1406,698,3,1339969.74
4121,1407,31,1,2342355.14
4122,1407,784,1,4042818.99
4123,1407,799,1,4172199.51
4124,1408,884,1,1782864.15
4125,1409,331,2,3425299.43
4126,1410,84,1,2920887.12
4127,1410,705,2,3520229.89
4128,1410,493,1,4762462.75
4129,1410,450,5,4594226.07
4130,1410,664,3,4153557.94
4131,1411,807,5,4625391.55
4132,1412,737,2,1197599.67
4133,1413,321,4,476567.52
4134,1413,689,1,2403625.35
4135,1413,814,5,203524.84
4136,1414,771,3,1042695.38
4137,1414,268,2,3371622.88
4138,1414,88,5,4237390.1
4139,1415,615,5,1643231.6
4140,1415,553,4,1246454.01
4141,1416,503,5,2020225.36
4142,1416,933,1,626739.36
4143,1416,155,2,2040468.18
4144,1417,514,5,1695398.22
4145,1417,808,1,3930870.7
4146,1417,322,4,1892076.15
4147,1418,42,5,2168765.25
4148,1418,446,4,2988884.44
4149,1418,27,1,615598.65
4150,1418,614,1,3869902.12
4151,1419,678,3,1776176.83
4152,1420,387,3,4823227.37
4153,1420,652,3,461200.23
4154,1421,371,5,702811.89
4155,1422,543,2,351373.92
4156,1422,415,4,1301104.47
4157,1422,577,1,2686586.96
4158,1423,423,2,2282109.85
4159,1423,817,3,4486186.5
4160,1424,234,3,784055.65
4161,1424,379,1,2294729.55
4162,1424,375,3,2426314.26
4163,1424,842,2,1727802.53
4164,1424,804,5,3934887.69
4165,1425,748,1,516128.51
4166,1425,566,1,3816002.43
4167,1425,641,4,4256059.39
4168,1425,55,4,4127928.97
4169,1426,247,4,1192151.13
4170,1426,617,5,1465059.5
4171,1427,472,5,2832595.8
4172,1427,364,1,1776032.29
4173,1427,791,5,1980073.78
4174,1427,798,5,1017577.21
4175,1427,190,2,3342252.71
4176,1428,63,3,3446181.72
4177,1429,951,1,754231.02
4178,1430,259,5,1510674.73
4179,1430,128,5,4783860.61
4180,1430,938,5,3117760.91
4181,1430,757,1,1696373.42
4182,1431,641,3,4256059.39
4183,1431,986,2,2600307.4
4184,1431,561,4,1212997.96
4185,1432,902,2,2452989.68
4186,1432,529,2,2151862.39
4187,1432,388,2,1464326.28
4188,1432,542,1,3211464.98
4189,1433,275,2,3736927.35
4190,1433,159,1,4540605.42
4191,1433,145,4,3283300.53
4192,1433,634,3,3507226.08
4193,1434,535,5,4087374.04
4194,1434,661,3,482679.13
4195,1435,305,2,3299828.87
4196,1435,22,2,3342520.55
4197,1435,901,4,2885631.79
4198,1435,775,2,2450593.09
4199,1436,740,5,2238683.37
4200,1436,442,2,1835307.22
4201,1436,107,3,820885.21
4202,1437,85,4,262196.62
4203,1437,895,1,724688.52
4204,1437,842,4,1727802.53
4205,1438,969,4,2007248.63
4206,1438,161,3,2680409.86
4207,1438,969,3,2007248.63
4208,1439,888,1,2357977.47
4209,1439,192,4,3433507.36
4210,1439,808,2,3930870.7
4211,1440,349,5,2458111.25
4212,1440,700,2,2882703.62
4213,1440,301,2,696082.74
4214,1441,685,1,1921246.23
4215,1442,387,3,4823227.37
4216,1442,422,3,1748159.98
4217,1442,884,3,1782864.15
4218,1442,526,5,3325898.97
4219,1443,518,1,91243.95
4220,1443,791,2,1980073.78
4221,1443,749,1,3945762.67
4222,1443,378,2,2973093.93
4223,1443,570,5,4743913.18
4224,1444,183,3,2392495.95
4225,1444,340,2,1925392.61
4226,1444,477,5,3802420.61
4227,1444,852,1,1126612.46
4228,1444,690,3,1726730.26
4229,1445,297,1,928398.39
4230,1446,245,2,1178465.97
4231,1446,939,2,2099940.5
4232,1446,214,3,1279741.52
4233,1447,849,5,4324503.35
4234,1447,264,5,1024650.3
4235,1448,905,1,2150836.99
4236,1448,405,2,2915397.66
4237,1448,827,2,4568029.7
4238,1449,93,1,1818993.64
4239,1450,466,5,2083995.87
4240,1450,478,1,2736302.84
4241,1450,558,1,3741739.77
4242,1450,622,2,761326.22
4243,1450,247,5,1192151.13
4244,1451,647,2,2253338.07
4245,1452,222,2,3831480.14
4246,1452,415,3,1301104.47
4247,1452,232,1,2664348.71
4248,1452,904,4,3171102.83
4249,1453,741,1,1056324.58
4250,1454,941,5,1420706.77
4251,1455,509,3,3177854.32
4252,1455,399,1,4096638.18
4253,1455,473,5,2753133.66
4254,1455,879,4,1475982.42
4255,1455,798,5,1017577.21
4256,1456,914,1,1923916.88
4257,1456,11,2,139307.57
4258,1456,214,1,1279741.52
4259,1456,831,1,686892.61
4260,1456,601,1,229749.16
4261,1457,798,4,1017577.21
4262,1457,115,5,4835682.77
4263,1457,131,5,3054282.13
4264,1458,947,1,3444137.54
4265,1458,251,4,3133705.76
4266,1458,342,4,2508956.33
4267,1458,653,4,4133669.57
4268,1458,271,3,2402177.09
4269,1459,123,4,2057783.27
4270,1459,939,1,2099940.5
4271,1459,904,5,3171102.83
4272,1459,697,2,1246806.7
4273,1459,402,3,1270881.61
4274,1460,812,3,196953.7
4275,1460,138,1,2806833.08
4276,1460,79,3,2496345.05
4277,1460,619,1,2324994.19
4278,1460,828,1,3707314.55
4279,1461,655,5,750135.75
4280,1461,294,1,4832876.25
4281,1461,553,3,1246454.01
4282,1461,232,2,2664348.71
4283,1461,407,5,3511155.09
4284,1462,352,1,437613.65
4285,1462,601,2,229749.16
4286,1462,775,4,2450593.09
4287,1462,200,2,3811679.5
4288,1463,965,2,4775894.89
4289,1463,622,5,761326.22
4290,1464,152,1,3589616.7
4291,1464,246,4,2891599.33
4292,1464,282,3,2335360.29
4293,1464,346,4,4844913.43
4294,1464,79,1,2496345.05
4295,1465,957,1,508046.49
4296,1465,713,3,13410.65
4297,1465,134,5,4708012.88
4298,1466,418,1,1731387.26
4299,1466,850,3,2375745.06
4300,1466,646,1,785498.65
4301,1466,797,3,401058.93
4302,1466,244,4,709276.52
4303,1467,439,4,1950290.54
4304,1467,990,1,68107.89
4305,1467,532,1,672171.96
4306,1467,120,2,962013.8
4307,1468,800,1,1605549.95
4308,1468,962,1,58264.92
4309,1468,967,2,1869384.54
4310,1468,896,1,3896916.48
4311,1469,907,2,2673575.19
4312,1469,370,4,3429726.8
4313,1469,408,5,555753.43
4314,1469,91,1,1836027.39
4315,1469,396,2,4715444.83
4316,1470,75,3,4322177.61
4317,1470,963,2,3320141.59
4318,1470,103,2,204180.69
4319,1470,787,2,4093842.02
4320,1471,920,3,1802661.92
4321,1471,365,1,2988653.53
4322,1471,838,4,3409060.06
4323,1472,564,2,668594.57
4324,1472,447,5,2939153.53
4325,1472,112,4,4899691.18
4326,1472,642,4,3506620.78
4327,1472,435,5,3990801.38
4328,1473,637,2,3189706.24
4329,1473,538,3,455762.09
4330,1474,768,1,29039.71
4331,1474,119,2,167536.86
4332,1474,312,5,2626683.15
4333,1475,813,5,2020840.05
4334,1476,799,2,4172199.51
4335,1476,351,3,2164921.25
4336,1476,244,4,709276.52
4337,1476,884,5,1782864.15
4338,1477,140,4,4479844.7
4339,1477,48,2,989546.58
4340,1477,240,3,2237740.92
4341,1477,630,1,4863070.59
4342,1477,55,1,4127928.97
4343,1478,463,1,691308.23
4344,1478,621,1,3664992.05
4345,1478,520,3,4959272.81
4346,1479,595,1,1322118.76
4347,1479,823,3,3872414.19
4348,1479,293,5,1294060.52
4349,1479,187,1,2916479.15
4350,1479,732,4,918587.96
4351,1480,597,2,286641.16
4352,1480,413,5,4828926.72
4353,1480,724,5,3961294.2
4354,1481,966,4,4393592.93
4355,1481,786,5,2772473.51
4356,1481,587,4,2487100.53
4357,1481,891,3,2653894.14
4358,1481,851,5,3240384.06
4359,1482,778,5,1853314.31
4360,1482,764,4,3306383.48
4361,1482,92,5,265276.86
4362,1482,303,2,55615.89
4363,1482,549,3,4483998.8
4364,1483,394,5,3411746.04
4365,1483,255,2,3484578.95
4366,1483,339,5,3388404.48
4367,1483,106,3,1646549.58
4368,1483,22,5,3342520.55
4369,1484,584,5,1553357.42
4370,1484,812,2,196953.7
4371,1484,977,2,914490.2
4372,1485,111,2,1848105.47
4373,1485,860,2,2811671.02
4374,1486,800,2,1605549.95
4375,1486,795,4,4861102.74
4376,1486,414,5,538663.31
4377,1487,984,1,71677.46
4378,1487,418,5,1731387.26
4379,1487,717,1,2937179.78
4380,1487,572,4,2123640.42
4381,1487,159,4,4540605.42
4382,1488,469,4,1467528.65
4383,1489,658,4,1308232.3
4384,1490,768,2,29039.71
4385,1490,317,5,2300398.75
4386,1491,533,5,2602026.83
4387,1491,226,3,3271135.15
4388,1492,930,3,3313229.88
4389,1492,666,2,1867476.32
4390,1492,921,5,832768.71
4391,1492,142,5,1459358.73
4392,1492,776,1,464773.02
4393,1493,848,1,3261420.79
4394,1493,919,3,1720236.87
4395,1493,984,4,71677.46
4396,1494,146,5,1077794.17
4397,1495,445,3,2643297.95
4398,1495,31,5,2342355.14
4399,1495,824,2,1354405.71
4400,1495,416,5,2234434.97
4401,1495,782,3,764142.07
4402,1496,693,2,156224.27
4403,1496,445,3,2643297.95
4404,1496,96,5,4128303.48
4405,1496,392,5,1831427.53
4406,1496,388,3,1464326.28
4407,1497,646,1,785498.65
4408,1497,946,2,2745212.43
4409,1497,16,5,4981861.91
4410,1497,494,4,686588.64
4411,1498,689,2,2403625.35
4412,1499,827,5,4568029.7
4413,1499,322,5,1892076.15
4414,1500,946,1,2745212.43
4415,1500,258,2,1212431.26
4416,1500,796,3,639668.13
4417,1501,555,2,3897058.57
4418,1501,247,5,1192151.13
4419,1501,816,3,3731291.6
4420,1501,871,5,4535488.7
4421,1502,642,1,3506620.78
4422,1502,876,1,4533567.26
4423,1502,853,2,3566575.04
4424,1503,771,2,1042695.38
4425,1503,2,1,183646.84
4426,1503,684,5,314285.55
4427,1503,445,5,2643297.95
4428,1504,930,4,3313229.88
4429,1504,65,1,2327566.37
4430,1504,120,4,962013.8
4431,1504,516,2,3943635.23
4432,1505,84,2,2920887.12
4433,1506,343,1,277945.2
4434,1506,50,1,3075997.11
4435,1506,385,5,1509172.07
4436,1506,58,5,3094361.05
4437,1506,664,3,4153557.94
4438,1507,301,5,696082.74
4439,1508,879,3,1475982.42
4440,1509,465,4,2051580.4
4441,1510,884,5,1782864.15
4442,1510,201,5,2632278.21
4443,1511,658,4,1308232.3
4444,1511,643,2,1597108.02
4445,1511,52,3,2963124.14
4446,1511,226,3,3271135.15
4447,1512,18,4,1008889.92
4448,1512,452,4,598129.65
4449,1512,614,3,3869902.12
4450,1513,167,1,4683677.64
4451,1513,732,4,918587.96
4452,1513,907,2,2673575.19
4453,1513,744,4,1935826.12
4454,1514,688,2,4947124.04
4455,1514,611,2,904928.31
4456,1514,353,1,3992295.32
4457,1514,569,1,208736.04
4458,1515,743,4,3604863.8
4459,1515,945,4,1483802.49
4460,1515,946,1,2745212.43
4461,1515,165,5,4985887.3
4462,1516,69,3,4877116.9
4463,1516,24,4,4457745.09
4464,1516,960,5,2135716.08
4465,1516,691,5,1948022.56
4466,1516,270,1,4025206.58
4467,1517,204,2,2867781.35
4468,1517,465,2,2051580.4
4469,1518,960,2,2135716.08
4470,1519,367,2,1466318.28
4471,1519,208,3,463798.81
4472,1519,938,4,3117760.91
4473,1520,479,5,521058.03
4474,1521,476,1,2714796.46
4475,1522,870,2,4987370.81
4476,1522,695,1,2651867.14
4477,1523,618,2,3700484.17
4478,1524,389,1,4839137.8
4479,1525,769,4,1479801.75
4480,1525,244,5,709276.52
4481,1526,136,4,3454297.16
4482,1526,508,5,3657350.37
4483,1526,588,3,2619796.76
4484,1527,125,2,3531818.41
4485,1527,224,4,2248200.29
4486,1527,77,5,4069254.45
4487,1527,304,3,1872271.46
4488,1528,607,1,2087120.43
4489,1528,744,2,1935826.12
4490,1528,886,5,1864695.32
4491,1529,49,2,634599.77
4492,1529,885,4,2108158.12
4493,1529,302,5,349160.03
4494,1530,997,1,2022352.2
4495,1531,283,3,3810528.56
4496,1531,55,2,4127928.97
4497,1531,463,2,691308.23
4498,1531,699,3,3822608.12
4499,1532,408,4,555753.43
4500,1533,111,2,1848105.47
4501,1533,927,4,1882210.24
4502,1533,759,4,4712786.87
4503,1533,684,5,314285.55
4504,1533,175,2,1660113.64
4505,1534,15,2,3523148.68
4506,1535,900,4,1054818.02
4507,1536,550,2,3764703.78
4508,1536,105,2,753213.92
4509,1536,268,5,3371622.88
4510,1536,953,4,3620582.45
4511,1536,176,5,3244943.84
4512,1537,349,4,2458111.25
4513,1537,804,5,3934887.69
4514,1537,449,2,3090639.77
4515,1537,777,4,932557.29
4516,1537,888,2,2357977.47
4517,1538,249,1,2073665.43
4518,1538,869,5,3609203.16
4519,1538,182,5,932058.19
4520,1538,698,3,1339969.74
4521,1538,419,1,2419027.71
4522,1539,235,5,4687677.7
4523,1539,769,4,1479801.75
4524,1539,983,1,1315448.21
4525,1540,805,5,571469.02
4526,1540,558,4,3741739.77
4527,1540,413,1,4828926.72
4528,1540,465,4,2051580.4
4529,1541,413,4,4828926.72
4530,1542,922,4,105432.42
4531,1542,531,2,1074971.67
4532,1543,374,1,1387049.74
4533,1544,554,2,1248353.47
4534,1544,87,2,1435884.42
4535,1544,185,2,1185251.05
4536,1544,645,3,689198.11
4537,1545,691,2,1948022.56
4538,1545,89,4,678335.37
4539,1545,696,3,4870159.51
4540,1546,796,3,639668.13
4541,1547,459,1,1451285.52
4542,1547,704,3,4570760.22
4543,1547,415,5,1301104.47
4544,1547,154,1,35855.42
4545,1547,536,2,3473214.7
4546,1548,585,2,606020.6
4547,1549,582,4,4623892.49
4548,1549,993,4,383577.56
4549,1549,774,5,3926534.1
4550,1550,571,5,2537986.92
4551,1551,792,3,2515486.34
4552,1551,241,4,1231223.41
4553,1551,639,5,2180564.56
4554,1551,555,3,3897058.57
4555,1551,803,5,2603244.01
4556,1552,976,2,4013301.27
4557,1553,914,1,1923916.88
4558,1553,872,3,1947491.86
4559,1554,975,5,527528.4
4560,1555,679,5,1382159.03
4561,1555,444,5,3356800.13
4562,1556,520,3,4959272.81
4563,1556,664,2,4153557.94
4564,1556,306,5,42995.66
4565,1557,867,5,4499438.35
4566,1557,525,5,1259442.5
4567,1557,645,1,689198.11
4568,1558,291,3,2853249.67
4569,1559,642,5,3506620.78
4570,1559,520,4,4959272.81
4571,1559,986,1,2600307.4
4572,1559,712,4,109440.67
4573,1560,366,2,4319953.7
4574,1561,917,5,2285072.3
4575,1561,412,4,4834387.56
4576,1562,490,2,2666081.18
4577,1562,553,2,1246454.01
4578,1562,27,5,615598.65
4579,1562,463,3,691308.23
4580,1563,799,1,4172199.51
4581,1563,987,5,2169911.06
4582,1563,66,4,3037234.71
4583,1563,507,5,4345849.74
4584,1564,505,4,2278931.29
4585,1564,555,2,3897058.57
4586,1564,878,5,4204787.09
4587,1564,589,4,843145.14
4588,1564,518,4,91243.95
4589,1565,858,2,2926590.91
4590,1565,328,5,4475008.15
4591,1566,201,4,2632278.21
4592,1566,768,1,29039.71
4593,1566,810,5,1921386.93
4594,1566,326,5,3228087.14
4595,1566,1,4,4244859.86
4596,1567,699,2,3822608.12
4597,1567,378,1,2973093.93
4598,1568,905,1,2150836.99
4599,1568,680,3,4418284.76
4600,1568,774,4,3926534.1
4601,1569,746,5,2470479.15
4602,1569,340,4,1925392.61
4603,1569,583,1,2272325.49
4604,1569,32,1,3063622.33
4605,1570,287,5,3708849.37
4606,1570,181,3,442821.47
4607,1571,275,3,3736927.35
4608,1571,187,5,2916479.15
4609,1571,403,4,3579029.59
4610,1572,404,2,379086.03
4611,1572,144,3,1738353.94
4612,1572,847,5,3391699.28
4613,1572,302,2,349160.03
4614,1572,654,2,1082953.74
4615,1573,700,5,2882703.62
4616,1573,758,5,3525478.19
4617,1574,809,4,4390688.88
4618,1574,851,2,3240384.06
4619,1574,888,2,2357977.47
4620,1575,984,5,71677.46
4621,1575,957,1,508046.49
4622,1575,349,4,2458111.25
4623,1575,169,3,1498977.13
4624,1575,82,3,4726711.69
4625,1576,546,3,3144119.39
4626,1576,740,4,2238683.37
4627,1577,936,3,1512571.11
4628,1577,399,2,4096638.18
4629,1578,176,4,3244943.84
4630,1578,969,5,2007248.63
4631,1578,227,2,601979.5
4632,1578,352,5,437613.65
4633,1578,623,3,129312.18
4634,1579,229,5,4175759.84
4635,1580,574,4,1394564.0
4636,1581,375,1,2426314.26
4637,1581,975,4,527528.4
4638,1581,532,3,672171.96
4639,1582,973,5,574152.22
4640,1582,333,1,904978.97
4641,1582,625,3,4755441.41
4642,1582,775,4,2450593.09
4643,1583,845,3,257758.7
4644,1583,230,1,4892668.51
4645,1583,199,3,3789179.11
4646,1584,123,5,2057783.27
4647,1584,845,5,257758.7
4648,1584,77,1,4069254.45
4649,1584,936,4,1512571.11
4650,1584,614,4,3869902.12
4651,1585,49,2,634599.77
4652,1585,535,3,4087374.04
4653,1586,242,3,2017304.1
4654,1586,813,1,2020840.05
4655,1586,89,3,678335.37
4656,1586,216,4,235996.12
4657,1586,315,1,3976732.3
4658,1587,301,4,696082.74
4659,1587,111,3,1848105.47
4660,1587,848,3,3261420.79
4661,1588,110,2,2379714.07
4662,1588,747,2,1762643.53
4663,1589,635,2,2297705.56
4664,1589,838,4,3409060.06
4665,1589,488,5,3926398.06
4666,1590,244,4,709276.52
4667,1591,872,3,1947491.86
4668,1591,47,1,4231209.19
4669,1591,983,5,1315448.21
4670,1591,273,2,1066920.78
4671,1592,291,1,2853249.67
4672,1593,795,3,4861102.74
4673,1594,468,4,2831335.02
4674,1594,631,5,3561145.85
4675,1595,713,5,13410.65
4676,1596,485,5,1057292.06
4677,1596,62,5,1494195.02
4678,1596,751,2,3997980.88
4679,1596,776,4,464773.02
4680,1596,7,3,2225257.05
4681,1597,133,2,2794852.39
4682,1597,865,5,3284036.83
4683,1597,540,5,4406135.08
4684,1598,412,2,4834387.56
4685,1598,912,2,1139065.9
4686,1598,958,3,4371960.84
4687,1599,829,4,4106876.79
4688,1599,427,1,1601358.28
4689,1599,979,3,4314253.11
4690,1599,885,5,2108158.12
4691,1599,519,4,2212016.88
4692,1600,552,4,1579373.3
4693,1600,287,3,3708849.37
4694,1600,884,2,1782864.15
4695,1600,142,4,1459358.73
4696,1601,523,3,803297.54
4697,1601,759,3,4712786.87
4698,1601,555,3,3897058.57
4699,1602,433,3,1661638.38
4700,1602,816,3,3731291.6
4701,1602,807,5,4625391.55
4702,1602,295,2,2309536.7
4703,1602,515,2,2835049.13
4704,1603,981,5,573558.02
4705,1603,933,1,626739.36
4706,1603,991,1,2532782.18
4707,1604,341,1,3954585.45
4708,1604,140,1,4479844.7
4709,1604,904,1,3171102.83
4710,1604,44,2,1527581.47
4711,1605,382,2,4022341.55
4712,1605,601,2,229749.16
4713,1605,75,2,4322177.61
4714,1606,659,1,165099.65
4715,1606,819,3,1561637.0
4716,1607,71,2,1602388.27
4717,1607,6,3,4744629.41
4718,1607,349,4,2458111.25
4719,1608,535,2,4087374.04
4720,1609,569,2,208736.04
4721,1609,699,1,3822608.12
4722,1609,291,3,2853249.67
4723,1609,292,5,2501514.4
4724,1610,632,4,229062.33
4725,1610,396,5,4715444.83
4726,1610,635,4,2297705.56
4727,1610,148,4,694992.04
4728,1610,987,2,2169911.06
4729,1611,460,4,1579754.27
4730,1611,737,3,1197599.67
4731,1611,659,4,165099.65
4732,1611,154,1,35855.42
4733,1612,376,5,1812013.31
4734,1612,757,2,1696373.42
4735,1613,295,2,2309536.7
4736,1613,973,1,574152.22
4737,1613,539,2,524975.65
4738,1614,725,5,3249409.53
4739,1614,828,1,3707314.55
4740,1615,195,1,1103451.72
4741,1615,130,2,2735903.36
4742,1616,147,1,4665789.43
4743,1616,642,3,3506620.78
4744,1616,640,1,1191490.96
4745,1616,61,4,2419894.64
4746,1616,757,1,1696373.42
4747,1617,533,2,2602026.83
4748,1618,269,4,4369366.09
4749,1618,164,2,4670273.83
4750,1618,735,5,4684072.09
4751,1618,475,3,3877814.01
4752,1619,546,2,3144119.39
4753,1620,414,5,538663.31
4754,1620,724,1,3961294.2
4755,1620,682,4,3239919.22
4756,1620,182,2,932058.19
4757,1621,492,4,1453772.88
4758,1621,329,3,1156534.82
4759,1621,765,3,1195365.94
4760,1622,643,3,1597108.02
4761,1622,496,2,4336567.48
4762,1622,389,2,4839137.8
4763,1622,884,5,1782864.15
4764,1622,965,1,4775894.89
4765,1623,146,5,1077794.17
4766,1623,93,5,1818993.64
4767,1623,837,4,2530580.61
4768,1624,922,5,105432.42
4769,1624,247,1,1192151.13
4770,1624,402,1,1270881.61
4771,1624,563,2,4934543.84
4772,1625,984,1,71677.46
4773,1625,661,4,482679.13
4774,1625,180,1,4136679.23
4775,1625,469,2,1467528.65
4776,1626,454,2,3470248.34
4777,1626,949,5,73619.51
4778,1627,990,2,68107.89
4779,1627,980,1,2420567.49
4780,1627,334,2,88133.9
4781,1627,177,2,80280.14
4782,1627,591,5,3667349.83
4783,1628,220,4,168357.01
4784,1628,903,2,655735.73
4785,1628,979,1,4314253.11
4786,1628,751,4,3997980.88
4787,1628,819,3,1561637.0
4788,1629,78,3,957272.17
4789,1629,242,5,2017304.1
4790,1629,564,2,668594.57
4791,1629,243,2,2703401.45
4792,1629,333,3,904978.97
4793,1630,809,5,4390688.88
4794,1630,877,5,2541501.13
4795,1631,328,5,4475008.15
4796,1631,963,3,3320141.59
4797,1632,428,1,232968.43
4798,1632,501,4,3142785.98
4799,1632,755,4,4440777.03
4800,1633,166,4,3941923.54
4801,1633,297,2,928398.39
4802,1634,585,3,606020.6
4803,1635,887,3,2324165.53
4804,1635,592,4,3859437.15
4805,1635,626,1,3797056.47
4806,1636,915,4,843430.73
4807,1636,619,5,2324994.19
4808,1637,3,2,1187616.95
4809,1637,585,2,606020.6
4810,1637,451,1,3363829.31
4811,1637,166,1,3941923.54
4812,1638,253,5,4861728.27
4813,1638,480,5,1495567.59
4814,1638,933,4,626739.36
4815,1639,220,4,168357.01
4816,1640,142,5,1459358.73
4817,1640,975,5,527528.4
4818,1640,969,5,2007248.63
4819,1641,134,2,4708012.88
4820,1641,29,1,3953961.57
4821,1642,813,3,2020840.05
4822,1642,407,1,3511155.09
4823,1643,193,2,3454548.98
4824,1643,39,1,2334507.67
4825,1643,272,5,1522908.25
4826,1643,501,5,3142785.98
4827,1643,831,4,686892.61
4828,1644,516,5,3943635.23
4829,1644,885,5,2108158.12
4830,1644,449,3,3090639.77
4831,1644,701,2,1780475.13
4832,1644,710,3,2457277.74
4833,1645,366,2,4319953.7
4834,1645,243,5,2703401.45
4835,1645,404,1,379086.03
4836,1645,818,1,1695951.75
4837,1645,207,1,3587420.65
4838,1646,310,2,4032776.82
4839,1646,945,4,1483802.49
4840,1646,661,1,482679.13
4841,1647,876,5,4533567.26
4842,1647,329,1,1156534.82
4843,1647,472,1,2832595.8
4844,1647,356,2,3700879.89
4845,1647,977,2,914490.2
4846,1648,921,1,832768.71
4847,1648,24,2,4457745.09
4848,1648,659,5,165099.65
4849,1648,172,5,4447407.22
4850,1648,768,3,29039.71
4851,1649,95,3,3824376.53
4852,1650,490,3,2666081.18
4853,1650,670,5,996774.18
4854,1651,59,5,2495209.92
4855,1651,844,2,1432496.19
4856,1652,591,4,3667349.83
4857,1653,85,2,262196.62
4858,1653,704,5,4570760.22
4859,1653,512,1,4125989.76
4860,1653,624,1,3183349.78
4861,1654,408,1,555753.43
4862,1654,649,2,4823527.26
4863,1655,119,2,167536.86
4864,1655,162,1,4567016.33
4865,1656,420,4,2085717.39
4866,1656,771,2,1042695.38
4867,1656,55,1,4127928.97
4868,1656,621,1,3664992.05
4869,1657,116,4,3609786.56
4870,1658,108,2,2972686.03
4871,1658,936,2,1512571.11
4872,1658,43,1,4158640.12
4873,1658,633,1,4487464.48
4874,1659,140,3,4479844.7
4875,1659,678,5,1776176.83
4876,1659,779,4,232638.45
4877,1659,955,2,2289188.66
4878,1660,948,5,1659712.04
4879,1660,765,2,1195365.94
4880,1661,301,5,696082.74
4881,1662,442,4,1835307.22
4882,1662,346,2,4844913.43
4883,1663,14,2,1316265.62
4884,1663,467,3,2448610.56
4885,1663,796,5,639668.13
4886,1663,107,2,820885.21
4887,1663,783,3,437679.49
4888,1664,103,1,204180.69
4889,1664,292,1,2501514.4
4890,1665,700,4,2882703.62
4891,1665,641,5,4256059.39
4892,1665,144,3,1738353.94
4893,1665,881,1,3628681.32
4894,1665,591,3,3667349.83
4895,1666,154,5,35855.42
4896,1666,294,4,4832876.25
4897,1667,18,5,1008889.92
4898,1667,199,3,3789179.11
4899,1668,739,4,4110092.41
4900,1668,860,1,2811671.02
4901,1668,830,1,337428.67
4902,1669,733,5,4605980.7
4903,1669,611,3,904928.31
4904,1670,798,5,1017577.21
4905,1670,509,1,3177854.32
4906,1671,235,4,4687677.7
4907,1672,146,3,1077794.17
4908,1673,435,3,3990801.38
4909,1673,563,3,4934543.84
4910,1674,376,4,1812013.31
4911,1674,315,2,3976732.3
4912,1674,218,1,4673568.17
4913,1674,266,1,471395.34
4914,1674,910,2,99401.47
4915,1675,145,4,3283300.53
4916,1676,433,1,1661638.38
4917,1677,629,2,2104881.05
4918,1677,491,2,1625031.54
4919,1677,571,4,2537986.92
4920,1678,62,2,1494195.02
4921,1678,614,5,3869902.12
4922,1678,63,4,3446181.72
4923,1679,442,4,1835307.22
4924,1680,23,4,2754485.77
4925,1680,234,2,784055.65
4926,1680,130,3,2735903.36
4927,1680,544,1,3055493.0
4928,1680,351,3,2164921.25
4929,1681,976,2,4013301.27
4930,1681,848,1,3261420.79
4931,1681,228,3,2648924.27
4932,1682,256,1,754595.86
4933,1683,18,5,1008889.92
4934,1684,930,4,3313229.88
4935,1684,980,4,2420567.49
4936,1684,578,4,2936321.44
4937,1685,434,3,4792728.48
4938,1685,638,1,383404.12
4939,1685,380,4,1530243.4
4940,1686,694,3,302370.24
4941,1686,381,3,1667763.9
4942,1686,436,2,940070.76
4943,1686,969,2,2007248.63
4944,1686,258,4,1212431.26
4945,1687,141,3,4093703.53
4946,1688,445,1,2643297.95
4947,1688,114,1,2988578.98
4948,1688,569,1,208736.04
4949,1688,788,1,4828482.24
4950,1689,126,1,2808825.0
4951,1689,213,1,3619167.6
4952,1689,826,4,947799.1
4953,1689,568,2,78829.19
4954,1689,103,4,204180.69
4955,1690,283,1,3810528.56
4956,1690,501,2,3142785.98
4957,1690,434,5,4792728.48
4958,1690,44,5,1527581.47
4959,1691,530,1,3521453.22
4960,1692,459,1,1451285.52
4961,1692,152,5,3589616.7
4962,1692,32,1,3063622.33
4963,1693,722,1,1515808.12
4964,1693,475,1,3877814.01
4965,1693,201,5,2632278.21
4966,1694,419,4,2419027.71
4967,1695,253,1,4861728.27
4968,1696,730,2,4744452.64
4969,1696,341,1,3954585.45
4970,1696,993,1,383577.56
4971,1696,833,3,4186513.62
4972,1697,994,5,1609962.74
4973,1697,977,3,914490.2
4974,1697,504,3,3476571.04
4975,1698,821,4,4862758.25
4976,1698,180,1,4136679.23
4977,1699,26,1,3970544.96
4978,1699,579,4,1557745.77
4979,1700,358,5,35924.16
4980,1700,881,5,3628681.32
4981,1701,458,4,2779013.75
4982,1701,721,4,2934223.15
4983,1701,611,3,904928.31
4984,1702,31,2,2342355.14
4985,1702,124,5,4365360.37
4986,1702,6,3,4744629.41
4987,1702,204,2,2867781.35
4988,1703,413,2,4828926.72
4989,1703,843,4,3747316.06
4990,1703,945,3,1483802.49
4991,1703,859,4,2562453.45
4992,1703,911,4,3137167.77
4993,1704,843,2,3747316.06
4994,1704,81,3,2491877.66
4995,1704,600,1,1149738.07
4996,1704,538,2,455762.09
4997,1705,717,4,2937179.78
4998,1705,20,1,871555.26
4999,1706,273,4,1066920.78
5000,1707,436,1,940070.76
5001,1707,319,3,1506873.46
5002,1707,642,5,3506620.78
5003,1707,26,1,3970544.96
5004,1708,52,4,2963124.14
5005,1709,498,4,1255889.44
5006,1709,128,3,4783860.61
5007,1709,39,1,2334507.67
5008,1709,767,3,776413.77
5009,1709,600,2,1149738.07
5010,1710,787,5,4093842.02
5011,1710,70,5,3805718.32
5012,1710,776,3,464773.02
5013,1710,588,1,2619796.76
5014,1710,323,2,290013.55
5015,1711,325,2,2504293.38
5016,1712,262,5,2790860.92
5017,1713,514,1,1695398.22
5018,1713,828,5,3707314.55
5019,1713,305,5,3299828.87
5020,1713,842,4,1727802.53
5021,1713,952,4,3899835.85
5022,1714,542,4,3211464.98
5023,1714,655,2,750135.75
5024,1714,664,1,4153557.94
5025,1714,204,4,2867781.35
5026,1714,605,4,2768795.29
5027,1715,834,4,175024.51
5028,1716,618,5,3700484.17
5029,1716,768,3,29039.71
5030,1716,105,4,753213.92
5031,1716,930,4,3313229.88
5032,1717,153,2,3409148.01
5033,1718,294,1,4832876.25
5034,1718,497,4,3510118.37
5035,1718,585,3,606020.6
5036,1718,255,2,3484578.95
5037,1719,781,3,4187022.97
5038,1719,448,2,1766404.77
5039,1720,755,5,4440777.03
5040,1720,686,5,1005294.46
5041,1721,297,5,928398.39
5042,1721,583,1,2272325.49
5043,1721,626,4,3797056.47
5044,1721,827,1,4568029.7
5045,1721,69,3,4877116.9
5046,1722,905,4,2150836.99
5047,1722,869,2,3609203.16
5048,1723,220,4,168357.01
5049,1724,528,4,3632681.93
5050,1725,865,2,3284036.83
5051,1725,109,1,3546611.63
5052,1725,421,1,589186.0
5053,1725,862,2,2413874.71
5054,1725,677,1,3419232.45
5055,1726,98,5,1975579.53
5056,1726,967,1,1869384.54
5057,1726,241,3,1231223.41
5058,1727,586,5,3510483.06
5059,1727,610,5,2515184.3
5060,1727,907,5,2673575.19
5061,1727,460,2,1579754.27
5062,1727,919,1,1720236.87
5063,1728,1000,4,449219.11
5064,1729,749,5,3945762.67
5065,1730,641,5,4256059.39
5066,1730,988,3,2414829.09
5067,1730,951,5,754231.02
5068,1730,32,1,3063622.33
5069,1730,994,5,1609962.74
5070,1731,916,3,1498029.24
5071,1731,312,5,2626683.15
5072,1731,142,2,1459358.73
5073,1731,777,1,932557.29
5074,1732,970,3,1366447.12
5075,1732,535,5,4087374.04
5076,1732,756,2,3662605.58
5077,1732,585,4,606020.6
5078,1733,383,4,2206712.38
5079,1733,955,1,2289188.66
5080,1733,553,2,1246454.01
5081,1733,64,1,2203631.44
5082,1733,266,5,471395.34
5083,1734,429,4,122699.72
5084,1735,485,1,1057292.06
5085,1735,849,2,4324503.35
5086,1735,863,2,4941921.22
5087,1736,577,1,2686586.96
5088,1736,307,5,69136.33
5089,1736,413,1,4828926.72
5090,1736,783,1,437679.49
5091,1737,524,4,475766.52
5092,1737,691,5,1948022.56
5093,1738,811,2,2864395.97
5094,1738,615,4,1643231.6
5095,1738,574,5,1394564.0
5096,1739,475,4,3877814.01
5097,1739,593,4,1681705.02
5098,1740,274,1,4810767.01
5099,1741,364,2,1776032.29
5100,1741,731,1,4255277.26
5101,1741,265,1,4611908.26
5102,1741,810,5,1921386.93
5103,1741,434,1,4792728.48
5104,1742,438,1,2253379.31
5105,1742,507,5,4345849.74
5106,1742,658,2,1308232.3
5107,1743,500,3,2452399.04
5108,1743,691,5,1948022.56
5109,1744,230,3,4892668.51
5110,1744,741,4,1056324.58
5111,1744,363,1,525431.71
5112,1744,798,4,1017577.21
5113,1744,595,4,1322118.76
5114,1745,300,1,3824050.83
5115,1745,907,5,2673575.19
5116,1746,719,3,4803188.16
5117,1746,856,5,1267473.56
5118,1746,386,4,2400258.61
5119,1746,560,2,2479489.72
5120,1747,959,5,1807471.17
5121,1747,440,1,1036864.55
5122,1747,273,4,1066920.78
5123,1748,320,2,3272141.24
5124,1748,67,4,4308810.53
5125,1748,12,2,2500229.36
5126,1748,575,3,404317.59
5127,1748,105,4,753213.92
5128,1749,164,3,4670273.83
5129,1749,594,2,1367183.17
5130,1750,282,5,2335360.29
5131,1750,560,2,2479489.72
5132,1750,1,5,4244859.86
5133,1750,991,5,2532782.18
5134,1751,273,5,1066920.78
5135,1751,410,5,840029.08
5136,1752,234,5,784055.65
5137,1752,43,4,4158640.12
5138,1752,141,3,4093703.53
5139,1752,405,4,2915397.66
5140,1752,155,5,2040468.18
5141,1753,617,5,1465059.5
5142,1753,70,4,3805718.32
5143,1753,23,5,2754485.77
5144,1753,854,1,2124795.94
5145,1754,308,1,2683333.13
5146,1755,850,1,2375745.06
5147,1755,601,2,229749.16
5148,1756,678,5,1776176.83
5149,1756,656,2,4842316.02
5150,1756,841,2,2938532.44
5151,1757,111,2,1848105.47
5152,1757,219,4,4930824.87
5153,1757,737,4,1197599.67
5154,1757,916,1,1498029.24
5155,1758,192,2,3433507.36
5156,1758,45,3,1620077.15
5157,1758,329,5,1156534.82
5158,1759,97,4,652030.32
5159,1759,341,1,3954585.45
5160,1759,932,2,2089710.07
5161,1759,369,3,2864082.55
5162,1759,769,3,1479801.75
5163,1760,149,3,1219865.61
5164,1760,128,5,4783860.61
5165,1760,100,4,3777276.21
5166,1760,326,1,3228087.14
5167,1761,714,3,4034162.61
5168,1761,281,1,2568954.53
5169,1762,427,4,1601358.28
5170,1762,866,1,949916.81
5171,1762,482,4,4312376.13
5172,1762,919,1,1720236.87
5173,1762,791,5,1980073.78
5174,1763,717,3,2937179.78
5175,1763,609,5,2861964.45
5176,1764,772,5,4885517.9
5177,1764,646,1,785498.65
5178,1764,560,5,2479489.72
5179,1764,980,1,2420567.49
5180,1764,888,4,2357977.47
5181,1765,854,5,2124795.94
5182,1765,149,1,1219865.61
5183,1765,279,1,1909502.1
5184,1765,454,3,3470248.34
5185,1766,530,1,3521453.22
5186,1766,807,2,4625391.55
5187,1766,860,3,2811671.02
5188,1766,638,2,383404.12
5189,1767,642,4,3506620.78
5190,1767,970,3,1366447.12
5191,1767,560,4,2479489.72
5192,1767,632,5,229062.33
5193,1768,825,2,3028845.87
5194,1768,716,5,307184.25
5195,1768,406,5,2722789.56
5196,1768,563,4,4934543.84
5197,1768,320,5,3272141.24
5198,1769,581,3,298950.66
5199,1769,706,1,4738318.09
5200,1769,336,3,4645085.95
5201,1769,603,3,1826242.72
5202,1770,823,1,3872414.19
5203,1770,114,1,2988578.98
5204,1770,629,2,2104881.05
5205,1771,696,2,4870159.51
5206,1771,60,4,3213117.37
5207,1771,370,2,3429726.8
5208,1771,714,4,4034162.61
5209,1771,911,1,3137167.77
5210,1772,117,1,860855.19
5211,1772,486,1,4306632.99
5212,1772,433,1,1661638.38
5213,1773,853,5,3566575.04
5214,1773,551,5,1764162.85
5215,1774,213,4,3619167.6
5216,1774,322,2,1892076.15
5217,1774,421,2,589186.0
5218,1774,103,5,204180.69
5219,1775,267,3,267167.78
5220,1775,382,5,4022341.55
5221,1775,58,4,3094361.05
5222,1775,498,1,1255889.44
5223,1775,51,1,2517839.99
5224,1776,672,5,4526339.07
5225,1776,309,2,95541.56
5226,1776,306,5,42995.66
5227,1776,995,5,4851023.79
5228,1776,257,2,927556.1
5229,1777,301,4,696082.74
5230,1778,699,3,3822608.12
5231,1778,805,5,571469.02
5232,1778,629,4,2104881.05
5233,1778,442,4,1835307.22
5234,1779,52,3,2963124.14
5235,1779,809,4,4390688.88
5236,1779,269,2,4369366.09
5237,1779,15,3,3523148.68
5238,1780,434,3,4792728.48
5239,1780,502,4,2265438.7
5240,1780,349,5,2458111.25
5241,1781,585,4,606020.6
5242,1782,787,3,4093842.02
5243,1782,988,2,2414829.09
5244,1782,197,5,3741196.84
5245,1783,30,4,1810873.66
5246,1783,134,2,4708012.88
5247,1783,878,3,4204787.09
5248,1783,265,4,4611908.26
5249,1783,897,4,1669820.94
5250,1784,875,2,3434727.37
5251,1784,789,4,2867844.31
5252,1785,718,3,3874088.83
5253,1785,56,1,415302.05
5254,1785,407,3,3511155.09
5255,1786,623,3,129312.18
5256,1786,235,1,4687677.7
5257,1786,10,4,1255562.15
5258,1786,165,2,4985887.3
5259,1786,122,2,2070670.95
5260,1787,302,2,349160.03
5261,1787,987,4,2169911.06
5262,1788,988,4,2414829.09
5263,1788,711,4,290278.2
5264,1788,319,4,1506873.46
5265,1788,138,3,2806833.08
5266,1789,69,4,4877116.9
5267,1789,29,1,3953961.57
5268,1789,81,2,2491877.66
5269,1789,288,1,1311262.81
5270,1789,95,3,3824376.53
5271,1790,835,3,4590975.04
5272,1790,547,5,4600271.68
5273,1790,655,4,750135.75
5274,1790,62,1,1494195.02
5275,1790,779,5,232638.45
5276,1791,111,4,1848105.47
5277,1792,529,4,2151862.39
5278,1792,493,4,4762462.75
5279,1792,573,2,421314.78
5280,1792,201,1,2632278.21
5281,1792,178,5,3955930.65
5282,1793,904,3,3171102.83
5283,1793,455,1,2097013.14
5284,1793,954,3,4524849.13
5285,1793,457,2,936910.96
5286,1793,736,4,1662530.45
5287,1794,874,2,1722403.58
5288,1794,654,4,1082953.74
5289,1794,78,2,957272.17
5290,1795,942,2,2493717.93
5291,1796,209,5,4045373.5
5292,1797,235,4,4687677.7
5293,1797,351,2,2164921.25
5294,1797,441,3,2890966.05
5295,1798,748,4,516128.51
5296,1798,888,5,2357977.47
5297,1798,50,4,3075997.11
5298,1798,568,3,78829.19
5299,1798,998,2,403364.67
5300,1799,272,5,1522908.25
5301,1799,180,3,4136679.23
5302,1799,131,1,3054282.13
5303,1800,712,2,109440.67
5304,1800,516,3,3943635.23
5305,1800,900,3,1054818.02
5306,1800,371,3,702811.89
5307,1800,49,1,634599.77
5308,1801,261,3,2816305.89
5309,1801,669,3,118782.91
5310,1801,293,4,1294060.52
5311,1801,347,2,157832.04
5312,1802,866,1,949916.81
5313,1802,115,2,4835682.77
5314,1803,158,4,1612626.83
5315,1803,293,5,1294060.52
5316,1804,784,4,4042818.99
5317,1804,699,5,3822608.12
5318,1804,752,1,1481593.98
5319,1804,462,4,4759691.33
5320,1804,923,4,3638572.45
5321,1805,249,3,2073665.43
5322,1805,661,2,482679.13
5323,1806,174,1,1371457.04
5324,1806,197,5,3741196.84
5325,1806,552,4,1579373.3
5326,1806,702,2,888740.83
5327,1807,920,4,1802661.92
5328,1808,732,1,918587.96
5329,1808,671,5,4048400.34
5330,1808,63,1,3446181.72
5331,1809,803,4,2603244.01
5332,1809,986,2,2600307.4
5333,1809,847,1,3391699.28
5334,1809,262,3,2790860.92
5335,1809,732,2,918587.96
5336,1810,396,5,4715444.83
5337,1811,333,5,904978.97
5338,1811,516,2,3943635.23
5339,1812,640,2,1191490.96
5340,1812,339,2,3388404.48
5341,1812,903,3,655735.73
5342,1813,37,1,635380.64
5343,1814,71,4,1602388.27
5344,1814,452,4,598129.65
5345,1814,518,3,91243.95
5346,1814,527,1,268418.5
5347,1814,863,4,4941921.22
5348,1815,177,3,80280.14
5349,1815,261,3,2816305.89
5350,1815,939,3,2099940.5
5351,1816,269,4,4369366.09
5352,1816,55,5,4127928.97
5353,1816,216,5,235996.12
5354,1817,705,1,3520229.89
5355,1817,487,5,838248.27
5356,1817,635,2,2297705.56
5357,1818,722,5,1515808.12
5358,1818,110,1,2379714.07
5359,1818,658,3,1308232.3
5360,1818,247,5,1192151.13
5361,1819,151,5,509987.82
5362,1820,984,5,71677.46
5363,1820,525,3,1259442.5
5364,1820,896,5,3896916.48
5365,1820,753,4,1313027.27
5366,1821,582,5,4623892.49
5367,1821,436,5,940070.76
5368,1821,541,5,1919778.04
5369,1821,796,2,639668.13
5370,1821,907,5,2673575.19
5371,1822,314,3,4077919.81
5372,1823,593,2,1681705.02
5373,1823,858,4,2926590.91
5374,1823,108,3,2972686.03
5375,1823,860,4,2811671.02
5376,1824,260,4,4030823.04
5377,1824,239,1,513474.6
5378,1825,883,5,3275628.88
5379,1826,766,4,1970582.05
5380,1826,728,3,1898136.7
5381,1826,180,3,4136679.23
5382,1826,136,2,3454297.16
5383,1826,852,5,1126612.46
5384,1827,607,4,2087120.43
5385,1827,167,5,4683677.64
5386,1828,244,5,709276.52
5387,1828,812,1,196953.7
5388,1829,1000,1,449219.11
5389,1829,662,5,4021444.8
5390,1830,31,4,2342355.14
5391,1830,943,2,3892014.99
5392,1830,967,5,1869384.54
5393,1830,216,2,235996.12
5394,1831,888,5,2357977.47
5395,1831,947,1,3444137.54
5396,1831,729,5,645468.34
5397,1831,571,2,2537986.92
5398,1831,172,2,4447407.22
5399,1832,46,1,1736655.18
5400,1833,190,2,3342252.71
5401,1834,911,1,3137167.77
5402,1834,17,1,3472963.4
5403,1835,396,4,4715444.83
5404,1835,445,4,2643297.95
5405,1835,118,1,747400.78
5406,1835,932,1,2089710.07
5407,1835,521,5,1019567.85
5408,1836,942,4,2493717.93
5409,1836,733,4,4605980.7
5410,1836,125,1,3531818.41
5411,1836,561,1,1212997.96
5412,1836,838,3,3409060.06
5413,1837,382,4,4022341.55
5414,1837,816,1,3731291.6
5415,1838,64,2,2203631.44
5416,1838,920,5,1802661.92
5417,1838,297,3,928398.39
5418,1839,657,1,2572163.78
5419,1839,604,5,903015.06
5420,1840,806,4,749516.71
5421,1841,432,5,2584809.57
5422,1841,657,2,2572163.78
5423,1841,200,3,3811679.5
5424,1842,419,5,2419027.71
5425,1842,324,1,3517197.3
5426,1842,36,1,4118463.6
5427,1843,751,1,3997980.88
5428,1843,469,4,1467528.65
5429,1844,4,3,1817131.41
5430,1844,837,3,2530580.61
5431,1845,976,5,4013301.27
5432,1845,389,4,4839137.8
5433,1845,855,1,4259415.0
5434,1846,21,1,4986339.4
5435,1846,447,4,2939153.53
5436,1846,996,4,2539577.37
5437,1847,276,1,4573062.07
5438,1847,76,1,1248868.7
5439,1847,927,4,1882210.24
5440,1847,939,3,2099940.5
5441,1848,889,1,2366376.22
5442,1848,726,1,3538842.78
5443,1848,721,2,2934223.15
5444,1849,2,4,183646.84
5445,1849,555,3,3897058.57
5446,1849,103,4,204180.69
5447,1850,838,5,3409060.06
5448,1850,276,5,4573062.07
5449,1850,481,1,2254164.39
5450,1850,536,5,3473214.7
5451,1850,16,3,4981861.91
5452,1851,779,2,232638.45
5453,1851,441,4,2890966.05
5454,1851,562,2,2646149.64
5455,1851,302,5,349160.03
5456,1851,145,4,3283300.53
5457,1852,744,5,1935826.12
5458,1852,579,5,1557745.77
5459,1852,415,2,1301104.47
5460,1852,398,5,4158096.23
5461,1852,471,1,849362.8
5462,1853,240,5,2237740.92
5463,1853,444,5,3356800.13
5464,1853,569,5,208736.04
5465,1853,920,5,1802661.92
5466,1853,122,4,2070670.95
5467,1854,699,4,3822608.12
5468,1854,801,5,444266.93
5469,1854,75,3,4322177.61
5470,1854,32,3,3063622.33
5471,1854,823,5,3872414.19
5472,1855,185,3,1185251.05
5473,1855,465,1,2051580.4
5474,1855,584,4,1553357.42
5475,1855,919,4,1720236.87
5476,1856,710,5,2457277.74
5477,1857,130,1,2735903.36
5478,1857,966,1,4393592.93
5479,1858,442,3,1835307.22
5480,1858,466,5,2083995.87
5481,1859,573,2,421314.78
5482,1859,390,1,1636172.32
5483,1859,310,1,4032776.82
5484,1859,567,1,93280.11
5485,1859,780,5,2330639.2
5486,1860,957,2,508046.49
5487,1860,964,1,1650017.52
5488,1860,803,4,2603244.01
5489,1861,344,5,1168398.58
5490,1861,322,1,1892076.15
5491,1861,472,4,2832595.8
5492,1862,298,1,2624482.63
5493,1862,688,2,4947124.04
5494,1862,500,3,2452399.04
5495,1862,395,5,4765493.01
5496,1863,803,1,2603244.01
5497,1863,99,5,2793580.87
5498,1864,149,3,1219865.61
5499,1864,95,5,3824376.53
5500,1864,730,5,4744452.64
5501,1864,413,2,4828926.72
5502,1864,447,3,2939153.53
5503,1865,167,2,4683677.64
5504,1865,618,4,3700484.17
5505,1866,525,5,1259442.5
5506,1866,77,4,4069254.45
5507,1866,55,3,4127928.97
5508,1867,273,2,1066920.78
5509,1867,108,5,2972686.03
5510,1867,355,3,1906199.97
5511,1868,498,1,1255889.44
5512,1868,327,4,2833624.57
5513,1868,799,5,4172199.51
5514,1869,3,5,1187616.95
5515,1869,145,2,3283300.53
5516,1870,509,1,3177854.32
5517,1870,728,5,1898136.7
5518,1870,19,1,4265603.19
5519,1871,648,4,2038497.63
5520,1872,948,3,1659712.04
5521,1872,420,3,2085717.39
5522,1873,471,2,849362.8
5523,1874,848,2,3261420.79
5524,1874,286,4,2816998.39
5525,1875,516,2,3943635.23
5526,1875,942,5,2493717.93
5527,1876,336,3,4645085.95
5528,1876,6,1,4744629.41
5529,1876,92,4,265276.86
5530,1876,533,5,2602026.83
5531,1876,188,2,1315150.22
5532,1877,735,4,4684072.09
5533,1877,247,1,1192151.13
5534,1877,140,4,4479844.7
5535,1878,399,5,4096638.18
5536,1879,7,4,2225257.05
5537,1879,68,1,3673656.78
5538,1879,806,3,749516.71
5539,1880,657,1,2572163.78
5540,1880,94,1,376923.43
5541,1880,589,3,843145.14
5542,1880,999,1,4008293.83
5543,1880,626,2,3797056.47
5544,1881,908,1,4750842.39
5545,1881,836,1,1377147.72
5546,1881,323,2,290013.55
5547,1881,438,1,2253379.31
5548,1882,762,3,1662161.95
5549,1883,970,4,1366447.12
5550,1883,55,5,4127928.97
5551,1884,205,1,831040.41
5552,1884,34,4,4997979.27
5553,1885,830,4,337428.67
5554,1886,322,1,1892076.15
5555,1886,5,4,3029423.2
5556,1886,263,1,1948211.05
5557,1886,899,5,33520.37
5558,1886,588,3,2619796.76
5559,1887,729,3,645468.34
5560,1887,716,3,307184.25
5561,1887,233,2,1245085.07
5562,1887,817,5,4486186.5
5563,1887,535,4,4087374.04
5564,1888,608,5,1363577.21
5565,1888,587,2,2487100.53
5566,1888,886,4,1864695.32
5567,1888,353,2,3992295.32
5568,1889,264,3,1024650.3
5569,1889,980,4,2420567.49
5570,1889,785,1,4853820.63
5571,1889,424,1,2610363.0
5572,1889,983,5,1315448.21
5573,1890,948,2,1659712.04
5574,1890,486,2,4306632.99
5575,1890,825,3,3028845.87
5576,1890,831,5,686892.61
5577,1890,85,2,262196.62
5578,1891,37,3,635380.64
5579,1892,47,2,4231209.19
5580,1892,361,5,945085.0
5581,1892,680,5,4418284.76
5582,1893,228,2,2648924.27
5583,1893,71,4,1602388.27
5584,1893,914,3,1923916.88
5585,1893,219,3,4930824.87
5586,1894,263,5,1948211.05
5587,1894,783,2,437679.49
5588,1894,346,2,4844913.43
5589,1894,431,5,4650313.01
5590,1895,416,3,2234434.97
5591,1896,446,1,2988884.44
5592,1896,764,4,3306383.48
5593,1896,459,2,1451285.52
5594,1896,603,5,1826242.72
5595,1896,225,3,1884471.21
5596,1897,954,5,4524849.13
5597,1897,516,2,3943635.23
5598,1897,561,3,1212997.96
5599,1898,326,2,3228087.14
5600,1898,392,3,1831427.53
5601,1899,937,2,3315790.0
5602,1899,554,1,1248353.47
5603,1899,339,3,3388404.48
5604,1899,55,4,4127928.97
5605,1900,950,3,4535331.42
5606,1900,722,1,1515808.12
5607,1900,403,3,3579029.59
5608,1900,460,5,1579754.27
5609,1901,361,1,945085.0
5610,1901,373,4,325703.08
5611,1901,164,2,4670273.83
5612,1902,188,1,1315150.22
5613,1902,609,1,2861964.45
5614,1902,554,3,1248353.47
5615,1902,924,3,1063839.24
5616,1902,110,1,2379714.07
5617,1903,645,3,689198.11
5618,1903,749,1,3945762.67
5619,1903,683,5,2065841.11
5620,1903,105,2,753213.92
5621,1904,974,1,4908030.16
5622,1905,474,5,2867843.13
5623,1906,98,5,1975579.53
5624,1906,704,1,4570760.22
5625,1906,146,3,1077794.17
5626,1906,825,3,3028845.87
5627,1907,699,4,3822608.12
5628,1907,56,2,415302.05
5629,1907,173,1,4256788.1
5630,1907,416,5,2234434.97
5631,1908,942,2,2493717.93
5632,1908,323,3,290013.55
5633,1908,716,1,307184.25
5634,1909,1,1,4244859.86
5635,1909,683,2,2065841.11
5636,1910,449,3,3090639.77
5637,1910,804,5,3934887.69
5638,1911,893,1,695452.64
5639,1911,11,2,139307.57
5640,1911,881,4,3628681.32
5641,1912,81,3,2491877.66
5642,1913,346,2,4844913.43
5643,1914,929,3,2973681.1
5644,1914,990,5,68107.89
5645,1915,451,5,3363829.31
5646,1915,348,1,3919905.21
5647,1915,449,3,3090639.77
5648,1916,979,4,4314253.11
5649,1917,784,4,4042818.99
5650,1918,865,2,3284036.83
5651,1918,475,5,3877814.01
5652,1919,51,3,2517839.99
5653,1919,726,5,3538842.78
5654,1919,691,3,1948022.56
5655,1919,660,1,4274460.51
5656,1919,936,2,1512571.11
5657,1920,50,1,3075997.11
5658,1921,295,5,2309536.7
5659,1921,222,3,3831480.14
5660,1921,792,1,2515486.34
5661,1921,209,5,4045373.5
5662,1922,4,3,1817131.41
5663,1923,130,1,2735903.36
5664,1923,900,2,1054818.02
5665,1923,439,1,1950290.54
5666,1924,627,3,4246539.88
5667,1924,66,1,3037234.71
5668,1924,556,3,4240981.6
5669,1924,642,5,3506620.78
5670,1924,932,1,2089710.07
5671,1925,670,3,996774.18
5672,1925,902,5,2452989.68
5673,1926,914,2,1923916.88
5674,1926,983,5,1315448.21
5675,1926,368,3,3898053.84
5676,1926,779,2,232638.45
5677,1926,932,3,2089710.07
5678,1927,349,2,2458111.25
5679,1927,47,3,4231209.19
5680,1927,398,1,4158096.23
5681,1927,35,1,2633221.32
5682,1927,418,4,1731387.26
5683,1928,964,5,1650017.52
5684,1928,14,1,1316265.62
5685,1928,408,5,555753.43
5686,1928,439,5,1950290.54
5687,1928,61,1,2419894.64
5688,1929,397,4,2197890.22
5689,1929,489,3,4029148.06
5690,1929,46,2,1736655.18
5691,1929,491,5,1625031.54
5692,1929,274,2,4810767.01
5693,1930,679,2,1382159.03
5694,1930,584,3,1553357.42
5695,1931,595,3,1322118.76
5696,1931,883,2,3275628.88
5697,1931,22,1,3342520.55
5698,1932,503,4,2020225.36
5699,1932,387,2,4823227.37
5700,1932,343,3,277945.2
5701,1932,9,2,1996189.89
5702,1933,649,3,4823527.26
5703,1933,849,1,4324503.35
5704,1934,506,2,1643173.51
5705,1935,321,3,476567.52
5706,1935,134,4,4708012.88
5707,1935,189,3,3466915.27
5708,1935,109,4,3546611.63
5709,1936,261,2,2816305.89
5710,1936,597,1,286641.16
5711,1936,643,2,1597108.02
5712,1936,678,5,1776176.83
5713,1936,720,2,3525644.67
5714,1937,809,2,4390688.88
5715,1937,316,3,1871527.4
5716,1938,72,1,621384.33
5717,1939,586,1,3510483.06
5718,1940,860,1,2811671.02
5719,1940,365,2,2988653.53
5720,1940,6,5,4744629.41
5721,1940,570,4,4743913.18
5722,1941,260,2,4030823.04
5723,1941,15,2,3523148.68
5724,1941,908,1,4750842.39
5725,1941,91,4,1836027.39
5726,1941,403,4,3579029.59
5727,1942,814,2,203524.84
5728,1942,632,1,229062.33
5729,1943,918,3,2173989.5
5730,1943,981,4,573558.02
5731,1943,343,5,277945.2
5732,1944,809,5,4390688.88
5733,1944,462,3,4759691.33
5734,1944,878,5,4204787.09
5735,1944,882,2,4735147.67
5736,1944,90,2,3640265.24
5737,1945,755,5,4440777.03
5738,1945,790,4,2386548.78
5739,1945,320,2,3272141.24
5740,1945,405,1,2915397.66
5741,1945,237,2,3078466.8
5742,1946,688,2,4947124.04
5743,1946,817,1,4486186.5
5744,1946,906,2,1922748.94
5745,1946,469,3,1467528.65
5746,1947,534,2,56341.87
5747,1947,80,3,2498810.94
5748,1947,474,4,2867843.13
5749,1948,712,5,109440.67
5750,1949,2,4,183646.84
5751,1949,118,1,747400.78
5752,1950,863,2,4941921.22
5753,1950,232,5,2664348.71
5754,1950,7,2,2225257.05
5755,1951,442,2,1835307.22
5756,1951,102,5,2505388.74
5757,1952,70,3,3805718.32
5758,1952,929,5,2973681.1
5759,1953,535,5,4087374.04
5760,1954,741,1,1056324.58
5761,1954,703,3,4032989.02
5762,1954,580,1,3652492.3
5763,1954,445,1,2643297.95
5764,1955,516,4,3943635.23
5765,1956,549,3,4483998.8
5766,1956,341,5,3954585.45
5767,1957,84,5,2920887.12
5768,1957,902,3,2452989.68
5769,1957,583,4,2272325.49
5770,1957,707,4,2819913.37
5771,1957,172,1,4447407.22
5772,1958,570,5,4743913.18
5773,1958,46,1,1736655.18
5774,1958,769,3,1479801.75
5775,1958,940,2,2562808.08
5776,1959,548,5,4301213.0
5777,1959,879,2,1475982.42
5778,1959,69,5,4877116.9
5779,1959,385,5,1509172.07
5780,1960,521,5,1019567.85
5781,1960,492,2,1453772.88
5782,1961,283,3,3810528.56
5783,1961,985,3,4889698.83
5784,1961,888,1,2357977.47
5785,1961,674,1,262682.13
5786,1961,527,2,268418.5
5787,1962,740,4,2238683.37
5788,1962,167,1,4683677.64
5789,1963,182,5,932058.19
5790,1964,630,3,4863070.59
5791,1964,550,2,3764703.78
5792,1965,139,2,1446068.98
5793,1965,61,3,2419894.64
5794,1966,285,3,1571480.87
5795,1967,286,2,2816998.39
5796,1967,749,2,3945762.67
5797,1967,947,5,3444137.54
5798,1967,766,1,1970582.05
5799,1968,432,3,2584809.57
5800,1969,617,2,1465059.5
5801,1969,718,1,3874088.83
5802,1969,690,2,1726730.26
5803,1969,754,1,380260.0
5804,1969,131,1,3054282.13
5805,1970,52,3,2963124.14
5806,1970,960,2,2135716.08
5807,1971,873,2,2919288.28
5808,1971,134,4,4708012.88
5809,1972,368,2,3898053.84
5810,1972,713,1,13410.65
5811,1972,250,3,314178.61
5812,1972,736,2,1662530.45
5813,1973,921,2,832768.71
5814,1974,96,4,4128303.48
5815,1974,344,1,1168398.58
5816,1974,417,3,2320685.41
5817,1974,406,2,2722789.56
5818,1974,3,1,1187616.95
5819,1975,733,5,4605980.7
5820,1975,237,4,3078466.8
5821,1975,468,4,2831335.02
5822,1976,408,5,555753.43
5823,1976,99,5,2793580.87
5824,1976,551,2,1764162.85
5825,1977,787,1,4093842.02
5826,1977,701,1,1780475.13
5827,1978,613,1,4386186.28
5828,1978,426,1,3612749.78
5829,1979,306,4,42995.66
5830,1979,886,5,1864695.32
5831,1979,42,2,2168765.25
5832,1979,597,5,286641.16
5833,1980,123,1,2057783.27
5834,1980,270,2,4025206.58
5835,1981,841,3,2938532.44
5836,1981,69,5,4877116.9
5837,1981,397,4,2197890.22
5838,1981,167,2,4683677.64
5839,1981,582,1,4623892.49
5840,1982,962,1,58264.92
5841,1982,430,4,3243369.89
5842,1983,514,1,1695398.22
5843,1984,416,5,2234434.97
5844,1984,907,3,2673575.19
5845,1984,993,4,383577.56
5846,1985,472,1,2832595.8
5847,1985,393,2,2965212.9
5848,1985,718,4,3874088.83
5849,1985,953,2,3620582.45
5850,1986,585,5,606020.6
5851,1987,371,3,702811.89
5852,1987,62,3,1494195.02
5853,1987,596,3,2485776.37
5854,1987,798,3,1017577.21
5855,1988,672,1,4526339.07
5856,1988,452,4,598129.65
5857,1988,401,2,3170346.84
5858,1989,620,2,4988957.71
5859,1989,735,2,4684072.09
5860,1989,582,4,4623892.49
5861,1990,9,3,1996189.89
5862,1990,663,5,616051.74
5863,1990,386,2,2400258.61
5864,1991,195,2,1103451.72
5865,1991,867,2,4499438.35
5866,1991,395,2,4765493.01
5867,1991,445,1,2643297.95
5868,1992,303,2,55615.89
5869,1993,222,4,3831480.14
5870,1993,682,2,3239919.22
5871,1993,942,3,2493717.93
5872,1994,713,3,13410.65
5873,1994,273,2,1066920.78
5874,1994,104,5,4021789.62
5875,1994,871,5,4535488.7
5876,1994,652,1,461200.23
5877,1995,753,4,1313027.27
5878,1995,972,5,4001496.49
5879,1995,974,5,4908030.16
5880,1995,101,5,3016290.13
5881,1995,953,4,3620582.45
5882,1996,655,2,750135.75
5883,1996,742,3,1758901.0
5884,1997,674,5,262682.13
5885,1998,700,4,2882703.62
5886,1998,270,2,4025206.58
5887,1998,206,5,590037.71
5888,1998,347,2,157832.04
5889,1998,909,2,3786670.21
5890,1999,970,4,1366447.12
5891,1999,998,2,403364.67
5892,1999,911,3,3137167.77
5893,2000,374,5,1387049.74
